customerID,country,state,city,zip_code,region,latitude,longitude
7590-VHVEG,United States,California,San Jose,95113,Bay Area,37.338138,-121.887299
5575-GNVDE,United States,California,Los Angeles,90012,Southern California,34.041443,-118.24755
3668-QPYBK,United States,California,Los Angeles,90012,Southern California,34.053952,-118.256009
7795-CFOCW,United States,California,San Francisco,94110,Bay Area,37.744323,-122.408788
9237-HQITU,United States,California,San Francisco,94102,Bay Area,37.775353,-122.40807
9305-CDSKC,United States,California,Los Angeles,90012,Southern California,34.057908,-118.249792
1452-KIOVK,United States,California,Fresno,93721,Central Valley,36.744069,-119.770581
6713-OKOMC,United States,California,San Francisco,94102,Bay Area,37.774377,-122.43482
7892-POOKP,United States,California,San Diego,92101,Southern California,32.722444,-117.157964
6388-TABGU,United States,California,Los Angeles,90012,Southern California,34.068572,-118.21998
9763-GRSKD,United States,California,San Francisco,94110,Bay Area,37.765129,-122.433247
7469-LKBCI,United States,California,Long Beach,90802,Southern California,33.772677,-118.198853
8091-TTVAX,United States,California,San Francisco,94110,Bay Area,37.767136,-122.399927
0280-XJGEX,United States,California,San Francisco,94110,Bay Area,37.764621,-122.401003
5129-JLPIS,United States,California,Sacramento,95814,Northern California,38.584392,-121.513326
3655-SNQYZ,United States,California,San Diego,92101,Southern California,32.714252,-117.153678
8191-XWSZG,United States,California,Oakland,94612,Bay Area,37.791288,-122.279908
9959-WOFKT,United States,California,Anaheim,92805,Southern California,33.835689,-117.905072
4190-MFLUW,United States,California,San Jose,95113,Bay Area,37.3381,-121.893072
4183-MYFRB,United States,California,Los Angeles,90012,Southern California,34.043606,-118.228589
8779-QRDMV,United States,California,San Diego,92101,Southern California,32.696109,-117.175699
1680-VDCWW,United States,California,San Francisco,94110,Bay Area,37.739781,-122.420039
1066-JKSGK,United States,California,Los Angeles,90001,Southern California,33.955426,-118.235025
3638-WEABW,United States,California,Bakersfield,93301,Central Valley,35.368764,-119.02961
6322-HRPFA,United States,California,Fresno,93721,Central Valley,36.750565,-119.794185
6865-JZNKO,United States,California,Los Angeles,90012,Southern California,34.045984,-118.226284
6467-CHFZW,United States,California,Los Angeles,90001,Southern California,33.957972,-118.26662
8665-UTDHZ,United States,California,San Diego,92101,Southern California,32.70609,-117.180829
5248-YGIJN,United States,California,San Francisco,94102,Bay Area,37.793811,-122.432093
8773-HHUOZ,United States,California,Los Angeles,90001,Southern California,33.961179,-118.234
3841-NFECX,United States,California,Long Beach,90802,Southern California,33.762269,-118.187887
4929-XIHVW,United States,California,Los Angeles,90001,Southern California,33.993063,-118.25884
6827-IEAUQ,United States,California,Los Angeles,90001,Southern California,33.982285,-118.262603
7310-EGVHZ,United States,California,San Jose,95113,Bay Area,37.313868,-121.892702
3413-BMNZE,United States,California,Los Angeles,90001,Southern California,33.992931,-118.267867
6234-RAAPL,United States,California,Los Angeles,90012,Southern California,34.076609,-118.2566
6047-YHPVI,United States,California,Los Angeles,90001,Southern California,33.964506,-118.234473
6572-ADKRS,United States,California,Los Angeles,90012,Southern California,34.066473,-118.221626
5380-WJKOV,United States,California,San Jose,95113,Bay Area,37.342653,-121.902162
8168-UQWWF,United States,California,Los Angeles,90001,Southern California,33.976175,-118.246089
8865-TNMNX,United States,California,Long Beach,90802,Southern California,33.789729,-118.174334
9489-DEDVP,United States,California,Long Beach,90802,Southern California,33.750823,-118.176115
9867-JCZSP,United States,California,Los Angeles,90012,Southern California,34.048008,-118.231796
4671-VJLCL,United States,California,San Jose,95113,Bay Area,37.338924,-121.906278
4080-IIARD,United States,California,San Francisco,94110,Bay Area,37.736061,-122.43068
3714-NTNFO,United States,California,San Francisco,94102,Bay Area,37.787034,-122.438655
5948-UJZLF,United States,California,San Francisco,94110,Bay Area,37.748706,-122.401088
7760-OYPDY,United States,California,San Diego,92101,Southern California,32.726491,-117.141186
7639-LIAYI,United States,California,Los Angeles,90001,Southern California,33.979638,-118.26668
2954-PIBKO,United States,California,San Francisco,94102,Bay Area,37.776888,-122.426698
8012-SOUDQ,United States,California,San Francisco,94102,Bay Area,37.787834,-122.410119
9420-LOJKX,United States,California,Bakersfield,93301,Central Valley,35.358904,-119.019593
6575-SUVOI,United States,California,Los Angeles,90012,Southern California,34.081276,-118.241925
7495-OOKFY,United States,California,Los Angeles,90012,Southern California,34.072096,-118.248399
4667-QONEA,United States,California,Los Angeles,90012,Southern California,34.070591,-118.248433
1658-BYGOY,United States,California,San Jose,95113,Bay Area,37.336351,-121.889014
8769-KKTPH,United States,California,Los Angeles,90001,Southern California,33.981201,-118.238081
5067-XJQFU,United States,California,Bakersfield,93301,Central Valley,35.378053,-119.030229
3957-SQXML,United States,California,Los Angeles,90012,Southern California,34.072218,-118.227872
5954-BDFSG,United States,California,Los Angeles,90001,Southern California,33.971222,-118.255068
0434-CSFON,United States,California,Sacramento,95814,Northern California,38.597503,-121.482884
1215-FIGMP,United States,California,Los Angeles,90012,Southern California,34.071951,-118.228147
0526-SXDJP,United States,California,Los Angeles,90012,Southern California,34.074226,-118.225287
0557-ASKVU,United States,California,San Jose,95113,Bay Area,37.328069,-121.899255
5698-BQJOH,United States,California,Sacramento,95814,Northern California,38.571567,-121.514008
5122-CYFXA,United States,California,Sacramento,95814,Northern California,38.585832,-121.479973
8627-ZYGSZ,United States,California,Los Angeles,90012,Southern California,34.078295,-118.258015
3410-YOQBQ,United States,California,San Francisco,94102,Bay Area,37.768166,-122.420474
3170-NMYVV,United States,California,San Francisco,94110,Bay Area,37.734345,-122.424836
7410-OIEDU,United States,California,Los Angeles,90001,Southern California,33.986087,-118.254867
2273-QCKXA,United States,California,Los Angeles,90012,Southern California,34.047275,-118.240503
0731-EBJQB,United States,California,San Francisco,94102,Bay Area,37.798378,-122.434836
1891-QRQSA,United States,California,San Francisco,94110,Bay Area,37.767248,-122.40044
8028-PNXHQ,United States,California,Los Angeles,90001,Southern California,33.982057,-118.234585
5630-AHZIL,United States,California,Los Angeles,90001,Southern California,33.988523,-118.239178
2673-CXQEU,United States,California,San Francisco,94110,Bay Area,37.747714,-122.404107
6416-JNVRK,United States,California,Anaheim,92805,Southern California,33.852086,-117.931949
5590-ZSKRV,United States,California,Oakland,94612,Bay Area,37.799548,-122.252139
0191-ZHSKZ,United States,California,San Jose,95113,Bay Area,37.325486,-121.876533
3887-PBQAO,United States,California,Sacramento,95814,Northern California,38.565903,-121.486013
5919-TMRGD,United States,California,San Jose,95113,Bay Area,37.334573,-121.881836
8108-UXRQN,United States,California,Los Angeles,90012,Southern California,34.064939,-118.242419
9191-MYQKX,United States,California,Los Angeles,90012,Southern California,34.067543,-118.222151
9919-YLNNG,United States,California,San Jose,95113,Bay Area,37.330816,-121.881385
0318-ZOPWS,United States,California,San Francisco,94102,Bay Area,37.772303,-122.403048
4445-ZJNMU,United States,California,Los Angeles,90012,Southern California,34.042978,-118.228206
4808-YNLEU,United States,California,San Francisco,94110,Bay Area,37.744266,-122.431325
1862-QRWPE,United States,California,San Francisco,94110,Bay Area,37.761315,-122.42934
2796-NNUFI,United States,California,San Francisco,94110,Bay Area,37.752761,-122.419742
3016-KSVCP,United States,California,Los Angeles,90001,Southern California,33.990832,-118.261061
4767-HZZHQ,United States,California,Oakland,94612,Bay Area,37.819239,-122.282084
2424-WVHPL,United States,California,Oakland,94612,Bay Area,37.790654,-122.274118
7233-PAHHL,United States,California,San Jose,95113,Bay Area,37.314965,-121.886814
6067-NGCEU,United States,California,Sacramento,95814,Northern California,38.57479,-121.513202
9848-JQJTX,United States,California,Los Angeles,90012,Southern California,34.079515,-118.221232
8637-XJIVR,United States,California,Los Angeles,90001,Southern California,33.953693,-118.265163
9803-FTJCG,United States,California,Long Beach,90802,Southern California,33.787852,-118.183296
0278-YXOOG,United States,California,Los Angeles,90001,Southern California,33.979738,-118.237378
3212-KXOCR,United States,California,San Francisco,94102,Bay Area,37.77486,-122.427211
4598-XLKNJ,United States,California,San Francisco,94102,Bay Area,37.782103,-122.432384
6380-ARCEH,United States,California,Bakersfield,93301,Central Valley,35.381254,-119.035704
3679-XASPY,United States,California,Fresno,93721,Central Valley,36.718652,-119.790362
7123-WQUHX,United States,California,Long Beach,90802,Southern California,33.783744,-118.17948
5386-THSLQ,United States,California,Los Angeles,90001,Southern California,33.961876,-118.265967
3192-NQECA,United States,California,Sacramento,95814,Northern California,38.582683,-121.489656
6180-YBIQI,United States,California,San Francisco,94102,Bay Area,37.790855,-122.437906
6728-DKUCO,United States,California,Bakersfield,93301,Central Valley,35.384352,-119.033415
9750-BOOHV,United States,California,Fresno,93721,Central Valley,36.732168,-119.787443
8597-CWYHH,United States,California,Sacramento,95814,Northern California,38.588863,-121.478006
2848-YXSMW,United States,California,Bakersfield,93301,Central Valley,35.382526,-119.028989
0486-HECZI,United States,California,Oakland,94612,Bay Area,37.823189,-122.253508
4549-ZDQYY,United States,California,San Francisco,94102,Bay Area,37.763648,-122.403739
5712-AHQNN,United States,California,Fresno,93721,Central Valley,36.729886,-119.772146
4846-WHAFZ,United States,California,Long Beach,90802,Southern California,33.786679,-118.209785
5256-SKJGO,United States,California,Los Angeles,90001,Southern California,33.977487,-118.241876
3071-VBYPO,United States,California,San Jose,95113,Bay Area,37.341472,-121.906404
9560-BBZXK,United States,California,Los Angeles,90001,Southern California,33.964127,-118.239252
5299-RULOA,United States,California,Anaheim,92805,Southern California,33.847352,-117.917674
8402-OOOHJ,United States,California,Oakland,94612,Bay Area,37.805177,-122.274998
9445-ZUEQE,United States,California,Los Angeles,90001,Southern California,33.953858,-118.266772
1091-SOZGA,United States,California,San Jose,95113,Bay Area,37.347782,-121.872859
2928-HLDBA,United States,California,Los Angeles,90012,Southern California,34.047684,-118.24226
0404-SWRVG,United States,California,Oakland,94612,Bay Area,37.793937,-122.271383
6497-TILVL,United States,California,Bakersfield,93301,Central Valley,35.358723,-119.015044
7219-TLZHO,United States,California,San Francisco,94102,Bay Area,37.782916,-122.434234
4622-YNKIJ,United States,California,San Francisco,94102,Bay Area,37.760248,-122.439034
4412-YLTKF,United States,California,Los Angeles,90012,Southern California,34.044129,-118.257059
6734-PSBAW,United States,California,Los Angeles,90001,Southern California,33.978926,-118.260697
3930-ZGWVE,United States,California,Los Angeles,90001,Southern California,33.982577,-118.266184
2639-UGMAZ,United States,California,San Jose,95113,Bay Area,37.335326,-121.909536
2876-GZYZC,United States,California,San Diego,92101,Southern California,32.734481,-117.169351
6207-WIOLX,United States,California,San Diego,92101,Southern California,32.724911,-117.168808
8587-XYZSF,United States,California,Anaheim,92805,Southern California,33.844331,-117.918029
3091-FYHKI,United States,California,Los Angeles,90001,Southern California,33.983908,-118.229104
2372-HWUHI,United States,California,San Francisco,94110,Bay Area,37.755519,-122.401049
7799-LGRDP,United States,California,Los Angeles,90012,Southern California,34.054941,-118.240933
7850-VWJUU,United States,California,Los Angeles,90001,Southern California,33.986114,-118.244209
3774-VBNXY,United States,California,San Francisco,94102,Bay Area,37.762461,-122.42242
6217-KDYWC,United States,California,Long Beach,90802,Southern California,33.778731,-118.192694
0390-DCFDQ,United States,California,Los Angeles,90001,Southern California,33.989715,-118.229995
3146-MSEGF,United States,California,Sacramento,95814,Northern California,38.563927,-121.502725
4080-OGPJL,United States,California,Los Angeles,90001,Southern California,33.965404,-118.261539
1095-WGNGG,United States,California,San Francisco,94102,Bay Area,37.778197,-122.402691
2636-SJDOU,United States,California,Los Angeles,90012,Southern California,34.074652,-118.257577
1131-QQZEB,United States,California,Los Angeles,90012,Southern California,34.071793,-118.235575
5716-EZXZN,United States,California,San Jose,95113,Bay Area,37.348654,-121.887673
6837-BJYDQ,United States,California,San Jose,95113,Bay Area,37.350795,-121.893341
2135-RXIHG,United States,California,San Francisco,94102,Bay Area,37.770208,-122.402613
6440-DKQGE,United States,California,San Diego,92101,Southern California,32.723684,-117.148673
3466-BYAVD,United States,California,Sacramento,95814,Northern California,38.562753,-121.494469
3780-YVMFA,United States,California,Oakland,94612,Bay Area,37.807842,-122.25218
3874-EQOEP,United States,California,Fresno,93721,Central Valley,36.727294,-119.770972
1679-JRFBR,United States,California,Los Angeles,90012,Southern California,34.078584,-118.219013
9073-ZZIAY,United States,California,Los Angeles,90012,Southern California,34.072529,-118.244228
3077-RSNTJ,United States,California,Fresno,93721,Central Valley,36.724596,-119.774914
6551-GNYDG,United States,California,Sacramento,95814,Northern California,38.570732,-121.507591
9167-APMXZ,United States,California,Los Angeles,90001,Southern California,33.991075,-118.263995
2749-CTKAJ,United States,California,San Diego,92101,Southern California,32.719662,-117.158376
6371-NZYEG,United States,California,Sacramento,95814,Northern California,38.585489,-121.491217
7554-NEWDD,United States,California,San Francisco,94110,Bay Area,37.730983,-122.433142
8992-VONJD,United States,California,Los Angeles,90001,Southern California,33.965671,-118.232495
0867-MKZVY,United States,California,San Francisco,94102,Bay Area,37.763579,-122.402494
4482-EWFMI,United States,California,Long Beach,90802,Southern California,33.785145,-118.207851
4648-YPBTM,United States,California,Sacramento,95814,Northern California,38.595562,-121.505337
2907-ILJBN,United States,California,San Francisco,94110,Bay Area,37.766579,-122.408034
6345-FZOQH,United States,California,Bakersfield,93301,Central Valley,35.36009,-119.011949
3376-BMGFE,United States,California,Bakersfield,93301,Central Valley,35.367597,-119.001577
5997-OPVFA,United States,California,San Francisco,94102,Bay Area,37.798456,-122.409884
3445-HXXGF,United States,California,San Diego,92101,Southern California,32.719839,-117.162643
1159-WFSGR,United States,California,Fresno,93721,Central Valley,36.723936,-119.798287
7654-YWJUF,United States,California,San Francisco,94110,Bay Area,37.737607,-122.401834
1875-QIVME,United States,California,San Francisco,94102,Bay Area,37.783023,-122.437393
6727-IOTLZ,United States,California,San Diego,92101,Southern California,32.711526,-117.168151
0691-JVSYA,United States,California,San Francisco,94102,Bay Area,37.78499,-122.43814
5918-VUKWP,United States,California,San Francisco,94102,Bay Area,37.793684,-122.401489
1744-JHKYS,United States,California,Fresno,93721,Central Valley,36.723604,-119.788853
2656-FMOKZ,United States,California,Oakland,94612,Bay Area,37.805137,-122.271306
2070-FNEXE,United States,California,Los Angeles,90001,Southern California,33.955133,-118.23647
5947-SGKCL,United States,California,San Francisco,94110,Bay Area,37.735298,-122.42994
3712-PKXZA,United States,California,Sacramento,95814,Northern California,38.595389,-121.491481
6317-YPKDH,United States,California,San Francisco,94102,Bay Area,37.761714,-122.420282
6582-OIVSP,United States,California,Anaheim,92805,Southern California,33.816666,-117.930323
9367-WXLCH,United States,California,Long Beach,90802,Southern California,33.777323,-118.200696
5524-KHNJP,United States,California,Los Angeles,90001,Southern California,33.975988,-118.247082
1918-ZBFQJ,United States,California,Los Angeles,90001,Southern California,33.972604,-118.244215
1024-GUALD,United States,California,Los Angeles,90012,Southern California,34.06716,-118.249203
4827-USJHP,United States,California,Bakersfield,93301,Central Valley,35.387565,-119.014657
8167-GJLRN,United States,California,Anaheim,92805,Southern California,33.8193,-117.902542
0956-SYCWG,United States,California,San Francisco,94102,Bay Area,37.767611,-122.424297
8017-UVSZU,United States,California,Los Angeles,90001,Southern California,33.985446,-118.240786
7100-FQPRV,United States,California,Los Angeles,90012,Southern California,34.056794,-118.234951
2472-OVKUP,United States,California,Los Angeles,90001,Southern California,33.973845,-118.266072
2984-RGEYA,United States,California,Los Angeles,90001,Southern California,33.962467,-118.236751
9680-NIAUV,United States,California,San Jose,95113,Bay Area,37.34414,-121.885236
2146-EGVDT,United States,California,Bakersfield,93301,Central Valley,35.363072,-119.030632
2604-IJPDU,United States,California,Los Angeles,90001,Southern California,33.969425,-118.256735
9178-JHUVJ,United States,California,Sacramento,95814,Northern California,38.56864,-121.499717
6168-YBYNP,United States,California,Sacramento,95814,Northern California,38.583478,-121.493323
7255-SSFBC,United States,California,Long Beach,90802,Southern California,33.786858,-118.20856
3645-DEYGF,United States,California,San Francisco,94102,Bay Area,37.799019,-122.431019
9323-HGFWY,United States,California,San Francisco,94102,Bay Area,37.760003,-122.417913
8544-GOQSH,United States,California,Los Angeles,90001,Southern California,33.976078,-118.259828
3363-DTIVD,United States,California,Los Angeles,90001,Southern California,33.965624,-118.236765
7018-WBJNK,United States,California,Bakersfield,93301,Central Valley,35.360803,-119.038584
9142-KZXOP,United States,California,Los Angeles,90001,Southern California,33.981242,-118.246418
7674-YTAFD,United States,California,Los Angeles,90001,Southern California,33.983176,-118.236599
6348-SNFUS,United States,California,Sacramento,95814,Northern California,38.587485,-121.493399
1285-OKIPP,United States,California,San Francisco,94110,Bay Area,37.747724,-122.398596
7825-ECJRF,United States,California,San Diego,92101,Southern California,32.726128,-117.180522
1347-KTTTA,United States,California,San Francisco,94102,Bay Area,37.794552,-122.43516
7841-TZDMQ,United States,California,Los Angeles,90001,Southern California,33.956858,-118.250556
4195-NZGTA,United States,California,Los Angeles,90012,Southern California,34.043797,-118.25188
7157-SMCFK,United States,California,Bakersfield,93301,Central Valley,35.378447,-119.020416
4709-LKHYG,United States,California,San Francisco,94102,Bay Area,37.784395,-122.421952
2504-DSHIH,United States,California,Anaheim,92805,Southern California,33.834428,-117.923388
0699-NDKJM,United States,California,Oakland,94612,Bay Area,37.8113,-122.259619
9286-BHDQG,United States,California,Oakland,94612,Bay Area,37.788494,-122.262725
0230-WEQUW,United States,California,San Francisco,94102,Bay Area,37.762196,-122.426382
2040-LDIWQ,United States,California,Long Beach,90802,Southern California,33.760442,-118.204564
6496-JDSSB,United States,California,San Francisco,94110,Bay Area,37.737853,-122.398733
9408-SSNVZ,United States,California,San Francisco,94102,Bay Area,37.790822,-122.411441
4443-EMBNA,United States,California,Los Angeles,90001,Southern California,33.970945,-118.25987
6469-MRVET,United States,California,Los Angeles,90012,Southern California,34.06675,-118.24195
0742-MOABM,United States,California,Los Angeles,90012,Southern California,34.07668,-118.219674
5961-VUSRV,United States,California,Los Angeles,90012,Southern California,34.077112,-118.231901
6778-JFCMK,United States,California,San Diego,92101,Southern California,32.720963,-117.172533
6341-JVQGF,United States,California,San Francisco,94110,Bay Area,37.757701,-122.423879
2232-DMLXU,United States,California,Fresno,93721,Central Valley,36.751373,-119.786511
4811-JBUVU,United States,California,San Francisco,94102,Bay Area,37.768793,-122.424452
0945-TSONX,United States,California,San Francisco,94110,Bay Area,37.764062,-122.407606
2651-ZCBXV,United States,California,Sacramento,95814,Northern California,38.598833,-121.507066
3316-UWXUY,United States,California,San Francisco,94102,Bay Area,37.791611,-122.43155
8937-RDTHP,United States,California,Los Angeles,90001,Southern California,33.98341,-118.240135
7083-MIOPC,United States,California,Los Angeles,90001,Southern California,33.980197,-118.255727
1984-GPTEH,United States,California,San Diego,92101,Southern California,32.717245,-117.167401
1251-KRREG,United States,California,San Francisco,94110,Bay Area,37.763733,-122.428175
0621-JFHOL,United States,California,San Francisco,94110,Bay Area,37.745022,-122.410471
9903-LYSAB,United States,California,San Francisco,94110,Bay Area,37.750879,-122.421342
0094-OIFMO,United States,California,San Francisco,94102,Bay Area,37.781649,-122.438124
9227-UAQFT,United States,California,Los Angeles,90012,Southern California,34.0703,-118.242086
7301-ABVAD,United States,California,Los Angeles,90012,Southern California,34.063761,-118.23285
6614-FHDBO,United States,California,Los Angeles,90012,Southern California,34.053562,-118.237176
7576-ASEJU,United States,California,Los Angeles,90012,Southern California,34.04984,-118.230514
9058-HRZSV,United States,California,Los Angeles,90001,Southern California,33.9649,-118.244409
4522-AKYLR,United States,California,Los Angeles,90001,Southern California,33.96957,-118.230588
0221-WMXNQ,United States,California,San Francisco,94102,Bay Area,37.789355,-122.413482
0303-UNCIP,United States,California,San Jose,95113,Bay Area,37.330328,-121.892964
9947-OTFQU,United States,California,Los Angeles,90012,Southern California,34.048053,-118.236474
0322-YINQP,United States,California,Fresno,93721,Central Valley,36.754954,-119.788922
0959-WHOKV,United States,California,Long Beach,90802,Southern California,33.789823,-118.200678
4075-JFPGR,United States,California,Oakland,94612,Bay Area,37.812885,-122.275789
4629-NRXKX,United States,California,San Francisco,94110,Bay Area,37.740719,-122.429265
9514-JDSKI,United States,California,San Francisco,94110,Bay Area,37.736464,-122.407384
3282-ZISZV,United States,California,Los Angeles,90012,Southern California,34.072486,-118.218628
3675-YDUPJ,United States,California,San Francisco,94102,Bay Area,37.759319,-122.405904
4111-BNXIF,United States,California,San Jose,95113,Bay Area,37.346424,-121.890954
7017-VFHAY,United States,California,Los Angeles,90001,Southern California,33.988228,-118.249275
6655-LHBYW,United States,California,Los Angeles,90012,Southern California,34.077696,-118.23366
4959-JOSRX,United States,California,San Francisco,94110,Bay Area,37.743248,-122.397684
5046-NUHWD,United States,California,Sacramento,95814,Northern California,38.582342,-121.477166
7273-TEFQD,United States,California,San Jose,95113,Bay Area,37.329975,-121.893426
3606-TWKGI,United States,California,San Francisco,94102,Bay Area,37.776253,-122.405486
7529-ZDFXI,United States,California,San Jose,95113,Bay Area,37.340661,-121.903647
7605-BDWDC,United States,California,Bakersfield,93301,Central Valley,35.363842,-119.005608
1950-KSVVJ,United States,California,San Jose,95113,Bay Area,37.349469,-121.887276
0123-CRBRT,United States,California,Los Angeles,90012,Southern California,34.050213,-118.236782
6292-TOSSS,United States,California,Fresno,93721,Central Valley,36.722156,-119.793018
3197-ARFOY,United States,California,Los Angeles,90001,Southern California,33.987034,-118.250522
6323-AYBRX,United States,California,Los Angeles,90012,Southern California,34.060216,-118.238543
7014-ZZXAW,United States,California,San Francisco,94102,Bay Area,37.771217,-122.43863
4385-GZQXV,United States,California,Fresno,93721,Central Valley,36.726392,-119.806512
7633-MVPUY,United States,California,San Jose,95113,Bay Area,37.3207,-121.895547
6366-ZGQGL,United States,California,San Diego,92101,Southern California,32.726124,-117.156345
4716-HHKQH,United States,California,Los Angeles,90001,Southern California,33.957442,-118.237949
5940-AHUHD,United States,California,Bakersfield,93301,Central Valley,35.368394,-119.00675
6432-TWQLB,United States,California,Bakersfield,93301,Central Valley,35.365983,-119.002398
4484-GLZOU,United States,California,Long Beach,90802,Southern California,33.762425,-118.199994
3179-GBRWV,United States,California,San Francisco,94110,Bay Area,37.745474,-122.428119
8645-KWHJO,United States,California,Los Angeles,90012,Southern California,34.07646,-118.221414
4130-MZLCC,United States,California,Los Angeles,90001,Southern California,33.964162,-118.23592
0314-TKOSI,United States,California,San Diego,92101,Southern California,32.72764,-117.158055
8229-MYEJZ,United States,California,Los Angeles,90012,Southern California,34.072829,-118.219719
2080-SRCDE,United States,California,San Diego,92101,Southern California,32.721996,-117.175475
9577-WJVCQ,United States,California,Bakersfield,93301,Central Valley,35.383617,-119.025607
9512-UIBFX,United States,California,Sacramento,95814,Northern California,38.574105,-121.510771
6202-DYYFX,United States,California,Long Beach,90802,Southern California,33.774596,-118.194413
3808-HFKDE,United States,California,San Francisco,94110,Bay Area,37.755305,-122.413826
5583-SXDAG,United States,California,San Francisco,94102,Bay Area,37.769123,-122.423202
3488-PGMQJ,United States,California,Sacramento,95814,Northern California,38.575146,-121.495415
3580-REOAC,United States,California,San Francisco,94102,Bay Area,37.794855,-122.408497
7534-BFESC,United States,California,Oakland,94612,Bay Area,37.78884,-122.253976
3727-OWVYD,United States,California,Los Angeles,90012,Southern California,34.06852,-118.24306
2294-SALNE,United States,California,San Francisco,94102,Bay Area,37.77804,-122.436373
4847-TAJYI,United States,California,Long Beach,90802,Southern California,33.75679,-118.206852
1563-IWQEX,United States,California,San Francisco,94102,Bay Area,37.774393,-122.434166
8203-XJZRC,United States,California,Los Angeles,90012,Southern California,34.061869,-118.242767
6556-DBKZF,United States,California,Bakersfield,93301,Central Valley,35.376295,-119.015242
6851-WEFYX,United States,California,Long Beach,90802,Southern California,33.778737,-118.177302
2985-JUUBZ,United States,California,San Francisco,94102,Bay Area,37.782906,-122.434954
6390-DSAZX,United States,California,Los Angeles,90001,Southern California,33.963502,-118.240743
0895-LMRSF,United States,California,Sacramento,95814,Northern California,38.563583,-121.475935
8098-LLAZX,United States,California,Los Angeles,90012,Southern California,34.062293,-118.23049
8266-VBFQL,United States,California,San Francisco,94102,Bay Area,37.773907,-122.43534
8181-YHCMF,United States,California,Fresno,93721,Central Valley,36.736011,-119.790776
2240-HSJQD,United States,California,San Diego,92101,Southern California,32.732857,-117.173621
1248-DYXUB,United States,California,San Diego,92101,Southern California,32.703622,-117.165697
0265-EDXBD,United States,California,San Jose,95113,Bay Area,37.349821,-121.905013
4115-BNPJY,United States,California,San Francisco,94110,Bay Area,37.74754,-122.429393
3167-SNQPL,United States,California,Fresno,93721,Central Valley,36.735266,-119.775003
4091-TVOCN,United States,California,Los Angeles,90001,Southern California,33.977159,-118.229459
1098-TDVUQ,United States,California,San Francisco,94102,Bay Area,37.776936,-122.435138
7277-OZCGZ,United States,California,San Diego,92101,Southern California,32.733989,-117.179844
1557-EMYVT,United States,California,San Diego,92101,Southern California,32.72092,-117.152443
2799-ARNLO,United States,California,San Francisco,94110,Bay Area,37.749784,-122.421052
7563-BIUPC,United States,California,Los Angeles,90001,Southern California,33.989628,-118.266013
5027-YOCXN,United States,California,Sacramento,95814,Northern California,38.567647,-121.480907
3973-SKMLN,United States,California,Oakland,94612,Bay Area,37.793404,-122.287731
2321-OMBXY,United States,California,Los Angeles,90012,Southern California,34.045579,-118.235586
2840-XANRC,United States,California,San Diego,92101,Southern California,32.699091,-117.171438
6745-JEFZB,United States,California,San Diego,92101,Southern California,32.724893,-117.156521
5020-ZSTTY,United States,California,Los Angeles,90001,Southern California,33.978397,-118.264811
9880-TDQAC,United States,California,San Jose,95113,Bay Area,37.328801,-121.87853
8705-WZCYL,United States,California,San Diego,92101,Southern California,32.717272,-117.15782
7102-JJVTX,United States,California,Los Angeles,90012,Southern California,34.079274,-118.229602
8626-PTQGE,United States,California,San Diego,92101,Southern California,32.735562,-117.170569
4983-CLMLV,United States,California,Los Angeles,90001,Southern California,33.97003,-118.24466
5701-YVSVF,United States,California,Los Angeles,90001,Southern California,33.98206,-118.241704
5804-LEPIM,United States,California,San Francisco,94110,Bay Area,37.743101,-122.414631
5697-GOMBF,United States,California,Los Angeles,90012,Southern California,34.043218,-118.222158
2739-CACDQ,United States,California,San Diego,92101,Southern California,32.697564,-117.170022
9385-EHGDO,United States,California,Los Angeles,90001,Southern California,33.988884,-118.262801
9498-FIMXL,United States,California,Fresno,93721,Central Valley,36.718244,-119.796338
2379-GYFLQ,United States,California,Los Angeles,90001,Southern California,33.956607,-118.245117
0122-OAHPZ,United States,California,Los Angeles,90001,Southern California,33.967377,-118.260442
2868-SNELZ,United States,California,Los Angeles,90001,Southern California,33.973496,-118.249383
4322-RCYMT,United States,California,San Francisco,94102,Bay Area,37.759886,-122.420052
6680-NENYN,United States,California,Los Angeles,90001,Southern California,33.961914,-118.231028
2088-IEBAU,United States,California,Fresno,93721,Central Valley,36.74412,-119.790193
7982-VCELR,United States,California,Bakersfield,93301,Central Valley,35.36655,-119.020221
1343-EHPYB,United States,California,San Francisco,94102,Bay Area,37.786534,-122.402268
6035-BXTTY,United States,California,San Francisco,94110,Bay Area,37.758271,-122.415542
6885-PKOAM,United States,California,Los Angeles,90001,Southern California,33.984517,-118.232321
7520-HQWJU,United States,California,Los Angeles,90012,Southern California,34.052029,-118.224824
9639-BUJXT,United States,California,San Diego,92101,Southern California,32.716466,-117.147136
5924-SNGKP,United States,California,San Francisco,94102,Bay Area,37.769879,-122.438367
0021-IKXGC,United States,California,Los Angeles,90012,Southern California,34.041443,-118.223894
2034-GDRCN,United States,California,Bakersfield,93301,Central Valley,35.36268,-119.007813
8966-SNIZF,United States,California,Los Angeles,90012,Southern California,34.079328,-118.224358
6243-OZGFH,United States,California,San Jose,95113,Bay Area,37.322897,-121.896222
4654-DLAMQ,United States,California,San Francisco,94110,Bay Area,37.749269,-122.398117
0513-RBGPE,United States,California,Oakland,94612,Bay Area,37.823637,-122.269659
5160-UXJED,United States,California,Bakersfield,93301,Central Valley,35.377245,-119.001673
4115-NZRKS,United States,California,Los Angeles,90001,Southern California,33.973763,-118.254131
0219-YTZUE,United States,California,San Francisco,94110,Bay Area,37.763504,-122.430207
0623-IIHUG,United States,California,Sacramento,95814,Northern California,38.567066,-121.504683
4572-DVCGN,United States,California,Los Angeles,90001,Southern California,33.974851,-118.247767
3351-NGXYI,United States,California,San Diego,92101,Southern California,32.717487,-117.151145
8984-EYLLL,United States,California,Los Angeles,90001,Southern California,33.973975,-118.234324
9057-MSWCO,United States,California,San Francisco,94110,Bay Area,37.758746,-122.4072
9833-TGFHX,United States,California,San Diego,92101,Southern California,32.722275,-117.156652
9294-TDIPC,United States,California,Fresno,93721,Central Valley,36.720103,-119.797326
5229-DTFYB,United States,California,San Jose,95113,Bay Area,37.316618,-121.890635
0104-PPXDV,United States,California,Oakland,94612,Bay Area,37.822273,-122.281609
5176-LMJXE,United States,California,San Francisco,94102,Bay Area,37.766487,-122.429067
3583-KRKMD,United States,California,San Francisco,94110,Bay Area,37.749848,-122.432558
1010-DIAUQ,United States,California,San Francisco,94110,Bay Area,37.762389,-122.41733
9069-LGEUL,United States,California,Fresno,93721,Central Valley,36.735601,-119.794618
7302-ZHMHP,United States,California,San Francisco,94110,Bay Area,37.75191,-122.427759
9571-EDEBV,United States,California,San Francisco,94102,Bay Area,37.764808,-122.423323
3520-FJGCV,United States,California,Los Angeles,90012,Southern California,34.060909,-118.254159
6563-VRERX,United States,California,Fresno,93721,Central Valley,36.741332,-119.779519
0259-GBZSH,United States,California,Los Angeles,90012,Southern California,34.044547,-118.219036
6122-EFVKN,United States,California,Anaheim,92805,Southern California,33.82145,-117.934297
2805-EDJPQ,United States,California,San Francisco,94110,Bay Area,37.731408,-122.404918
6862-CQUMB,United States,California,San Francisco,94102,Bay Area,37.784331,-122.431273
7156-MXBJE,United States,California,Los Angeles,90012,Southern California,34.046291,-118.244943
6158-HDPXZ,United States,California,San Diego,92101,Southern California,32.710214,-117.16225
9601-BRXPO,United States,California,Los Angeles,90012,Southern California,34.076242,-118.241052
2863-IMQDR,United States,California,San Jose,95113,Bay Area,37.342833,-121.880671
5686-CMAWK,United States,California,San Francisco,94110,Bay Area,37.757407,-122.427853
5651-CRHKQ,United States,California,San Diego,92101,Southern California,32.708646,-117.147937
6905-NIQIN,United States,California,Los Angeles,90001,Southern California,33.983033,-118.249618
8204-YJCLA,United States,California,San Francisco,94110,Bay Area,37.747821,-122.410096
5167-ZFFMM,United States,California,Bakersfield,93301,Central Valley,35.360408,-119.024935
6583-SZVGP,United States,California,Bakersfield,93301,Central Valley,35.357395,-119.019443
4895-TMWIR,United States,California,Los Angeles,90012,Southern California,34.064616,-118.224251
0533-BNWKF,United States,California,Long Beach,90802,Southern California,33.788643,-118.196438
1708-PBBOA,United States,California,Los Angeles,90001,Southern California,33.987738,-118.257057
8782-LKFPK,United States,California,San Francisco,94102,Bay Area,37.76576,-122.415292
5522-JBWMO,United States,California,San Francisco,94102,Bay Area,37.760906,-122.425465
3597-MVHJT,United States,California,San Francisco,94110,Bay Area,37.763609,-122.411611
9774-NRNAU,United States,California,Los Angeles,90012,Southern California,34.072115,-118.222261
0224-RLWWD,United States,California,Los Angeles,90001,Southern California,33.973586,-118.25134
9967-ATRFS,United States,California,Long Beach,90802,Southern California,33.760455,-118.208242
3951-NJCVI,United States,California,Sacramento,95814,Northern California,38.579147,-121.494917
2977-CEBSX,United States,California,Los Angeles,90001,Southern California,33.972483,-118.264031
0177-PXBAT,United States,California,Los Angeles,90012,Southern California,34.050564,-118.228637
6599-CEBNN,United States,California,Los Angeles,90012,Southern California,34.070908,-118.232714
2519-ERQOJ,United States,California,San Diego,92101,Southern California,32.735018,-117.169437
5876-QMYLD,United States,California,San Francisco,94102,Bay Area,37.793508,-122.40422
2277-AXSDC,United States,California,Los Angeles,90012,Southern California,34.057856,-118.254396
9442-JTWDL,United States,California,San Francisco,94110,Bay Area,37.756556,-122.399113
0979-PHULV,United States,California,Los Angeles,90012,Southern California,34.06313,-118.24705
3067-SVMTC,United States,California,Sacramento,95814,Northern California,38.562393,-121.508529
5495-GPSRW,United States,California,San Diego,92101,Southern California,32.695785,-117.149149
7606-BPHHN,United States,California,Los Angeles,90001,Southern California,33.975749,-118.261348
4742-DRORA,United States,California,Los Angeles,90001,Southern California,33.992627,-118.262736
0111-KLBQG,United States,California,Los Angeles,90012,Southern California,34.06986,-118.238044
4800-VHZKI,United States,California,Los Angeles,90012,Southern California,34.051108,-118.255918
7989-CHGTL,United States,California,Long Beach,90802,Southern California,33.765192,-118.203509
0334-GDDSO,United States,California,Sacramento,95814,Northern California,38.589574,-121.480786
4163-NCJAK,United States,California,Los Angeles,90012,Southern California,34.071861,-118.233619
5233-AOZUF,United States,California,Los Angeles,90012,Southern California,34.070832,-118.225911
5973-EJGDP,United States,California,Los Angeles,90001,Southern California,33.984504,-118.267345
1996-DBMUS,United States,California,Los Angeles,90001,Southern California,33.96495,-118.25676
7916-VCCPB,United States,California,San Francisco,94102,Bay Area,37.781636,-122.419254
4686-GEFRM,United States,California,Fresno,93721,Central Valley,36.722501,-119.784362
5249-QYHEX,United States,California,San Francisco,94110,Bay Area,37.743312,-122.43433
0578-SKVMF,United States,California,Fresno,93721,Central Valley,36.72521,-119.775204
5564-NEMQO,United States,California,Los Angeles,90012,Southern California,34.061656,-118.244531
2233-FAGXV,United States,California,Los Angeles,90001,Southern California,33.968083,-118.263731
5605-IYGFG,United States,California,Los Angeles,90012,Southern California,34.041763,-118.232555
7663-ZTEGJ,United States,California,Fresno,93721,Central Valley,36.742559,-119.772649
3935-TBRZZ,United States,California,San Diego,92101,Southern California,32.728314,-117.161735
8111-BKVDS,United States,California,Los Angeles,90012,Southern California,34.071749,-118.249003
2055-SIFSS,United States,California,San Jose,95113,Bay Area,37.338336,-121.903887
2806-MLNTI,United States,California,Los Angeles,90001,Southern California,33.959211,-118.230093
8734-DKSTZ,United States,California,Los Angeles,90001,Southern California,33.987008,-118.258188
4360-PNRQB,United States,California,San Francisco,94102,Bay Area,37.781731,-122.426729
6152-ONASV,United States,California,Los Angeles,90012,Southern California,34.073327,-118.245118
9063-ZGTUY,United States,California,San Francisco,94110,Bay Area,37.751941,-122.421822
7781-HVGMK,United States,California,San Diego,92101,Southern California,32.711295,-117.156818
2181-UAESM,United States,California,Los Angeles,90012,Southern California,34.078868,-118.236443
2957-LOLHO,United States,California,Oakland,94612,Bay Area,37.823774,-122.251822
6048-NJXHX,United States,California,Los Angeles,90001,Southern California,33.956314,-118.253911
2320-SLKMB,United States,California,Los Angeles,90001,Southern California,33.970927,-118.247711
4980-URKXC,United States,California,Los Angeles,90012,Southern California,34.051352,-118.256184
4376-KFVRS,United States,California,San Diego,92101,Southern California,32.698455,-117.149986
5886-VLQVU,United States,California,Los Angeles,90001,Southern California,33.984487,-118.258926
3577-AMVUX,United States,California,San Francisco,94102,Bay Area,37.795703,-122.424935
0771-WLCLA,United States,California,Sacramento,95814,Northern California,38.568935,-121.486774
5628-RKIFK,United States,California,Los Angeles,90012,Southern California,34.046954,-118.25598
0206-TBWLC,United States,California,San Jose,95113,Bay Area,37.314189,-121.885574
2937-FTHUR,United States,California,Los Angeles,90001,Southern California,33.971017,-118.232279
1910-FMXJM,United States,California,Los Angeles,90012,Southern California,34.063629,-118.225853
7752-XUSCI,United States,California,Sacramento,95814,Northern California,38.578087,-121.513409
4110-PFEUZ,United States,California,San Diego,92101,Southern California,32.714238,-117.146184
0732-OCQOC,United States,California,San Francisco,94102,Bay Area,37.798755,-122.413236
5168-MSWXT,United States,California,Los Angeles,90012,Southern California,34.06682,-118.242429
1090-ESELR,United States,California,San Jose,95113,Bay Area,37.35272,-121.88741
8592-PLTMQ,United States,California,San Francisco,94102,Bay Area,37.793119,-122.41577
5760-WRAHC,United States,California,Los Angeles,90012,Southern California,34.065627,-118.233643
8847-GEOOQ,United States,California,Fresno,93721,Central Valley,36.748313,-119.772803
0256-LTHVJ,United States,California,Los Angeles,90012,Southern California,34.059213,-118.220523
4785-FCIFB,United States,California,San Diego,92101,Southern California,32.715531,-117.15411
8313-NDOIA,United States,California,San Jose,95113,Bay Area,37.322944,-121.906646
5149-CUZUJ,United States,California,San Diego,92101,Southern California,32.733833,-117.161843
0942-KOWSM,United States,California,San Francisco,94110,Bay Area,37.767712,-122.420279
4237-CLSMM,United States,California,San Francisco,94102,Bay Area,37.790659,-122.421205
1452-VOQCH,United States,California,Sacramento,95814,Northern California,38.600457,-121.477977
4719-UMSIY,United States,California,Long Beach,90802,Southern California,33.782741,-118.198872
6614-VBEGU,United States,California,Los Angeles,90012,Southern California,34.045262,-118.253302
0880-TKATG,United States,California,San Diego,92101,Southern California,32.716901,-117.168838
3811-VBYBZ,United States,California,Los Angeles,90001,Southern California,33.973192,-118.249176
1480-BKXGA,United States,California,San Jose,95113,Bay Area,37.34698,-121.907705
2996-XAUVF,United States,California,Los Angeles,90001,Southern California,33.967761,-118.258685
9076-AXYIK,United States,California,San Francisco,94102,Bay Area,37.790803,-122.434231
5968-XQIVE,United States,California,San Francisco,94110,Bay Area,37.737383,-122.404631
8896-RAZCR,United States,California,Los Angeles,90012,Southern California,34.042768,-118.245176
4640-UHDOS,United States,California,Los Angeles,90001,Southern California,33.964272,-118.228477
4933-IKULF,United States,California,Los Angeles,90001,Southern California,33.97578,-118.242629
3583-EKAPL,United States,California,Los Angeles,90012,Southern California,34.051176,-118.227279
1304-BCCFO,United States,California,San Francisco,94102,Bay Area,37.765281,-122.433713
4104-PVRPS,United States,California,San Francisco,94102,Bay Area,37.760038,-122.403192
9399-APLBT,United States,California,Sacramento,95814,Northern California,38.594001,-121.475085
2359-KMGLI,United States,California,Los Angeles,90012,Southern California,34.059251,-118.237861
3780-DDGSE,United States,California,Bakersfield,93301,Central Valley,35.35533,-119.031406
4431-EDMIQ,United States,California,Los Angeles,90001,Southern California,33.965006,-118.229371
0306-JAELE,United States,California,San Francisco,94110,Bay Area,37.73711,-122.420913
6227-HWPWX,United States,California,Los Angeles,90001,Southern California,33.96301,-118.241322
0486-LGCCH,United States,California,Bakersfield,93301,Central Valley,35.376746,-119.002948
0447-BEMNG,United States,California,Los Angeles,90001,Southern California,33.962263,-118.250272
4612-SSVHJ,United States,California,Long Beach,90802,Southern California,33.754199,-118.195274
5168-MQQCA,United States,California,San Diego,92101,Southern California,32.72563,-117.169966
5949-XIKAE,United States,California,Los Angeles,90012,Southern California,34.077502,-118.233654
7971-HLVXI,United States,California,San Francisco,94110,Bay Area,37.732267,-122.414562
9094-AZPHK,United States,California,Los Angeles,90001,Southern California,33.980251,-118.259573
3649-JPUGY,United States,California,Los Angeles,90001,Southern California,33.976011,-118.252144
4472-LVYGI,United States,California,San Jose,95113,Bay Area,37.336376,-121.877872
8372-JUXUI,United States,California,San Francisco,94110,Bay Area,37.767813,-122.435087
3552-CTCYF,United States,California,Los Angeles,90012,Southern California,34.06606,-118.250781
6778-YSNIH,United States,California,Los Angeles,90001,Southern California,33.968171,-118.25609
0388-EOPEX,United States,California,Los Angeles,90001,Southern California,33.97744,-118.26726
5756-OZRIO,United States,California,San Diego,92101,Southern California,32.724729,-117.162018
6579-JPICP,United States,California,Long Beach,90802,Southern California,33.756945,-118.204856
8205-OTCHB,United States,California,San Diego,92101,Southern California,32.727158,-117.142194
4134-BSXLX,United States,California,Anaheim,92805,Southern California,33.855041,-117.92179
0505-SPOOW,United States,California,Fresno,93721,Central Valley,36.727293,-119.793102
6235-VDHOM,United States,California,San Diego,92101,Southern California,32.715344,-117.172509
7783-YKGDV,United States,California,Los Angeles,90012,Southern California,34.078037,-118.224551
4374-YMUSQ,United States,California,Los Angeles,90012,Southern California,34.055957,-118.236874
4513-CXYIX,United States,California,Los Angeles,90001,Southern California,33.985748,-118.242706
3957-HHLMR,United States,California,Anaheim,92805,Southern California,33.845511,-117.92771
7803-XOCCZ,United States,California,Los Angeles,90001,Southern California,33.981949,-118.245661
5736-YEJAX,United States,California,Oakland,94612,Bay Area,37.814473,-122.289472
5609-CEBID,United States,California,San Diego,92101,Southern California,32.711823,-117.145176
8981-FJGLA,United States,California,Fresno,93721,Central Valley,36.738495,-119.804251
7218-HKQFK,United States,California,Los Angeles,90012,Southern California,34.053151,-118.224378
4636-QRJKY,United States,California,Anaheim,92805,Southern California,33.848783,-117.901021
1135-LMECX,United States,California,Los Angeles,90001,Southern California,33.989887,-118.242445
4332-MUOEZ,United States,California,Long Beach,90802,Southern California,33.761608,-118.206563
8535-SFUTN,United States,California,Los Angeles,90012,Southern California,34.079088,-118.239986
5956-VKDTT,United States,California,San Jose,95113,Bay Area,37.348831,-121.876946
8677-HDZEE,United States,California,Long Beach,90802,Southern California,33.772367,-118.193503
2475-MROZF,United States,California,San Francisco,94110,Bay Area,37.749387,-122.434711
9412-GHEEC,United States,California,Sacramento,95814,Northern California,38.597821,-121.476725
3482-ABPKK,United States,California,San Jose,95113,Bay Area,37.322626,-121.898467
6705-LXORM,United States,California,San Francisco,94110,Bay Area,37.734622,-122.408184
0257-ZESQC,United States,California,San Francisco,94110,Bay Area,37.736924,-122.399034
7531-GQHME,United States,California,San Francisco,94102,Bay Area,37.776446,-122.407895
5174-ITUMV,United States,California,Oakland,94612,Bay Area,37.790838,-122.253372
4109-CYRBD,United States,California,Los Angeles,90001,Southern California,33.974912,-118.264005
0913-XWSCN,United States,California,Los Angeles,90001,Southern California,33.989897,-118.263171
6825-UYPFK,United States,California,Los Angeles,90012,Southern California,34.060454,-118.250766
8397-MVTAZ,United States,California,San Francisco,94102,Bay Area,37.763814,-122.415647
0750-EBAIU,United States,California,San Francisco,94102,Bay Area,37.78943,-122.438422
8606-CIQUL,United States,California,San Diego,92101,Southern California,32.714311,-117.177846
3571-DPYUH,United States,California,Sacramento,95814,Northern California,38.570482,-121.484295
7601-GNDYK,United States,California,Los Angeles,90001,Southern California,33.959827,-118.245586
0356-OBMAC,United States,California,Bakersfield,93301,Central Valley,35.35696,-119.005902
8067-NIOYM,United States,California,San Francisco,94110,Bay Area,37.737531,-122.400091
1403-GYAFU,United States,California,Los Angeles,90001,Southern California,33.957337,-118.255883
4234-XTNEA,United States,California,Los Angeles,90001,Southern California,33.983609,-118.24472
1297-VQDRP,United States,California,San Francisco,94102,Bay Area,37.78682,-122.433861
9282-IZGQK,United States,California,Los Angeles,90012,Southern California,34.062821,-118.233167
5348-CAGXB,United States,California,Los Angeles,90012,Southern California,34.073694,-118.236741
0621-HJWXJ,United States,California,San Jose,95113,Bay Area,37.318157,-121.873731
5844-QVTAT,United States,California,Los Angeles,90001,Southern California,33.972114,-118.237526
8905-IAZPF,United States,California,Fresno,93721,Central Valley,36.730281,-119.774276
5394-MEITZ,United States,California,Los Angeles,90001,Southern California,33.97692,-118.243102
6859-QNXIQ,United States,California,Oakland,94612,Bay Area,37.821164,-122.274148
2782-LFZVW,United States,California,Los Angeles,90001,Southern California,33.972019,-118.262386
2866-IKBTM,United States,California,San Francisco,94102,Bay Area,37.797002,-122.422992
1342-JPNKI,United States,California,San Jose,95113,Bay Area,37.327576,-121.902742
2817-NTQDO,United States,California,Bakersfield,93301,Central Valley,35.361164,-119.021842
7129-AZJDE,United States,California,Sacramento,95814,Northern California,38.580233,-121.502896
6986-IJDHX,United States,California,Los Angeles,90001,Southern California,33.965316,-118.265466
2560-PPCHE,United States,California,Long Beach,90802,Southern California,33.769219,-118.186824
4676-MQUEA,United States,California,Los Angeles,90001,Southern California,33.968895,-118.239963
8138-EALND,United States,California,Anaheim,92805,Southern California,33.85421,-117.920974
3580-HYCSP,United States,California,Los Angeles,90012,Southern California,34.054508,-118.243116
1352-HNSAW,United States,California,Los Angeles,90001,Southern California,33.972693,-118.241109
2075-PUEPR,United States,California,San Francisco,94110,Bay Area,37.736643,-122.419162
1982-FEBTD,United States,California,San Diego,92101,Southern California,32.704784,-117.144007
5301-GAUUY,United States,California,Oakland,94612,Bay Area,37.784937,-122.263539
5791-KAJFD,United States,California,Los Angeles,90001,Southern California,33.95836,-118.255587
2654-VBVPB,United States,California,San Jose,95113,Bay Area,37.329995,-121.875365
1154-HYWWO,United States,California,San Diego,92101,Southern California,32.728849,-117.144656
2501-XWWTZ,United States,California,Los Angeles,90012,Southern California,34.059315,-118.247893
3716-UVSPD,United States,California,San Jose,95113,Bay Area,37.319557,-121.902409
6815-ABQFQ,United States,California,Los Angeles,90012,Southern California,34.07696,-118.223897
7343-EOBEU,United States,California,Los Angeles,90012,Southern California,34.05548,-118.242569
3701-SFMUH,United States,California,San Francisco,94110,Bay Area,37.744456,-122.401112
6103-LIANB,United States,California,Los Angeles,90001,Southern California,33.9725,-118.253712
7319-VENRZ,United States,California,San Francisco,94102,Bay Area,37.7634,-122.425155
5846-NEQVZ,United States,California,Los Angeles,90001,Southern California,33.965289,-118.257424
6967-QIQRV,United States,California,Los Angeles,90001,Southern California,33.988817,-118.255831
5781-RFZRP,United States,California,Los Angeles,90001,Southern California,33.967632,-118.252392
0939-YAPAF,United States,California,Bakersfield,93301,Central Valley,35.36652,-119.011019
0308-IVGOK,United States,California,Los Angeles,90001,Southern California,33.991838,-118.239598
7293-LSCDV,United States,California,Los Angeles,90001,Southern California,33.980464,-118.239304
7025-WCBNE,United States,California,San Francisco,94110,Bay Area,37.752659,-122.399268
5756-JYOJT,United States,California,San Jose,95113,Bay Area,37.319438,-121.881154
4710-FDUIZ,United States,California,Los Angeles,90012,Southern California,34.061353,-118.254815
6030-REHUX,United States,California,Bakersfield,93301,Central Valley,35.373794,-119.010028
9548-LIGTA,United States,California,Long Beach,90802,Southern California,33.779006,-118.207189
5150-LJNSR,United States,California,San Diego,92101,Southern California,32.701,-117.162777
8270-RKSAP,United States,California,San Jose,95113,Bay Area,37.332924,-121.881825
6522-YRBXD,United States,California,Los Angeles,90001,Southern California,33.960264,-118.258759
2640-LYMOV,United States,California,Los Angeles,90001,Southern California,33.986975,-118.267712
1218-VKFPE,United States,California,Los Angeles,90001,Southern California,33.990338,-118.231286
3627-FHKBK,United States,California,Los Angeles,90001,Southern California,33.961655,-118.229519
2865-TCHJW,United States,California,Oakland,94612,Bay Area,37.80658,-122.273362
1423-BMPBQ,United States,California,Los Angeles,90001,Southern California,33.976923,-118.233701
2393-DIVAI,United States,California,Los Angeles,90012,Southern California,34.04572,-118.224694
5192-EBGOV,United States,California,San Francisco,94110,Bay Area,37.745741,-122.404331
4568-KNYWR,United States,California,Los Angeles,90012,Southern California,34.057442,-118.232473
8752-IMQOS,United States,California,Los Angeles,90001,Southern California,33.973808,-118.244596
0742-LAFQK,United States,California,Los Angeles,90001,Southern California,33.967075,-118.251816
0795-LAFGP,United States,California,San Jose,95113,Bay Area,37.323818,-121.893216
0619-OLYUR,United States,California,San Francisco,94102,Bay Area,37.76611,-122.425416
5512-IDZEI,United States,California,San Francisco,94102,Bay Area,37.769228,-122.424151
0459-SPZHJ,United States,California,San Francisco,94110,Bay Area,37.739898,-122.409156
0215-BQKGS,United States,California,San Francisco,94102,Bay Area,37.784068,-122.435523
9244-ZVAPM,United States,California,Los Angeles,90001,Southern California,33.993003,-118.234836
0719-SYFRB,United States,California,San Francisco,94110,Bay Area,37.761933,-122.411681
8208-EUMTE,United States,California,Los Angeles,90012,Southern California,34.067365,-118.247586
5172-MIGPM,United States,California,Los Angeles,90001,Southern California,33.973349,-118.246745
1710-RCXUS,United States,California,San Jose,95113,Bay Area,37.343156,-121.894863
0374-FIUCA,United States,California,San Diego,92101,Southern California,32.707123,-117.180907
5839-SUYVZ,United States,California,Los Angeles,90001,Southern California,33.968702,-118.262243
5173-ZXXXL,United States,California,Fresno,93721,Central Valley,36.752434,-119.799011
1096-ADRUX,United States,California,San Francisco,94110,Bay Area,37.745468,-122.407045
2001-MCUUW,United States,California,Bakersfield,93301,Central Valley,35.382693,-119.024518
2731-GJRDG,United States,California,San Diego,92101,Southern California,32.717555,-117.167869
4723-BEGSG,United States,California,San Francisco,94102,Bay Area,37.762555,-122.431385
6516-NKQBO,United States,California,Long Beach,90802,Southern California,33.753348,-118.209003
8672-OAUPW,United States,California,Los Angeles,90012,Southern California,34.069445,-118.250775
8207-DMRVL,United States,California,San Francisco,94102,Bay Area,37.79658,-122.425154
3419-SNJJD,United States,California,San Francisco,94102,Bay Area,37.794475,-122.422663
6543-CPZMK,United States,California,Los Angeles,90001,Southern California,33.959072,-118.243227
4765-OXPPD,United States,California,San Francisco,94110,Bay Area,37.754428,-122.42353
2804-ETQDK,United States,California,Fresno,93721,Central Valley,36.754376,-119.773798
6689-VRRTK,United States,California,Oakland,94612,Bay Area,37.797846,-122.273139
7138-GIRSH,United States,California,Los Angeles,90001,Southern California,33.992731,-118.237929
9396-ZSFLL,United States,California,Los Angeles,90012,Southern California,34.081026,-118.223822
6464-KEXXH,United States,California,San Francisco,94110,Bay Area,37.760982,-122.414652
7134-MJPDY,United States,California,San Francisco,94102,Bay Area,37.773851,-122.40828
5240-CAOYT,United States,California,Los Angeles,90012,Southern California,34.074726,-118.2301
4059-IIEBK,United States,California,Los Angeles,90012,Southern California,34.075881,-118.221713
4881-JVQOD,United States,California,Los Angeles,90001,Southern California,33.989074,-118.25225
0516-UXRMT,United States,California,San Jose,95113,Bay Area,37.324486,-121.885159
4851-BQDNX,United States,California,San Jose,95113,Bay Area,37.341918,-121.885085
5148-HKFIR,United States,California,Los Angeles,90012,Southern California,34.075846,-118.244047
1009-IRMNA,United States,California,Fresno,93721,Central Valley,36.724826,-119.77041
3003-CMDUU,United States,California,Los Angeles,90001,Southern California,33.990911,-118.249636
5016-IBERQ,United States,California,Fresno,93721,Central Valley,36.730471,-119.802075
6797-UCJHZ,United States,California,Los Angeles,90012,Southern California,34.0712,-118.252367
2469-DTSGX,United States,California,Oakland,94612,Bay Area,37.802724,-122.258099
4554-YGZIH,United States,California,San Francisco,94102,Bay Area,37.768988,-122.428938
5099-BAILX,United States,California,Fresno,93721,Central Valley,36.753998,-119.795864
9931-KGHOA,United States,California,Los Angeles,90001,Southern California,33.964651,-118.232576
1775-KWJKQ,United States,California,San Francisco,94102,Bay Area,37.774444,-122.423384
7665-VIGUD,United States,California,Los Angeles,90012,Southern California,34.074356,-118.224583
9411-TPQQV,United States,California,Los Angeles,90001,Southern California,33.971667,-118.255574
7207-RMRDB,United States,California,Los Angeles,90001,Southern California,33.986385,-118.248918
7954-MLBUN,United States,California,Sacramento,95814,Northern California,38.567107,-121.509132
2077-DDHJK,United States,California,Long Beach,90802,Southern California,33.755755,-118.197483
4913-EHYUI,United States,California,Los Angeles,90001,Southern California,33.983082,-118.242823
0195-IESCP,United States,California,Anaheim,92805,Southern California,33.843367,-117.895287
9574-BOSMD,United States,California,Los Angeles,90012,Southern California,34.063468,-118.247425
4580-TMHJU,United States,California,Sacramento,95814,Northern California,38.583349,-121.479641
0970-ETWGE,United States,California,Anaheim,92805,Southern California,33.85413,-117.926597
4908-XAXAY,United States,California,Los Angeles,90001,Southern California,33.97365,-118.233597
8404-VLQFB,United States,California,San Francisco,94102,Bay Area,37.773152,-122.427835
1626-ERCMM,United States,California,Los Angeles,90012,Southern California,34.080657,-118.241086
0887-HJGAR,United States,California,San Francisco,94102,Bay Area,37.782506,-122.428085
2391-IPLOP,United States,California,Los Angeles,90012,Southern California,34.060588,-118.245922
5644-PDMZC,United States,California,Los Angeles,90012,Southern California,34.06954,-118.225643
3509-GWQGF,United States,California,Sacramento,95814,Northern California,38.579708,-121.512521
9576-ANLXO,United States,California,Los Angeles,90001,Southern California,33.97362,-118.263597
2024-BASKD,United States,California,San Jose,95113,Bay Area,37.331212,-121.877085
5845-BZZIB,United States,California,Los Angeles,90012,Southern California,34.042956,-118.244249
1140-UKVZG,United States,California,Los Angeles,90012,Southern California,34.047854,-118.224873
4160-AMJTL,United States,California,Los Angeles,90012,Southern California,34.067852,-118.240704
5183-SNMJQ,United States,California,San Jose,95113,Bay Area,37.349568,-121.884021
8100-PNJMH,United States,California,Los Angeles,90012,Southern California,34.071641,-118.223234
7838-LAZFO,United States,California,Los Angeles,90001,Southern California,33.965323,-118.257423
4464-JCOLN,United States,California,Los Angeles,90012,Southern California,34.044502,-118.237357
2085-JVGAD,United States,California,Oakland,94612,Bay Area,37.791631,-122.253961
5650-VDUDS,United States,California,Anaheim,92805,Southern California,33.836721,-117.932106
8095-WANWK,United States,California,San Francisco,94110,Bay Area,37.764699,-122.422054
3030-ZKIWL,United States,California,Los Angeles,90012,Southern California,34.056243,-118.257923
9565-FLVCG,United States,California,Los Angeles,90012,Southern California,34.079732,-118.227751
8755-OGKNA,United States,California,San Jose,95113,Bay Area,37.318062,-121.893169
2800-VEQXM,United States,California,San Jose,95113,Bay Area,37.345095,-121.87502
7538-GWHML,United States,California,San Jose,95113,Bay Area,37.328452,-121.890413
5533-RJFTJ,United States,California,Los Angeles,90012,Southern California,34.071091,-118.231351
3859-CVCET,United States,California,Anaheim,92805,Southern California,33.821134,-117.931054
0214-JHPFW,United States,California,Los Angeles,90001,Southern California,33.969998,-118.231561
5642-MHDQT,United States,California,San Francisco,94102,Bay Area,37.794315,-122.422403
3088-FVYWK,United States,California,San Francisco,94110,Bay Area,37.756963,-122.426012
3276-HDUEG,United States,California,San Jose,95113,Bay Area,37.314318,-121.907093
9092-GDZKO,United States,California,San Francisco,94102,Bay Area,37.790333,-122.415086
0823-HSCDJ,United States,California,Anaheim,92805,Southern California,33.840983,-117.914249
3729-OWRVL,United States,California,San Francisco,94110,Bay Area,37.770511,-122.429195
2324-AALNO,United States,California,Los Angeles,90012,Southern California,34.080196,-118.219772
0822-GAVAP,United States,California,Sacramento,95814,Northern California,38.584713,-121.489369
5760-IFJOZ,United States,California,Los Angeles,90012,Southern California,34.080108,-118.258393
2826-UWHIS,United States,California,San Jose,95113,Bay Area,37.349865,-121.882703
1448-PWKYE,United States,California,San Francisco,94102,Bay Area,37.770349,-122.422466
7501-IWUNG,United States,California,Los Angeles,90001,Southern California,33.957512,-118.23966
4957-TREIR,United States,California,San Diego,92101,Southern California,32.706065,-117.180389
7251-LJBQN,United States,California,San Francisco,94102,Bay Area,37.787869,-122.40974
8040-MNRTF,United States,California,Los Angeles,90012,Southern California,34.044141,-118.238888
1536-HBSWP,United States,California,San Jose,95113,Bay Area,37.350975,-121.907765
5313-FPXWG,United States,California,Sacramento,95814,Northern California,38.570095,-121.485618
0067-DKWBL,United States,California,Los Angeles,90001,Southern California,33.961533,-118.260352
0946-FKYTX,United States,California,Anaheim,92805,Southern California,33.834739,-117.910343
5076-YVXCM,United States,California,San Francisco,94110,Bay Area,37.733897,-122.408241
8262-COGGB,United States,California,Long Beach,90802,Southern California,33.772739,-118.180079
6663-JOCQO,United States,California,Oakland,94612,Bay Area,37.804391,-122.268704
9620-QJREV,United States,California,Los Angeles,90001,Southern California,33.960534,-118.229417
2276-YDAVZ,United States,California,San Jose,95113,Bay Area,37.330958,-121.904861
2682-KEVRP,United States,California,Fresno,93721,Central Valley,36.743068,-119.797274
2480-JZOSN,United States,California,Fresno,93721,Central Valley,36.720715,-119.768155
0078-XZMHT,United States,California,Los Angeles,90012,Southern California,34.046038,-118.249071
5896-NPFWW,United States,California,Long Beach,90802,Southern California,33.766022,-118.1947
9978-HYCIN,United States,California,Fresno,93721,Central Valley,36.730748,-119.801963
8338-QIUNR,United States,California,Los Angeles,90012,Southern California,34.061884,-118.247702
1525-LNLOJ,United States,California,San Diego,92101,Southern California,32.71783,-117.161813
9450-TRJUU,United States,California,San Jose,95113,Bay Area,37.352462,-121.896272
1766-GKNMI,United States,California,San Francisco,94102,Bay Area,37.761786,-122.410342
6942-LBFDP,United States,California,Los Angeles,90001,Southern California,33.959772,-118.248451
1456-TWCGB,United States,California,Sacramento,95814,Northern California,38.585843,-121.479964
7133-VBDCG,United States,California,Fresno,93721,Central Valley,36.725422,-119.780511
7596-ZYWBB,United States,California,Sacramento,95814,Northern California,38.573097,-121.506544
8329-UTMVM,United States,California,San Francisco,94110,Bay Area,37.767974,-122.418785
3014-WJKSM,United States,California,Long Beach,90802,Southern California,33.783168,-118.183206
3347-YJZZE,United States,California,San Francisco,94102,Bay Area,37.77589,-122.424245
1029-QFBEN,United States,California,San Jose,95113,Bay Area,37.343114,-121.906459
7929-DMBCV,United States,California,San Diego,92101,Southern California,32.724514,-117.161513
9661-JALZV,United States,California,Fresno,93721,Central Valley,36.756909,-119.80063
5433-KYGHE,United States,California,Los Angeles,90001,Southern California,33.979477,-118.253851
4312-KFRXN,United States,California,Los Angeles,90001,Southern California,33.980133,-118.232277
5575-TPIZQ,United States,California,Long Beach,90802,Southern California,33.755429,-118.211655
0114-IGABW,United States,California,Long Beach,90802,Southern California,33.75111,-118.209758
9944-AEXBM,United States,California,Sacramento,95814,Northern California,38.580214,-121.489945
1853-ARAAQ,United States,California,San Diego,92101,Southern California,32.723779,-117.165721
6952-OMNWB,United States,California,San Francisco,94110,Bay Area,37.76432,-122.402431
4697-LUPSU,United States,California,San Francisco,94102,Bay Area,37.783606,-122.431289
8434-VGEQQ,United States,California,Los Angeles,90001,Southern California,33.967749,-118.256646
4952-YSOGZ,United States,California,Sacramento,95814,Northern California,38.57193,-121.502815
1589-AGTLK,United States,California,San Diego,92101,Southern California,32.722651,-117.162614
5244-IRFIH,United States,California,Long Beach,90802,Southern California,33.784439,-118.175701
6549-YMFAW,United States,California,San Francisco,94102,Bay Area,37.784119,-122.41034
4950-HKQTE,United States,California,Los Angeles,90012,Southern California,34.064431,-118.246706
6786-OBWQR,United States,California,San Francisco,94110,Bay Area,37.751756,-122.434025
2684-EIWEO,United States,California,Los Angeles,90012,Southern California,34.076796,-118.238802
2753-JMMCV,United States,California,San Francisco,94102,Bay Area,37.775063,-122.405112
6439-GTPCA,United States,California,San Diego,92101,Southern California,32.712202,-117.143191
6621-YOBKI,United States,California,Los Angeles,90012,Southern California,34.053703,-118.23604
1216-JWVUX,United States,California,Los Angeles,90012,Southern California,34.062209,-118.236443
7564-GHCVB,United States,California,Los Angeles,90001,Southern California,33.961158,-118.252913
1173-NOEYG,United States,California,San Jose,95113,Bay Area,37.353105,-121.89172
7595-EHCDL,United States,California,Sacramento,95814,Northern California,38.58638,-121.493329
6647-ZEDXT,United States,California,Los Angeles,90012,Southern California,34.064791,-118.219718
2521-NPUZR,United States,California,Los Angeles,90012,Southern California,34.076788,-118.236054
1307-TVUFB,United States,California,San Francisco,94110,Bay Area,37.758493,-122.40617
7503-MIOGA,United States,California,Oakland,94612,Bay Area,37.786705,-122.259905
4381-MHQDC,United States,California,San Diego,92101,Southern California,32.702341,-117.143129
6923-JHPMP,United States,California,Long Beach,90802,Southern California,33.757539,-118.198381
5138-WVKYJ,United States,California,Bakersfield,93301,Central Valley,35.36235,-119.021038
4018-PPNDW,United States,California,San Francisco,94110,Bay Area,37.745995,-122.400646
1635-FJFCC,United States,California,Los Angeles,90001,Southern California,33.967505,-118.232294
2499-AJYUA,United States,California,San Francisco,94102,Bay Area,37.798203,-122.418437
6919-ELBGL,United States,California,Los Angeles,90001,Southern California,33.975037,-118.239548
3966-HRMZA,United States,California,San Francisco,94110,Bay Area,37.770777,-122.43105
6425-JWTDV,United States,California,Los Angeles,90001,Southern California,33.976649,-118.256498
8405-IGQFX,United States,California,Anaheim,92805,Southern California,33.83611,-117.930346
8224-IVVPA,United States,California,San Francisco,94102,Bay Area,37.789367,-122.435781
9477-LGWQI,United States,California,San Francisco,94110,Bay Area,37.742669,-122.42194
1410-RSCMR,United States,California,Anaheim,92805,Southern California,33.852965,-117.917727
3115-CZMZD,United States,California,San Diego,92101,Southern California,32.734071,-117.142601
0139-IVFJG,United States,California,Bakersfield,93301,Central Valley,35.391208,-119.00207
6683-VLCTZ,United States,California,San Jose,95113,Bay Area,37.338393,-121.888215
5730-DBDSI,United States,California,Long Beach,90802,Southern California,33.767859,-118.198715
0030-FNXPP,United States,California,San Jose,95113,Bay Area,37.342627,-121.880862
2189-WWOEW,United States,California,Los Angeles,90001,Southern California,33.990997,-118.243051
5684-FJVYR,United States,California,Los Angeles,90001,Southern California,33.984343,-118.251005
4013-GUXND,United States,California,Bakersfield,93301,Central Valley,35.391222,-119.030964
1894-IGFSG,United States,California,San Francisco,94102,Bay Area,37.778386,-122.399728
7379-POKDZ,United States,California,San Francisco,94110,Bay Area,37.734572,-122.403158
1266-NZYUI,United States,California,Oakland,94612,Bay Area,37.789943,-122.260212
7969-FFOWG,United States,California,Los Angeles,90001,Southern California,33.980848,-118.236404
4718-DHSMV,United States,California,San Francisco,94102,Bay Area,37.769055,-122.401392
5175-WLYXL,United States,California,Fresno,93721,Central Valley,36.721055,-119.774364
7817-OMJNA,United States,California,Los Angeles,90001,Southern California,33.963447,-118.24636
8728-SKJLR,United States,California,Fresno,93721,Central Valley,36.752535,-119.774138
3137-NYQQI,United States,California,San Diego,92101,Southern California,32.718048,-117.155553
7706-DZNKK,United States,California,Sacramento,95814,Northern California,38.591514,-121.508293
0236-HFWSV,United States,California,Anaheim,92805,Southern California,33.830511,-117.921747
3900-AQPHZ,United States,California,Los Angeles,90001,Southern California,33.976919,-118.253544
5842-POCOP,United States,California,Anaheim,92805,Southern California,33.834424,-117.902606
2037-XJFUP,United States,California,Los Angeles,90012,Southern California,34.044349,-118.249781
8823-RLPWL,United States,California,Los Angeles,90012,Southern California,34.072813,-118.24425
9505-SQFSW,United States,California,San Francisco,94102,Bay Area,37.787538,-122.423782
7314-OXENN,United States,California,Los Angeles,90001,Southern California,33.987321,-118.228856
3758-CKOQL,United States,California,Los Angeles,90012,Southern California,34.047844,-118.221062
0322-CHQRU,United States,California,San Diego,92101,Southern California,32.723699,-117.154413
5676-CFLYY,United States,California,Long Beach,90802,Southern California,33.761033,-118.200813
7521-AFHAB,United States,California,Fresno,93721,Central Valley,36.737126,-119.780223
0285-INHLN,United States,California,Sacramento,95814,Northern California,38.583072,-121.4935
4678-DVQEO,United States,California,Los Angeles,90001,Southern California,33.974217,-118.232333
5125-CNDSP,United States,California,Los Angeles,90001,Southern California,33.953871,-118.267429
0691-IFBQW,United States,California,Los Angeles,90001,Southern California,33.959448,-118.239295
4992-LTJNE,United States,California,Anaheim,92805,Southern California,33.845949,-117.925321
2202-OUTMO,United States,California,Los Angeles,90012,Southern California,34.072207,-118.255538
0810-BDHAW,United States,California,Bakersfield,93301,Central Valley,35.392478,-119.026353
0229-LFJAF,United States,California,San Jose,95113,Bay Area,37.335008,-121.907942
7131-ZQZNK,United States,California,San Diego,92101,Southern California,32.73285,-117.156996
3442-ZHHCC,United States,California,Long Beach,90802,Southern California,33.787442,-118.174631
5726-CVNYA,United States,California,Los Angeles,90012,Southern California,34.063268,-118.238815
9871-ELEYA,United States,California,Oakland,94612,Bay Area,37.811394,-122.260835
4257-GAESD,United States,California,Fresno,93721,Central Valley,36.729606,-119.80619
5173-WXOQV,United States,California,San Francisco,94110,Bay Area,37.755671,-122.419412
2040-OBMLJ,United States,California,Los Angeles,90012,Southern California,34.046615,-118.244104
6286-ZHAOK,United States,California,Sacramento,95814,Northern California,38.564386,-121.483543
3807-XHCJH,United States,California,Oakland,94612,Bay Area,37.822062,-122.271549
3009-JWMPU,United States,California,San Diego,92101,Southern California,32.716909,-117.171412
5671-RQRLP,United States,California,Los Angeles,90001,Southern California,33.97261,-118.232247
1450-GALXR,United States,California,San Francisco,94102,Bay Area,37.783967,-122.430813
8859-AXJZP,United States,California,San Diego,92101,Southern California,32.728258,-117.16883
3174-AKMAS,United States,California,San Diego,92101,Southern California,32.710671,-117.164169
3138-BKYAV,United States,California,Long Beach,90802,Southern California,33.771777,-118.177246
9926-PJHDQ,United States,California,San Francisco,94102,Bay Area,37.791605,-122.432787
7382-DFJTU,United States,California,San Francisco,94110,Bay Area,37.764294,-122.404203
2798-NYLMZ,United States,California,San Francisco,94102,Bay Area,37.775513,-122.431243
4289-DTDKW,United States,California,Los Angeles,90001,Southern California,33.979284,-118.26315
1820-TQVEV,United States,California,San Diego,92101,Southern California,32.701491,-117.154292
2239-JALAW,United States,California,Los Angeles,90001,Southern California,33.954229,-118.252262
4853-RULSV,United States,California,Los Angeles,90012,Southern California,34.071313,-118.241928
8098-TDCBU,United States,California,San Francisco,94102,Bay Area,37.785778,-122.439246
3551-GAEGL,United States,California,San Jose,95113,Bay Area,37.329228,-121.895263
4785-NKHCX,United States,California,San Francisco,94102,Bay Area,37.784701,-122.438897
3196-NVXLZ,United States,California,San Francisco,94110,Bay Area,37.73915,-122.399542
6275-YDUVO,United States,California,San Diego,92101,Southern California,32.719837,-117.15649
0036-IHMOT,United States,California,Los Angeles,90001,Southern California,33.957853,-118.251913
0115-TFERT,United States,California,Oakland,94612,Bay Area,37.802108,-122.264627
4178-EGMON,United States,California,Los Angeles,90012,Southern California,34.046885,-118.223435
4220-TINQT,United States,California,San Francisco,94110,Bay Area,37.764361,-122.4338
5318-YKDPV,United States,California,Fresno,93721,Central Valley,36.734617,-119.796318
7975-TZMLR,United States,California,Anaheim,92805,Southern California,33.836174,-117.907564
0295-QVKPB,United States,California,San Francisco,94110,Bay Area,37.740481,-122.420259
4335-BSMJS,United States,California,Los Angeles,90001,Southern California,33.953782,-118.26069
2311-QYMUQ,United States,California,Bakersfield,93301,Central Valley,35.368637,-119.024314
3643-AHCFP,United States,California,Los Angeles,90001,Southern California,33.975218,-118.259274
9146-JRIOX,United States,California,San Diego,92101,Southern California,32.719069,-117.179753
3104-OWCGK,United States,California,Anaheim,92805,Southern California,33.829735,-117.905926
5337-IIWKZ,United States,California,San Diego,92101,Southern California,32.724013,-117.160192
9101-BWFSS,United States,California,Sacramento,95814,Northern California,38.574332,-121.509497
9650-VBUOG,United States,California,Los Angeles,90001,Southern California,33.979032,-118.258593
3487-EARAT,United States,California,San Jose,95113,Bay Area,37.331009,-121.877751
2672-TGEFF,United States,California,Los Angeles,90001,Southern California,33.967593,-118.241618
9231-ZJYAM,United States,California,Fresno,93721,Central Valley,36.735259,-119.785761
4250-WAROZ,United States,California,Los Angeles,90001,Southern California,33.974335,-118.23387
8184-WMOFI,United States,California,San Francisco,94110,Bay Area,37.750931,-122.411069
6982-SSHFK,United States,California,Bakersfield,93301,Central Valley,35.368659,-119.015453
6092-QZVPP,United States,California,Los Angeles,90001,Southern California,33.966255,-118.238731
4625-LAMOB,United States,California,Oakland,94612,Bay Area,37.790444,-122.273683
0727-BMPLR,United States,California,Los Angeles,90012,Southern California,34.045002,-118.225087
0392-BZIUW,United States,California,San Francisco,94102,Bay Area,37.7985,-122.423566
1038-ZAGBI,United States,California,San Diego,92101,Southern California,32.727246,-117.17289
6549-NNDYT,United States,California,Los Angeles,90012,Southern California,34.057118,-118.232636
3027-ZTDHO,United States,California,San Diego,92101,Southern California,32.730388,-117.152685
0422-OHQHQ,United States,California,Los Angeles,90001,Southern California,33.986201,-118.259536
6916-HIJSE,United States,California,San Francisco,94110,Bay Area,37.74574,-122.416099
2316-ESMLS,United States,California,San Francisco,94102,Bay Area,37.774352,-122.433436
9778-OGKQZ,United States,California,Bakersfield,93301,Central Valley,35.362564,-119.006144
7408-OFWXJ,United States,California,Los Angeles,90012,Southern California,34.056595,-118.241622
6007-TCTST,United States,California,Sacramento,95814,Northern California,38.584057,-121.488603
2252-NKNSI,United States,California,San Francisco,94102,Bay Area,37.793138,-122.41243
8713-IGZSO,United States,California,San Francisco,94110,Bay Area,37.767095,-122.422519
7905-TVXTA,United States,California,Los Angeles,90012,Southern California,34.0705,-118.227332
7695-PKLCZ,United States,California,Los Angeles,90001,Southern California,33.971801,-118.240201
2382-BCKQJ,United States,California,San Francisco,94110,Bay Area,37.765089,-122.430653
8374-UULRV,United States,California,Los Angeles,90012,Southern California,34.074385,-118.237212
2207-NHRJK,United States,California,Fresno,93721,Central Valley,36.727002,-119.788577
3224-DFQNQ,United States,California,San Diego,92101,Southern California,32.726521,-117.155541
5275-PMFUT,United States,California,Los Angeles,90012,Southern California,34.044619,-118.25096
4795-UXVCJ,United States,California,Bakersfield,93301,Central Valley,35.367985,-119.020368
9777-IQHWP,United States,California,San Francisco,94102,Bay Area,37.775646,-122.407849
0947-MUGVO,United States,California,Los Angeles,90012,Southern California,34.068996,-118.243461
9944-HKVVB,United States,California,Los Angeles,90001,Southern California,33.98631,-118.240667
4124-MMETB,United States,California,San Francisco,94102,Bay Area,37.774508,-122.411077
3671-SHRSP,United States,California,Sacramento,95814,Northern California,38.574294,-121.477415
0979-MOZQI,United States,California,Los Angeles,90001,Southern California,33.968858,-118.251779
2732-ISEZX,United States,California,San Francisco,94102,Bay Area,37.769403,-122.400783
3313-QKNKB,United States,California,San Diego,92101,Southern California,32.732392,-117.154932
0323-XWWTN,United States,California,San Diego,92101,Southern California,32.70212,-117.168542
1937-OTUKY,United States,California,Los Angeles,90012,Southern California,34.070781,-118.254828
1573-LGXBA,United States,California,Los Angeles,90012,Southern California,34.049518,-118.221421
1764-VUUMT,United States,California,Oakland,94612,Bay Area,37.817829,-122.269753
5073-WXOYN,United States,California,San Francisco,94110,Bay Area,37.745854,-122.402027
4713-ZBURT,United States,California,Long Beach,90802,Southern California,33.757091,-118.185396
3050-GBUSH,United States,California,San Jose,95113,Bay Area,37.318258,-121.875441
0207-MDKNV,United States,California,San Diego,92101,Southern California,32.718619,-117.180674
7876-AEHIG,United States,California,Los Angeles,90012,Southern California,34.069385,-118.231341
7945-HLKEA,United States,California,Sacramento,95814,Northern California,38.585832,-121.485082
9342-VNIMQ,United States,California,Los Angeles,90012,Southern California,34.064273,-118.222271
9851-KIELU,United States,California,Long Beach,90802,Southern California,33.78379,-118.183323
3523-BRGUW,United States,California,San Diego,92101,Southern California,32.721081,-117.159445
3908-BLSYF,United States,California,Los Angeles,90012,Southern California,34.071581,-118.229709
3199-NPKCN,United States,California,San Francisco,94102,Bay Area,37.773762,-122.438759
5170-PTRKA,United States,California,San Francisco,94110,Bay Area,37.746905,-122.427806
4661-NJEUX,United States,California,Long Beach,90802,Southern California,33.77444,-118.191401
2123-AGEEN,United States,California,San Francisco,94102,Bay Area,37.798471,-122.426093
1258-YMZNM,United States,California,Fresno,93721,Central Valley,36.734761,-119.789045
0048-LUMLS,United States,California,Sacramento,95814,Northern California,38.590749,-121.476521
7549-MYGPK,United States,California,Bakersfield,93301,Central Valley,35.382443,-119.007108
5898-IGSLP,United States,California,San Jose,95113,Bay Area,37.326262,-121.89437
3804-RVTGV,United States,California,Los Angeles,90012,Southern California,34.057316,-118.238432
6259-WJQLC,United States,California,Los Angeles,90001,Southern California,33.956296,-118.232962
9227-LUNBG,United States,California,Los Angeles,90001,Southern California,33.97286,-118.254778
7997-EASSD,United States,California,San Jose,95113,Bay Area,37.350006,-121.882163
0730-KOAVE,United States,California,Bakersfield,93301,Central Valley,35.385689,-119.003534
8975-SKGRX,United States,California,Los Angeles,90001,Southern California,33.986189,-118.255482
0678-RLHVP,United States,California,Los Angeles,90012,Southern California,34.062601,-118.228312
4315-MURBD,United States,California,Fresno,93721,Central Valley,36.751961,-119.8004
2267-FPIMA,United States,California,Los Angeles,90012,Southern California,34.042967,-118.256788
1051-GEJLJ,United States,California,San Francisco,94102,Bay Area,37.795077,-122.400343
9734-YWGEX,United States,California,Los Angeles,90001,Southern California,33.986835,-118.227977
2719-BDAQO,United States,California,San Francisco,94110,Bay Area,37.754624,-122.414663
5285-MVEHD,United States,California,San Jose,95113,Bay Area,37.349124,-121.906178
0379-DJQHR,United States,California,Los Angeles,90012,Southern California,34.041989,-118.239166
0781-LKXBR,United States,California,Los Angeles,90012,Southern California,34.072161,-118.2429
5543-QDCRY,United States,California,Sacramento,95814,Northern California,38.568494,-121.512502
0297-RBCSG,United States,California,San Francisco,94102,Bay Area,37.760135,-122.417078
4694-PHWFW,United States,California,San Diego,92101,Southern California,32.710416,-117.142922
0835-JKADZ,United States,California,Oakland,94612,Bay Area,37.789498,-122.253003
1907-UBQFC,United States,California,San Jose,95113,Bay Area,37.340372,-121.908942
7508-SMHXL,United States,California,Long Beach,90802,Southern California,33.774519,-118.184611
3865-YIOTT,United States,California,San Jose,95113,Bay Area,37.350399,-121.898239
5993-BQHEA,United States,California,San Francisco,94102,Bay Area,37.788381,-122.417004
6024-RUGGH,United States,California,San Francisco,94102,Bay Area,37.767343,-122.412812
6513-EECDB,United States,California,Sacramento,95814,Northern California,38.58877,-121.503088
3956-CJUST,United States,California,San Jose,95113,Bay Area,37.350992,-121.896242
4079-WWQQQ,United States,California,Los Angeles,90012,Southern California,34.065798,-118.243974
6103-BOCOU,United States,California,San Diego,92101,Southern California,32.716732,-117.166926
5149-TGWDZ,United States,California,Los Angeles,90012,Southern California,34.067123,-118.248777
7471-WNSUF,United States,California,San Francisco,94102,Bay Area,37.790162,-122.43667
8942-DBMHZ,United States,California,Los Angeles,90001,Southern California,33.973839,-118.233098
4301-VVZKA,United States,California,San Francisco,94102,Bay Area,37.765116,-122.423414
9199-PWQVC,United States,California,San Francisco,94102,Bay Area,37.777133,-122.421464
4824-GUCBY,United States,California,Los Angeles,90012,Southern California,34.048458,-118.241142
5393-HJZSM,United States,California,San Francisco,94102,Bay Area,37.768177,-122.41787
7074-IEVOJ,United States,California,San Jose,95113,Bay Area,37.347107,-121.889167
9625-QSTYE,United States,California,Los Angeles,90001,Southern California,33.987332,-118.24484
0862-PRCBS,United States,California,Bakersfield,93301,Central Valley,35.354753,-119.015609
8812-ZRHFP,United States,California,Los Angeles,90012,Southern California,34.047832,-118.250645
5146-CBVOE,United States,California,Fresno,93721,Central Valley,36.729687,-119.779752
0454-OKRCT,United States,California,Los Angeles,90001,Southern California,33.956424,-118.242877
5787-KXGIY,United States,California,Los Angeles,90001,Southern California,33.956895,-118.267432
4750-ZRXIU,United States,California,Bakersfield,93301,Central Valley,35.383031,-119.017574
4198-VFOEA,United States,California,Los Angeles,90001,Southern California,33.95347,-118.267343
6630-UJZMY,United States,California,Oakland,94612,Bay Area,37.823794,-122.261698
5709-LVOEQ,United States,California,San Francisco,94102,Bay Area,37.777126,-122.415866
6400-BWQKW,United States,California,Los Angeles,90012,Southern California,34.043439,-118.223309
2692-AQCPF,United States,California,San Jose,95113,Bay Area,37.337779,-121.893329
0347-UBKUZ,United States,California,San Diego,92101,Southern California,32.717677,-117.161401
0835-DUUIQ,United States,California,Los Angeles,90012,Southern California,34.074499,-118.247316
0811-GSDTP,United States,California,Los Angeles,90001,Southern California,33.957567,-118.235507
7567-ECMCM,United States,California,Los Angeles,90012,Southern California,34.065566,-118.225634
6115-ZTBFQ,United States,California,Los Angeles,90001,Southern California,33.973426,-118.240615
6353-BRMMA,United States,California,Los Angeles,90001,Southern California,33.980759,-118.25199
6680-WKXRZ,United States,California,Los Angeles,90012,Southern California,34.045532,-118.256533
6231-WFGFH,United States,California,San Francisco,94110,Bay Area,37.755292,-122.407687
9904-EHEVJ,United States,California,Los Angeles,90001,Southern California,33.976301,-118.252377
7028-DVOIQ,United States,California,San Jose,95113,Bay Area,37.326981,-121.872322
6169-PPETC,United States,California,San Francisco,94102,Bay Area,37.797062,-122.418614
4208-UFFGW,United States,California,Los Angeles,90001,Southern California,33.988031,-118.263153
8584-KMVXD,United States,California,Los Angeles,90001,Southern California,33.97029,-118.255092
8467-WYNSR,United States,California,San Francisco,94110,Bay Area,37.750296,-122.409178
0851-DFJKB,United States,California,Los Angeles,90001,Southern California,33.979741,-118.254124
5382-SOYZL,United States,California,San Francisco,94110,Bay Area,37.759799,-122.402377
9448-REEVD,United States,California,Los Angeles,90001,Southern California,33.983088,-118.255489
3261-CQXOL,United States,California,Long Beach,90802,Southern California,33.758577,-118.188523
8388-FYNPZ,United States,California,Anaheim,92805,Southern California,33.83551,-117.904171
4002-BQWPQ,United States,California,San Diego,92101,Southern California,32.700318,-117.143936
5651-YLPRD,United States,California,Los Angeles,90001,Southern California,33.956293,-118.262693
2826-DXLQO,United States,California,San Francisco,94102,Bay Area,37.793697,-122.437545
4378-BZYFP,United States,California,San Francisco,94110,Bay Area,37.757342,-122.406728
9489-UTFKA,United States,California,Bakersfield,93301,Central Valley,35.387176,-119.009626
4849-PYRLQ,United States,California,Los Angeles,90001,Southern California,33.964321,-118.263293
9117-SHLZX,United States,California,Oakland,94612,Bay Area,37.809248,-122.274646
9889-TMAHG,United States,California,Fresno,93721,Central Valley,36.75209,-119.786812
4541-RMRLG,United States,California,Fresno,93721,Central Valley,36.738282,-119.778631
7764-BDPEE,United States,California,San Francisco,94102,Bay Area,37.785009,-122.404605
3429-IFLEM,United States,California,Los Angeles,90001,Southern California,33.991936,-118.237957
3158-MOERK,United States,California,Los Angeles,90012,Southern California,34.067006,-118.242493
7294-TMAOP,United States,California,Los Angeles,90012,Southern California,34.041465,-118.257543
5002-GCQFH,United States,California,Los Angeles,90001,Southern California,33.989859,-118.257486
0556-FJEGU,United States,California,Bakersfield,93301,Central Valley,35.362272,-119.007369
8919-FYFQZ,United States,California,San Francisco,94110,Bay Area,37.758242,-122.395874
0604-THJFP,United States,California,Anaheim,92805,Southern California,33.850135,-117.933858
2834-JRTUA,United States,California,Fresno,93721,Central Valley,36.721528,-119.784544
5875-YPQFJ,United States,California,Los Angeles,90012,Southern California,34.042615,-118.251888
5879-SESNB,United States,California,San Francisco,94110,Bay Area,37.761803,-122.40324
6646-QVXLR,United States,California,Los Angeles,90001,Southern California,33.992283,-118.228802
6461-PPAXN,United States,California,Los Angeles,90001,Southern California,33.961615,-118.233346
3318-ISQFQ,United States,California,Long Beach,90802,Southern California,33.783658,-118.199457
1106-HRLKZ,United States,California,San Francisco,94110,Bay Area,37.753939,-122.408826
2483-XSSMZ,United States,California,Los Angeles,90012,Southern California,34.054374,-118.230025
8603-IJWDN,United States,California,Los Angeles,90001,Southern California,33.9753,-118.262165
8165-ZJRNM,United States,California,Los Angeles,90001,Southern California,33.991563,-118.266989
9369-XFEHK,United States,California,Los Angeles,90001,Southern California,33.971613,-118.248073
2604-XVDAM,United States,California,Los Angeles,90001,Southern California,33.98419,-118.265786
3717-OFRTN,United States,California,San Diego,92101,Southern California,32.712999,-117.143346
9046-JBFWA,United States,California,San Diego,92101,Southern California,32.728973,-117.177322
3280-NMUVX,United States,California,Los Angeles,90012,Southern California,34.066863,-118.245891
1206-EHBDD,United States,California,Los Angeles,90001,Southern California,33.981534,-118.248213
8361-LBRDI,United States,California,San Jose,95113,Bay Area,37.330972,-121.889969
4883-KCPZJ,United States,California,Los Angeles,90012,Southern California,34.053059,-118.23551
9108-EQPNQ,United States,California,San Francisco,94102,Bay Area,37.789259,-122.426223
7277-KAMWT,United States,California,Sacramento,95814,Northern California,38.582383,-121.501345
3842-IYKUE,United States,California,San Diego,92101,Southern California,32.696437,-117.160787
6641-XRPSU,United States,California,San Francisco,94102,Bay Area,37.785029,-122.412953
1374-DMZUI,United States,California,Long Beach,90802,Southern California,33.774634,-118.212173
2545-LXYVJ,United States,California,Los Angeles,90012,Southern California,34.073341,-118.238989
3234-VKACU,United States,California,San Diego,92101,Southern California,32.715377,-117.156782
8357-EQXFO,United States,California,Los Angeles,90012,Southern California,34.054144,-118.245169
1989-PRJHP,United States,California,San Jose,95113,Bay Area,37.322825,-121.910509
8120-JDCAM,United States,California,Los Angeles,90012,Southern California,34.071779,-118.253089
8917-FAEMR,United States,California,Bakersfield,93301,Central Valley,35.355342,-119.026844
7047-YXDMZ,United States,California,San Francisco,94102,Bay Area,37.794006,-122.427152
2858-EIMXH,United States,California,Long Beach,90802,Southern California,33.754861,-118.204034
9524-EGPJC,United States,California,San Jose,95113,Bay Area,37.342132,-121.888639
6993-OHLXR,United States,California,Los Angeles,90012,Southern California,34.056675,-118.235276
8818-XYFCQ,United States,California,San Francisco,94102,Bay Area,37.795386,-122.405455
6419-ZTTLE,United States,California,San Diego,92101,Southern California,32.696389,-117.165916
0929-HYQEW,United States,California,Los Angeles,90001,Southern California,33.975252,-118.253218
6614-YOLAC,United States,California,Los Angeles,90001,Southern California,33.988509,-118.23375
7426-RHZGU,United States,California,Los Angeles,90001,Southern California,33.977826,-118.23806
4065-JJAVA,United States,California,San Francisco,94102,Bay Area,37.798552,-122.407532
4695-VADHF,United States,California,Los Angeles,90001,Southern California,33.989018,-118.264897
3863-IUBJR,United States,California,Los Angeles,90012,Southern California,34.057978,-118.252762
7649-SIJJF,United States,California,Fresno,93721,Central Valley,36.753554,-119.793066
9361-YNQWJ,United States,California,San Diego,92101,Southern California,32.72107,-117.146966
3748-FVMZZ,United States,California,Los Angeles,90012,Southern California,34.046233,-118.231177
9391-TTOYH,United States,California,San Diego,92101,Southern California,32.709302,-117.143816
1452-XRSJV,United States,California,Los Angeles,90001,Southern California,33.983678,-118.244931
3422-WJOYD,United States,California,San Jose,95113,Bay Area,37.350557,-121.892589
8242-SOQUO,United States,California,San Diego,92101,Southern California,32.728934,-117.14513
7460-ITWWP,United States,California,San Francisco,94110,Bay Area,37.733836,-122.424896
7147-AYBAA,United States,California,Los Angeles,90001,Southern California,33.982134,-118.239188
7868-TMWMZ,United States,California,San Francisco,94110,Bay Area,37.75433,-122.435111
4822-RVYBB,United States,California,Fresno,93721,Central Valley,36.74308,-119.788628
6732-FZUGP,United States,California,San Jose,95113,Bay Area,37.32992,-121.880567
8436-BJUMM,United States,California,Oakland,94612,Bay Area,37.800712,-122.284546
4184-TJFAN,United States,California,Los Angeles,90012,Southern California,34.053498,-118.255719
8329-GWVPJ,United States,California,San Francisco,94110,Bay Area,37.743059,-122.397044
1352-VHKAJ,United States,California,San Jose,95113,Bay Area,37.317657,-121.885969
4145-UQXUQ,United States,California,Los Angeles,90012,Southern California,34.050084,-118.22409
2632-TACXW,United States,California,Los Angeles,90012,Southern California,34.075535,-118.25767
8146-QQKZH,United States,California,San Francisco,94102,Bay Area,37.784372,-122.430044
1767-CJKBA,United States,California,Los Angeles,90001,Southern California,33.967696,-118.233304
6445-TNRXS,United States,California,Los Angeles,90001,Southern California,33.958547,-118.255357
4581-LNWUM,United States,California,San Jose,95113,Bay Area,37.317783,-121.903642
4869-EPIUS,United States,California,San Francisco,94110,Bay Area,37.733009,-122.418353
9948-YPTDG,United States,California,Los Angeles,90001,Southern California,33.953782,-118.242864
1236-WFCDV,United States,California,Oakland,94612,Bay Area,37.808767,-122.278512
1915-OAKWD,United States,California,Los Angeles,90001,Southern California,33.979725,-118.232254
7296-PIXQY,United States,California,Los Angeles,90012,Southern California,34.078264,-118.249794
4883-QICIH,United States,California,Los Angeles,90001,Southern California,33.967123,-118.259928
3354-OADJP,United States,California,Fresno,93721,Central Valley,36.755011,-119.785239
3524-WQDSG,United States,California,Los Angeles,90012,Southern California,34.059747,-118.224767
0810-DHDBD,United States,California,Sacramento,95814,Northern California,38.564317,-121.513939
4026-SKKHW,United States,California,Long Beach,90802,Southern California,33.772768,-118.189122
2829-HYVZP,United States,California,Los Angeles,90001,Southern California,33.98902,-118.256372
8329-IBCTI,United States,California,San Jose,95113,Bay Area,37.348697,-121.882259
1271-SJBGZ,United States,California,San Francisco,94102,Bay Area,37.764873,-122.422693
3845-JHAMY,United States,California,Los Angeles,90012,Southern California,34.048009,-118.237876
7013-PSXHK,United States,California,San Francisco,94110,Bay Area,37.733467,-122.422675
5669-SRAIP,United States,California,Los Angeles,90012,Southern California,34.079072,-118.257175
5981-ITEMU,United States,California,Los Angeles,90001,Southern California,33.953417,-118.243167
3486-NPGST,United States,California,Sacramento,95814,Northern California,38.575887,-121.513917
6941-PMGEP,United States,California,San Diego,92101,Southern California,32.70816,-117.17608
1624-WOIWJ,United States,California,Long Beach,90802,Southern California,33.789064,-118.195183
2074-GKOWZ,United States,California,San Francisco,94110,Bay Area,37.765637,-122.399909
0376-YMCJC,United States,California,San Francisco,94102,Bay Area,37.759752,-122.437586
6100-FJZDG,United States,California,San Diego,92101,Southern California,32.695774,-117.175865
4829-ZLJTK,United States,California,Long Beach,90802,Southern California,33.768706,-118.176783
1730-VFMWO,United States,California,San Diego,92101,Southern California,32.73492,-117.142499
7143-BQIBA,United States,California,Los Angeles,90012,Southern California,34.070499,-118.238279
3800-LYTRK,United States,California,San Diego,92101,Southern California,32.725226,-117.165612
0634-SZPQA,United States,California,Los Angeles,90012,Southern California,34.056004,-118.226748
9646-NMHXE,United States,California,Sacramento,95814,Northern California,38.601194,-121.50095
7030-NJVDP,United States,California,Oakland,94612,Bay Area,37.823875,-122.284951
5536-RTPWK,United States,California,San Diego,92101,Southern California,32.72727,-117.149463
8883-GRDWQ,United States,California,Los Angeles,90012,Southern California,34.046379,-118.245323
6166-ILMNY,United States,California,Fresno,93721,Central Valley,36.72837,-119.778067
3097-NNSPB,United States,California,Los Angeles,90001,Southern California,33.971921,-118.249709
7771-ZONAT,United States,California,Fresno,93721,Central Valley,36.727783,-119.778647
0655-RBDUG,United States,California,San Jose,95113,Bay Area,37.335901,-121.882772
2111-DWYHN,United States,California,Los Angeles,90012,Southern California,34.047519,-118.224896
4194-WHFCB,United States,California,Oakland,94612,Bay Area,37.820892,-122.266299
4121-AGSIN,United States,California,Anaheim,92805,Southern California,33.845812,-117.924304
4361-BKAXE,United States,California,Oakland,94612,Bay Area,37.784687,-122.277015
9845-PEEKO,United States,California,Long Beach,90802,Southern California,33.759123,-118.213106
0455-XFASS,United States,California,Anaheim,92805,Southern California,33.823933,-117.931896
0301-KOBTQ,United States,California,San Francisco,94102,Bay Area,37.76386,-122.414811
1751-NCDLI,United States,California,San Francisco,94102,Bay Area,37.777181,-122.416808
4367-NUYAO,United States,California,San Francisco,94102,Bay Area,37.762803,-122.422446
9878-TNQGW,United States,California,San Jose,95113,Bay Area,37.32533,-121.872646
9170-ARBTB,United States,California,Los Angeles,90012,Southern California,34.043543,-118.222307
4441-NIHPT,United States,California,San Jose,95113,Bay Area,37.336141,-121.892988
8999-BOHSE,United States,California,Los Angeles,90001,Southern California,33.984578,-118.235967
7241-AJHFS,United States,California,San Diego,92101,Southern California,32.698985,-117.165396
7029-RPUAV,United States,California,San Francisco,94102,Bay Area,37.759458,-122.407324
4546-FOKWR,United States,California,San Francisco,94102,Bay Area,37.791867,-122.399955
9036-CSKBW,United States,California,Sacramento,95814,Northern California,38.591332,-121.512437
5832-TRLPB,United States,California,Los Angeles,90012,Southern California,34.07941,-118.231931
8590-YFFQO,United States,California,Los Angeles,90012,Southern California,34.052009,-118.244675
8659-IOOPU,United States,California,Long Beach,90802,Southern California,33.758506,-118.198936
1338-CECEE,United States,California,Long Beach,90802,Southern California,33.773725,-118.189884
7439-DKZTW,United States,California,Fresno,93721,Central Valley,36.757031,-119.777061
4646-QZXTF,United States,California,Sacramento,95814,Northern California,38.569067,-121.479744
4607-CHPCA,United States,California,San Diego,92101,Southern California,32.722956,-117.165248
9742-XOKTS,United States,California,San Jose,95113,Bay Area,37.332911,-121.89364
6921-OZMFH,United States,California,Sacramento,95814,Northern California,38.586385,-121.490225
9578-FOMUK,United States,California,Los Angeles,90001,Southern California,33.974879,-118.237685
4712-UYOOI,United States,California,Los Angeles,90012,Southern California,34.063594,-118.237476
8824-RWFXJ,United States,California,San Francisco,94110,Bay Area,37.740046,-122.405322
7722-CVFXN,United States,California,San Francisco,94102,Bay Area,37.772622,-122.428116
8717-VCTXJ,United States,California,Long Beach,90802,Southern California,33.760175,-118.181847
7363-QTBIW,United States,California,San Francisco,94110,Bay Area,37.735998,-122.411437
4159-NAAIX,United States,California,San Francisco,94102,Bay Area,37.78121,-122.418014
0971-QIFJK,United States,California,Los Angeles,90001,Southern California,33.98747,-118.267634
9397-TZSHA,United States,California,San Francisco,94110,Bay Area,37.74092,-122.42472
3391-JSQEW,United States,California,Los Angeles,90001,Southern California,33.988648,-118.254706
0343-QLUZP,United States,California,San Francisco,94110,Bay Area,37.76873,-122.424385
9763-PDTKK,United States,California,Sacramento,95814,Northern California,38.572866,-121.51066
2176-LVPNX,United States,California,San Francisco,94110,Bay Area,37.746207,-122.408085
7627-JKIAZ,United States,California,Bakersfield,93301,Central Valley,35.38753,-119.000671
3312-UUMZW,United States,California,Los Angeles,90012,Southern California,34.071532,-118.25583
1271-UODNO,United States,California,Bakersfield,93301,Central Valley,35.375172,-119.03614
8461-EFQYM,United States,California,San Jose,95113,Bay Area,37.319956,-121.897705
6900-RBKER,United States,California,Fresno,93721,Central Valley,36.743781,-119.775884
6891-JPYFF,United States,California,San Francisco,94102,Bay Area,37.762192,-122.405172
1459-QNFQT,United States,California,Long Beach,90802,Southern California,33.784456,-118.174312
1047-NNCBF,United States,California,Bakersfield,93301,Central Valley,35.384953,-119.001428
3696-XRIEN,United States,California,Fresno,93721,Central Valley,36.73299,-119.793802
4081-DYXAV,United States,California,Oakland,94612,Bay Area,37.786843,-122.290934
0074-HDKDG,United States,California,Los Angeles,90001,Southern California,33.990054,-118.231876
8791-GFXLZ,United States,California,Los Angeles,90012,Southern California,34.052818,-118.243698
8111-SLLHI,United States,California,Long Beach,90802,Southern California,33.779471,-118.200133
0927-LCSMG,United States,California,San Francisco,94110,Bay Area,37.733312,-122.403614
9330-DHBFL,United States,California,San Diego,92101,Southern California,32.724045,-117.169493
0098-BOWSO,United States,California,Los Angeles,90001,Southern California,33.97681,-118.261362
3452-ABWRL,United States,California,San Diego,92101,Southern California,32.721898,-117.176281
5859-HZYLF,United States,California,San Jose,95113,Bay Area,37.331486,-121.906606
8257-RZAHR,United States,California,San Francisco,94110,Bay Area,37.76329,-122.412217
5293-WXJAK,United States,California,Sacramento,95814,Northern California,38.56406,-121.506459
3156-QLHBO,United States,California,Los Angeles,90001,Southern California,33.980757,-118.246032
2208-NQBCT,United States,California,Oakland,94612,Bay Area,37.79081,-122.271401
1779-PWPMG,United States,California,Los Angeles,90001,Southern California,33.965288,-118.249952
6621-NRZAK,United States,California,Anaheim,92805,Southern California,33.830541,-117.910154
0831-JNISG,United States,California,Los Angeles,90001,Southern California,33.975562,-118.227987
0774-IFUVM,United States,California,Los Angeles,90001,Southern California,33.96059,-118.265495
3082-WQRVY,United States,California,Los Angeles,90012,Southern California,34.051116,-118.222731
9553-DLCLU,United States,California,San Diego,92101,Southern California,32.706545,-117.177904
1641-BYBTK,United States,California,Los Angeles,90012,Southern California,34.065107,-118.240539
2460-NGXBJ,United States,California,San Francisco,94110,Bay Area,37.741213,-122.430848
2446-ZKVAF,United States,California,San Francisco,94102,Bay Area,37.787498,-122.414374
0841-NULXI,United States,California,San Francisco,94102,Bay Area,37.764473,-122.415187
3522-CDKHF,United States,California,San Francisco,94102,Bay Area,37.776231,-122.431504
1430-SFQSA,United States,California,San Francisco,94110,Bay Area,37.756669,-122.402481
0411-EZJZE,United States,California,San Jose,95113,Bay Area,37.351133,-121.875689
7851-WZEKY,United States,California,Los Angeles,90012,Southern California,34.054157,-118.240626
8844-TONUD,United States,California,San Jose,95113,Bay Area,37.346835,-121.883661
8807-ARQET,United States,California,Los Angeles,90001,Southern California,33.961729,-118.231421
8992-CEUEN,United States,California,Los Angeles,90001,Southern California,33.964927,-118.257818
4320-QMLLA,United States,California,San Francisco,94102,Bay Area,37.783031,-122.403786
8777-PVYGU,United States,California,Los Angeles,90012,Southern California,34.060863,-118.253041
8292-ITGYJ,United States,California,San Francisco,94110,Bay Area,37.744862,-122.413427
6870-ZWMNX,United States,California,Los Angeles,90001,Southern California,33.984127,-118.23807
0621-CXBKL,United States,California,Los Angeles,90001,Southern California,33.984991,-118.230447
5268-DSMNQ,United States,California,Los Angeles,90012,Southern California,34.077277,-118.248556
5334-JLAXU,United States,California,Bakersfield,93301,Central Valley,35.37627,-119.023277
4086-YQSNZ,United States,California,San Francisco,94110,Bay Area,37.765669,-122.416098
6242-MBHPK,United States,California,Los Angeles,90001,Southern California,33.961846,-118.262905
5868-CZJDR,United States,California,Los Angeles,90001,Southern California,33.990005,-118.260484
9359-UGBTK,United States,California,San Francisco,94110,Bay Area,37.734185,-122.432055
0135-NMXAP,United States,California,Los Angeles,90001,Southern California,33.983834,-118.267571
4782-OSFXZ,United States,California,Los Angeles,90001,Southern California,33.97325,-118.236979
6479-OAUSD,United States,California,San Francisco,94110,Bay Area,37.739853,-122.42913
7129-ACFOG,United States,California,Los Angeles,90001,Southern California,33.971595,-118.248794
4189-NAKJS,United States,California,Oakland,94612,Bay Area,37.810377,-122.287697
5562-BETPV,United States,California,San Francisco,94102,Bay Area,37.77876,-122.422222
1282-IHQAC,United States,California,Sacramento,95814,Northern California,38.584831,-121.483746
9127-FHJBZ,United States,California,Fresno,93721,Central Valley,36.743737,-119.803213
6270-OMFIW,United States,California,Oakland,94612,Bay Area,37.795233,-122.264133
1641-RQDAY,United States,California,San Jose,95113,Bay Area,37.341675,-121.885871
0107-WESLM,United States,California,San Jose,95113,Bay Area,37.320527,-121.90068
6994-ORCWG,United States,California,Sacramento,95814,Northern California,38.600867,-121.503877
1346-UFHAX,United States,California,Oakland,94612,Bay Area,37.788968,-122.272398
3992-YWPKO,United States,California,San Francisco,94110,Bay Area,37.756069,-122.395771
2933-XEUJM,United States,California,Anaheim,92805,Southern California,33.832041,-117.922324
0125-LZQXK,United States,California,Sacramento,95814,Northern California,38.575684,-121.507845
5461-QKNTN,United States,California,San Francisco,94102,Bay Area,37.761158,-122.401134
4835-YSJMR,United States,California,San Jose,95113,Bay Area,37.349681,-121.874637
8399-YNDCH,United States,California,San Francisco,94102,Bay Area,37.7951,-122.436621
3164-YAXFY,United States,California,San Diego,92101,Southern California,32.707885,-117.142902
0887-WBJVH,United States,California,San Francisco,94110,Bay Area,37.762377,-122.411277
4660-IRIBM,United States,California,Long Beach,90802,Southern California,33.763782,-118.211658
5673-FSSMF,United States,California,Los Angeles,90001,Southern California,33.959084,-118.236935
7670-ZBPOQ,United States,California,San Jose,95113,Bay Area,37.314756,-121.903339
8089-UZWLX,United States,California,San Francisco,94102,Bay Area,37.772529,-122.403983
0080-OROZO,United States,California,Bakersfield,93301,Central Valley,35.355136,-119.028763
3916-NRPAP,United States,California,Sacramento,95814,Northern California,38.566949,-121.504929
6807-SIWJI,United States,California,Oakland,94612,Bay Area,37.823973,-122.255699
8221-HVAYI,United States,California,Los Angeles,90012,Southern California,34.068465,-118.230257
1579-KLYDT,United States,California,San Francisco,94102,Bay Area,37.788668,-122.429538
5232-NXPAY,United States,California,Los Angeles,90001,Southern California,33.973176,-118.251504
8967-SZQAS,United States,California,Sacramento,95814,Northern California,38.573339,-121.497338
4468-KAZHE,United States,California,Los Angeles,90012,Southern California,34.065299,-118.255434
0455-ENTCR,United States,California,Oakland,94612,Bay Area,37.79703,-122.254558
8944-AILEF,United States,California,San Diego,92101,Southern California,32.695876,-117.14158
5542-NKVRU,United States,California,San Francisco,94102,Bay Area,37.792531,-122.437207
7126-RBHSD,United States,California,Los Angeles,90012,Southern California,34.063523,-118.224528
5370-IIVVL,United States,California,San Jose,95113,Bay Area,37.321049,-121.902323
6789-HJBWG,United States,California,San Diego,92101,Southern California,32.723787,-117.14175
3927-NLNRY,United States,California,San Francisco,94110,Bay Area,37.756154,-122.427256
9087-EYCPR,United States,California,Long Beach,90802,Southern California,33.777485,-118.210857
6791-YBNAK,United States,California,San Jose,95113,Bay Area,37.322981,-121.873069
6358-LYNGM,United States,California,Bakersfield,93301,Central Valley,35.385971,-119.003274
6077-BDPXA,United States,California,Los Angeles,90012,Southern California,34.079383,-118.228261
0013-MHZWF,United States,California,San Francisco,94110,Bay Area,37.764371,-122.407928
5494-HECPR,United States,California,Bakersfield,93301,Central Valley,35.391052,-119.012298
8268-YDIXR,United States,California,San Jose,95113,Bay Area,37.325883,-121.882523
9824-BEMCV,United States,California,Los Angeles,90012,Southern California,34.069841,-118.257231
1373-ORVIZ,United States,California,Anaheim,92805,Southern California,33.841352,-117.902266
4291-SHSBH,United States,California,Bakersfield,93301,Central Valley,35.381256,-119.038647
6980-IMXXE,United States,California,Sacramento,95814,Northern California,38.583365,-121.496707
9866-QEVEE,United States,California,San Francisco,94102,Bay Area,37.795278,-122.43871
9897-KXHCM,United States,California,San Francisco,94110,Bay Area,37.755211,-122.433131
0040-HALCW,United States,California,San Jose,95113,Bay Area,37.331353,-121.891059
0784-GTUUK,United States,California,San Jose,95113,Bay Area,37.325237,-121.881526
7979-CORPM,United States,California,Los Angeles,90012,Southern California,34.049684,-118.247178
2294-DMMUS,United States,California,San Francisco,94110,Bay Area,37.75226,-122.401442
0872-JCPIB,United States,California,Los Angeles,90001,Southern California,33.959153,-118.236119
3055-MJDSB,United States,California,Bakersfield,93301,Central Valley,35.381584,-119.036046
9091-WTUUY,United States,California,San Diego,92101,Southern California,32.702346,-117.180583
1618-CFHME,United States,California,Los Angeles,90012,Southern California,34.05044,-118.25643
3165-HDOEW,United States,California,San Jose,95113,Bay Area,37.320816,-121.889111
6581-NQCBA,United States,California,San Francisco,94102,Bay Area,37.795895,-122.424439
7115-IRDHS,United States,California,San Diego,92101,Southern California,32.704662,-117.171526
8496-DMZUK,United States,California,Los Angeles,90001,Southern California,33.978715,-118.253196
2040-VZIKE,United States,California,Los Angeles,90001,Southern California,33.986948,-118.262367
9068-VPWQQ,United States,California,Los Angeles,90012,Southern California,34.07652,-118.238445
0178-SZBHO,United States,California,Oakland,94612,Bay Area,37.804141,-122.283314
0384-RVBPI,United States,California,Long Beach,90802,Southern California,33.754889,-118.175119
1689-MRZQR,United States,California,San Francisco,94102,Bay Area,37.797593,-122.415078
1299-AURJA,United States,California,Los Angeles,90012,Southern California,34.062148,-118.252591
4525-VZCZG,United States,California,San Diego,92101,Southern California,32.73342,-117.151319
1543-LLLFT,United States,California,San Francisco,94102,Bay Area,37.789324,-122.429497
5835-BEQEU,United States,California,San Francisco,94102,Bay Area,37.795436,-122.423981
2788-CJQAQ,United States,California,Los Angeles,90001,Southern California,33.977469,-118.236613
5565-FILXA,United States,California,Fresno,93721,Central Valley,36.751498,-119.795504
0319-QZTCO,United States,California,San Diego,92101,Southern California,32.724648,-117.162853
2120-SMPEX,United States,California,Sacramento,95814,Northern California,38.592895,-121.498934
0096-FCPUF,United States,California,Long Beach,90802,Southern California,33.781893,-118.17414
0668-OGMHD,United States,California,Sacramento,95814,Northern California,38.565919,-121.484853
5552-ZNFSJ,United States,California,Los Angeles,90001,Southern California,33.962886,-118.267376
2223-KAGMX,United States,California,Los Angeles,90012,Southern California,34.072397,-118.250759
6507-ZJSUR,United States,California,Sacramento,95814,Northern California,38.589918,-121.502552
9408-HRXRK,United States,California,San Francisco,94102,Bay Area,37.773949,-122.432813
5593-SUAOO,United States,California,San Diego,92101,Southern California,32.708952,-117.157124
7321-PKUYW,United States,California,San Jose,95113,Bay Area,37.338883,-121.908605
2833-SLKDQ,United States,California,Fresno,93721,Central Valley,36.757757,-119.780036
6766-HFKLA,United States,California,San Francisco,94102,Bay Area,37.786461,-122.414826
7595-EUIVN,United States,California,San Diego,92101,Southern California,32.725063,-117.15363
7617-EYGLW,United States,California,Sacramento,95814,Northern California,38.562028,-121.495654
2026-TGDHM,United States,California,Los Angeles,90012,Southern California,34.070747,-118.235975
9220-ZNKJI,United States,California,Sacramento,95814,Northern California,38.585055,-121.502974
4030-VPZBD,United States,California,Fresno,93721,Central Valley,36.751103,-119.770727
2226-ICFDO,United States,California,San Jose,95113,Bay Area,37.343427,-121.888743
0723-VSOBE,United States,California,Los Angeles,90001,Southern California,33.967495,-118.247065
5529-GIBVH,United States,California,San Francisco,94102,Bay Area,37.777424,-122.408866
4187-CINZD,United States,California,Los Angeles,90012,Southern California,34.061193,-118.235953
9992-UJOEL,United States,California,Los Angeles,90012,Southern California,34.073974,-118.250968
4741-WWJQZ,United States,California,San Jose,95113,Bay Area,37.320186,-121.871893
6625-UTXEW,United States,California,Sacramento,95814,Northern California,38.569141,-121.490341
6818-WOBHJ,United States,California,San Francisco,94110,Bay Area,37.737603,-122.398778
6244-BESBM,United States,California,San Francisco,94110,Bay Area,37.737218,-122.42643
1004-NOZNR,United States,California,San Diego,92101,Southern California,32.730441,-117.169241
1251-STYSZ,United States,California,San Jose,95113,Bay Area,37.33456,-121.899865
2612-PHGOX,United States,California,Los Angeles,90012,Southern California,34.07732,-118.241876
2408-TZMJL,United States,California,Los Angeles,90012,Southern California,34.057831,-118.256469
8480-PPONV,United States,California,San Francisco,94110,Bay Area,37.74365,-122.3954
8780-IHCRN,United States,California,Sacramento,95814,Northern California,38.588856,-121.49729
4598-ZADCK,United States,California,Los Angeles,90012,Southern California,34.06044,-118.249089
1257-SXUXQ,United States,California,Fresno,93721,Central Valley,36.720896,-119.802942
9681-KYGYB,United States,California,San Francisco,94102,Bay Area,37.783,-122.423603
7182-OVLBJ,United States,California,Los Angeles,90012,Southern California,34.045817,-118.247061
5095-ETBRJ,United States,California,San Jose,95113,Bay Area,37.352736,-121.872586
7005-CYUIL,United States,California,San Diego,92101,Southern California,32.711538,-117.171192
4821-WQOYN,United States,California,San Francisco,94102,Bay Area,37.784566,-122.419941
4730-AWNAU,United States,California,Los Angeles,90001,Southern California,33.962053,-118.247646
3452-FLHYD,United States,California,San Diego,92101,Southern California,32.719496,-117.171099
2388-LAESQ,United States,California,Los Angeles,90001,Southern California,33.986522,-118.249033
9531-NSBMR,United States,California,Los Angeles,90001,Southern California,33.964748,-118.232886
6260-ONULR,United States,California,San Diego,92101,Southern California,32.731959,-117.154822
4389-UEFCZ,United States,California,San Diego,92101,Southern California,32.715067,-117.16431
8711-LOBKY,United States,California,Los Angeles,90012,Southern California,34.073921,-118.235544
9134-CEQMF,United States,California,Los Angeles,90012,Southern California,34.049795,-118.241806
8985-OOPOS,United States,California,San Diego,92101,Southern California,32.697283,-117.173559
8800-ZKRFW,United States,California,San Francisco,94102,Bay Area,37.782156,-122.437909
2616-FLVQC,United States,California,Los Angeles,90012,Southern California,34.058311,-118.236709
9968-FFVVH,United States,California,San Jose,95113,Bay Area,37.315725,-121.902865
3108-PCCGG,United States,California,San Diego,92101,Southern California,32.733701,-117.178065
7993-PYKOF,United States,California,San Diego,92101,Southern California,32.699901,-117.177822
8390-FESFV,United States,California,San Jose,95113,Bay Area,37.330433,-121.870895
3022-BEXHZ,United States,California,San Jose,95113,Bay Area,37.320167,-121.902125
5027-XWQHA,United States,California,Los Angeles,90001,Southern California,33.967562,-118.236374
6248-TKCQV,United States,California,San Francisco,94102,Bay Area,37.777813,-122.426411
6729-GDNGC,United States,California,Fresno,93721,Central Valley,36.738416,-119.797031
6198-ZFIOJ,United States,California,Anaheim,92805,Southern California,33.843442,-117.899169
5989-OMNJE,United States,California,Fresno,93721,Central Valley,36.737847,-119.80427
4566-QVRRW,United States,California,Fresno,93721,Central Valley,36.72411,-119.786318
1291-CUOCY,United States,California,Los Angeles,90001,Southern California,33.960898,-118.248438
9795-SHUHB,United States,California,San Jose,95113,Bay Area,37.345106,-121.898637
3230-IUALN,United States,California,Long Beach,90802,Southern California,33.788878,-118.187357
0042-RLHYP,United States,California,Bakersfield,93301,Central Valley,35.368096,-119.012534
8519-IMDHU,United States,California,San Diego,92101,Southern California,32.731612,-117.146389
4945-RVMTE,United States,California,San Francisco,94102,Bay Area,37.780798,-122.407041
0201-OAMXR,United States,California,Long Beach,90802,Southern California,33.782958,-118.184006
1866-NXPSP,United States,California,San Jose,95113,Bay Area,37.343671,-121.879656
3372-KWFBM,United States,California,Los Angeles,90001,Southern California,33.987498,-118.234039
7831-QGOXH,United States,California,San Jose,95113,Bay Area,37.324716,-121.894654
6393-WRYZE,United States,California,Sacramento,95814,Northern California,38.575892,-121.47821
3941-XTSKM,United States,California,San Francisco,94102,Bay Area,37.761081,-122.420516
1661-CZBAU,United States,California,San Diego,92101,Southern California,32.706401,-117.175867
6599-RCLCJ,United States,California,San Jose,95113,Bay Area,37.318375,-121.883741
9831-BPFRI,United States,California,Los Angeles,90001,Southern California,33.961599,-118.238255
5158-RIVOP,United States,California,Los Angeles,90012,Southern California,34.047006,-118.232196
9788-YTFGE,United States,California,San Francisco,94110,Bay Area,37.745673,-122.399169
9277-JOOMO,United States,California,Los Angeles,90001,Southern California,33.959714,-118.234095
1907-YLNYW,United States,California,Los Angeles,90012,Southern California,34.042467,-118.248507
1725-MIMXW,United States,California,Los Angeles,90012,Southern California,34.075365,-118.247181
8947-YRTDV,United States,California,Los Angeles,90012,Southern California,34.072267,-118.242313
3161-ONRWK,United States,California,Los Angeles,90012,Southern California,34.042478,-118.233411
0114-RSRRW,United States,California,Fresno,93721,Central Valley,36.730692,-119.778356
4565-NLZBV,United States,California,Fresno,93721,Central Valley,36.740129,-119.805308
0031-PVLZI,United States,California,Los Angeles,90001,Southern California,33.959575,-118.262387
7206-GZCDC,United States,California,Los Angeles,90001,Southern California,33.979049,-118.244601
6682-VCIXC,United States,California,San Jose,95113,Bay Area,37.34826,-121.879949
4791-QRGMF,United States,California,San Diego,92101,Southern California,32.697162,-117.141269
6475-VHUIZ,United States,California,Anaheim,92805,Southern California,33.854437,-117.900432
3910-MRQOY,United States,California,San Diego,92101,Southern California,32.705831,-117.167727
0661-WCQNQ,United States,California,Los Angeles,90012,Southern California,34.048969,-118.246711
7537-RBWEA,United States,California,San Diego,92101,Southern California,32.730777,-117.164485
4656-CAURT,United States,California,Los Angeles,90012,Southern California,34.063895,-118.256791
0121-SNYRK,United States,California,Bakersfield,93301,Central Valley,35.373246,-119.024735
1768-ZAIFU,United States,California,Oakland,94612,Bay Area,37.824313,-122.274502
4671-LXRDQ,United States,California,Los Angeles,90001,Southern California,33.975431,-118.247078
3733-LSYCE,United States,California,Los Angeles,90001,Southern California,33.972305,-118.26562
6265-FRMTQ,United States,California,Los Angeles,90012,Southern California,34.052685,-118.244326
1934-SJVJK,United States,California,Los Angeles,90001,Southern California,33.979869,-118.24641
3838-OZURD,United States,California,San Francisco,94102,Bay Area,37.783378,-122.43419
1371-DWPAZ,United States,California,San Jose,95113,Bay Area,37.325196,-121.879684
9269-CQOOL,United States,California,Los Angeles,90001,Southern California,33.977824,-118.258246
2017-CCBLH,United States,California,Los Angeles,90012,Southern California,34.076212,-118.223402
7690-KPNCU,United States,California,Los Angeles,90001,Southern California,33.97374,-118.247633
0536-BGFMZ,United States,California,Los Angeles,90012,Southern California,34.046033,-118.255404
2293-IJWPS,United States,California,Los Angeles,90001,Southern California,33.966926,-118.231687
2845-HSJCY,United States,California,Los Angeles,90001,Southern California,33.96981,-118.259319
5469-NUJUR,United States,California,Anaheim,92805,Southern California,33.82877,-117.908508
1184-PJVDB,United States,California,Los Angeles,90001,Southern California,33.972802,-118.233467
2625-TRCZQ,United States,California,San Diego,92101,Southern California,32.696598,-117.156145
4102-HLENU,United States,California,Fresno,93721,Central Valley,36.747931,-119.779922
7266-GSSJX,United States,California,Sacramento,95814,Northern California,38.593614,-121.485148
7722-VJRQD,United States,California,San Diego,92101,Southern California,32.721188,-117.163842
7073-QETQY,United States,California,Los Angeles,90012,Southern California,34.051072,-118.256612
9415-DPEWS,United States,California,Fresno,93721,Central Valley,36.720482,-119.787002
5624-RYAMH,United States,California,San Francisco,94110,Bay Area,37.765428,-122.423236
0196-JTUQI,United States,California,Bakersfield,93301,Central Valley,35.356583,-119.000355
7130-YXBRO,United States,California,Los Angeles,90012,Southern California,34.056285,-118.256064
9272-LSVYH,United States,California,Los Angeles,90001,Southern California,33.956602,-118.254463
7943-RQCHR,United States,California,San Francisco,94102,Bay Area,37.764952,-122.437513
3793-MMFUH,United States,California,San Francisco,94110,Bay Area,37.759487,-122.407008
3249-ZPQRG,United States,California,Los Angeles,90001,Southern California,33.986665,-118.240303
2568-BRGYX,United States,California,San Francisco,94102,Bay Area,37.780953,-122.417695
3084-DOWLE,United States,California,San Francisco,94102,Bay Area,37.790247,-122.401423
1084-MNSMJ,United States,California,Los Angeles,90001,Southern California,33.957424,-118.239716
7721-JXEAW,United States,California,Fresno,93721,Central Valley,36.729464,-119.79203
7249-WBIYX,United States,California,San Francisco,94102,Bay Area,37.784167,-122.415286
4238-HFHSN,United States,California,San Diego,92101,Southern California,32.71373,-117.170757
6250-CGGUN,United States,California,Los Angeles,90001,Southern California,33.991329,-118.254738
5478-JJVZK,United States,California,San Francisco,94102,Bay Area,37.760063,-122.436419
7596-IIWYC,United States,California,San Francisco,94102,Bay Area,37.759887,-122.428756
6567-HOOPW,United States,California,Los Angeles,90012,Southern California,34.075818,-118.239417
9793-WECQC,United States,California,Los Angeles,90001,Southern California,33.972911,-118.256841
4291-HPAXL,United States,California,Bakersfield,93301,Central Valley,35.361476,-118.999838
8999-YPYBV,United States,California,Fresno,93721,Central Valley,36.728407,-119.790149
1839-FBNFR,United States,California,Sacramento,95814,Northern California,38.596573,-121.507424
3164-AALRN,United States,California,San Jose,95113,Bay Area,37.346645,-121.87146
3071-MVJCD,United States,California,San Diego,92101,Southern California,32.717547,-117.167198
1697-BCSHV,United States,California,Los Angeles,90001,Southern California,33.98787,-118.257437
0562-KBDVM,United States,California,San Jose,95113,Bay Area,37.325319,-121.886646
1131-SUEKT,United States,California,Los Angeles,90001,Southern California,33.959647,-118.250538
3717-OEAUQ,United States,California,San Francisco,94102,Bay Area,37.79244,-122.417835
4538-WNTMJ,United States,California,San Jose,95113,Bay Area,37.351897,-121.907472
3334-CTHOL,United States,California,Los Angeles,90001,Southern California,33.958308,-118.260736
4704-ERYFC,United States,California,Los Angeles,90001,Southern California,33.987728,-118.255873
9432-RUVSL,United States,California,San Diego,92101,Southern California,32.719349,-117.152831
8060-HIWJJ,United States,California,Los Angeles,90001,Southern California,33.989931,-118.231057
7684-XSZIY,United States,California,Los Angeles,90001,Southern California,33.97645,-118.264923
9089-UOWJG,United States,California,Los Angeles,90012,Southern California,34.063439,-118.227386
8621-MNIHH,United States,California,Los Angeles,90012,Southern California,34.077979,-118.245375
8039-ACLPL,United States,California,San Francisco,94110,Bay Area,37.757841,-122.427155
9885-AIBVB,United States,California,San Jose,95113,Bay Area,37.321548,-121.875797
1934-MKPXS,United States,California,Oakland,94612,Bay Area,37.816387,-122.255898
2592-YKDIF,United States,California,San Diego,92101,Southern California,32.732588,-117.169819
2272-JKMSI,United States,California,Fresno,93721,Central Valley,36.723192,-119.777268
0471-LVHGK,United States,California,Long Beach,90802,Southern California,33.756043,-118.209122
9518-RWHZL,United States,California,Los Angeles,90001,Southern California,33.981918,-118.228704
8714-CTZJW,United States,California,Los Angeles,90001,Southern California,33.99122,-118.256269
3569-EDBPQ,United States,California,San Francisco,94102,Bay Area,37.793919,-122.418916
3131-NWVFJ,United States,California,San Francisco,94102,Bay Area,37.765312,-122.402595
7521-YXVZY,United States,California,Los Angeles,90001,Southern California,33.989933,-118.253884
5419-CONWX,United States,California,Fresno,93721,Central Valley,36.736704,-119.804073
6240-EURKS,United States,California,Los Angeles,90012,Southern California,34.080238,-118.258443
2373-NTKOD,United States,California,San Francisco,94102,Bay Area,37.769607,-122.40476
1970-KKFWL,United States,California,Los Angeles,90012,Southern California,34.074706,-118.247018
6960-HVYXR,United States,California,San Jose,95113,Bay Area,37.353153,-121.909956
9337-SRRNI,United States,California,Los Angeles,90012,Southern California,34.049401,-118.251666
0895-UADGO,United States,California,Fresno,93721,Central Valley,36.721797,-119.797713
5678-VFNEQ,United States,California,Long Beach,90802,Southern California,33.787617,-118.208921
5977-CKHON,United States,California,San Francisco,94102,Bay Area,37.794104,-122.438031
7024-OHCCK,United States,California,Los Angeles,90012,Southern California,34.054923,-118.222227
2692-BUCFV,United States,California,San Diego,92101,Southern California,32.70849,-117.160433
7861-UVUFT,United States,California,San Jose,95113,Bay Area,37.322137,-121.896338
1830-GGFNM,United States,California,San Francisco,94102,Bay Area,37.766662,-122.420669
5302-BDJNT,United States,California,San Francisco,94102,Bay Area,37.776883,-122.424798
5223-UZAVK,United States,California,Los Angeles,90001,Southern California,33.992159,-118.258128
4859-ZSRDZ,United States,California,Bakersfield,93301,Central Valley,35.372551,-119.008136
5651-WYIPH,United States,California,Sacramento,95814,Northern California,38.583481,-121.496394
9350-VLHMB,United States,California,San Francisco,94110,Bay Area,37.745849,-122.395972
3498-LZGQZ,United States,California,San Francisco,94102,Bay Area,37.78644,-122.403421
8785-CJSHH,United States,California,Los Angeles,90001,Southern California,33.960526,-118.266087
5357-TZHPP,United States,California,San Francisco,94110,Bay Area,37.751787,-122.431438
3870-SPZSI,United States,California,San Francisco,94110,Bay Area,37.744202,-122.413985
0680-DFNNY,United States,California,Fresno,93721,Central Valley,36.755189,-119.798151
7560-QRBXH,United States,California,Los Angeles,90012,Southern California,34.052894,-118.224913
7077-XJMET,United States,California,Los Angeles,90012,Southern California,34.046923,-118.257884
8752-GHJFU,United States,California,San Jose,95113,Bay Area,37.320073,-121.900871
6896-SRVYQ,United States,California,Bakersfield,93301,Central Valley,35.360219,-119.027982
7767-UXAGJ,United States,California,Anaheim,92805,Southern California,33.833822,-117.914862
4652-ODEVH,United States,California,San Diego,92101,Southern California,32.720283,-117.144511
6510-UPNKS,United States,California,Los Angeles,90012,Southern California,34.052271,-118.227367
6718-BDGHG,United States,California,Oakland,94612,Bay Area,37.787289,-122.269748
9046-DQMTP,United States,California,Sacramento,95814,Northern California,38.57273,-121.503617
6439-LAJXL,United States,California,Los Angeles,90001,Southern California,33.968021,-118.229377
1571-SAVHK,United States,California,Los Angeles,90001,Southern California,33.971846,-118.260455
9052-VKDUW,United States,California,San Diego,92101,Southern California,32.70674,-117.165374
9546-CQJSU,United States,California,San Diego,92101,Southern California,32.722757,-117.170627
1666-JZPZT,United States,California,Los Angeles,90001,Southern California,33.959241,-118.231057
5777-KJIRB,United States,California,Long Beach,90802,Southern California,33.788309,-118.183225
0506-LVNGN,United States,California,Los Angeles,90012,Southern California,34.076673,-118.23373
7677-SJJJK,United States,California,Sacramento,95814,Northern California,38.589484,-121.478293
2480-EJWYP,United States,California,San Francisco,94102,Bay Area,37.760384,-122.407596
3253-HKOKL,United States,California,Long Beach,90802,Southern California,33.766054,-118.180814
7055-HNEOJ,United States,California,Los Angeles,90001,Southern California,33.990968,-118.261752
5514-YQENT,United States,California,San Diego,92101,Southern California,32.708878,-117.147914
3211-AAPKX,United States,California,Los Angeles,90001,Southern California,33.988381,-118.267124
8445-DNBAE,United States,California,Los Angeles,90001,Southern California,33.971867,-118.250253
2951-QOQTK,United States,California,Los Angeles,90001,Southern California,33.979164,-118.244986
2958-NHPPS,United States,California,San Francisco,94110,Bay Area,37.750013,-122.427124
6806-YDEUL,United States,California,San Diego,92101,Southern California,32.710036,-117.17246
1735-XMJVH,United States,California,San Francisco,94110,Bay Area,37.757734,-122.397061
6890-PFRQX,United States,California,Sacramento,95814,Northern California,38.564838,-121.493202
0222-CNVPT,United States,California,Sacramento,95814,Northern California,38.578949,-121.488864
5899-OUVKV,United States,California,San Diego,92101,Southern California,32.718401,-117.172967
8681-ICONS,United States,California,Los Angeles,90012,Southern California,34.064611,-118.231287
1621-YNCJH,United States,California,Los Angeles,90001,Southern California,33.978717,-118.245118
3473-XIIIT,United States,California,Sacramento,95814,Northern California,38.593469,-121.492182
6362-QHAFM,United States,California,Los Angeles,90001,Southern California,33.955479,-118.244135
7893-IXHRQ,United States,California,Long Beach,90802,Southern California,33.764517,-118.174909
3070-BDOQC,United States,California,San Jose,95113,Bay Area,37.331588,-121.886646
2952-QAYZF,United States,California,Los Angeles,90001,Southern California,33.98325,-118.239107
6234-PFPXL,United States,California,Long Beach,90802,Southern California,33.785788,-118.197591
9824-QCJPK,United States,California,Oakland,94612,Bay Area,37.792675,-122.288648
4763-PGDPO,United States,California,San Francisco,94102,Bay Area,37.786385,-122.416259
4283-IVYCI,United States,California,San Jose,95113,Bay Area,37.349883,-121.908039
1866-OBPNR,United States,California,San Francisco,94102,Bay Area,37.768695,-122.419345
8205-MQUGY,United States,California,San Jose,95113,Bay Area,37.320573,-121.881418
8970-ANWXO,United States,California,San Jose,95113,Bay Area,37.315895,-121.906056
9480-BQJEI,United States,California,Fresno,93721,Central Valley,36.72267,-119.796717
5394-SVGJV,United States,California,Long Beach,90802,Southern California,33.760625,-118.193322
6979-TNDEU,United States,California,Los Angeles,90012,Southern California,34.048951,-118.220575
9777-WJJPR,United States,California,Los Angeles,90001,Southern California,33.968621,-118.228167
9283-LZQOH,United States,California,San Diego,92101,Southern California,32.716993,-117.166833
7079-QRCBC,United States,California,San Francisco,94110,Bay Area,37.755694,-122.434698
9495-SKLKD,United States,California,Anaheim,92805,Southern California,33.85106,-117.906494
6048-UWKAL,United States,California,Los Angeles,90001,Southern California,33.95841,-118.255795
5067-DGXLL,United States,California,Los Angeles,90001,Southern California,33.972811,-118.253269
5469-CTCWN,United States,California,Sacramento,95814,Northern California,38.591812,-121.499733
9851-QXEEQ,United States,California,San Diego,92101,Southern California,32.724155,-117.141276
6281-FKEWS,United States,California,San Francisco,94110,Bay Area,37.761306,-122.404031
8898-KASCD,United States,California,Los Angeles,90001,Southern California,33.976731,-118.253979
9242-TKFSV,United States,California,Sacramento,95814,Northern California,38.599432,-121.47996
9290-SHCMB,United States,California,Los Angeles,90001,Southern California,33.964413,-118.267431
0743-HNPFG,United States,California,Bakersfield,93301,Central Valley,35.374399,-119.006922
2277-BKJKN,United States,California,Los Angeles,90001,Southern California,33.956185,-118.246383
9809-IMGCQ,United States,California,San Francisco,94110,Bay Area,37.736541,-122.433562
5208-HFSBT,United States,California,San Francisco,94102,Bay Area,37.781543,-122.417439
5035-PGZXH,United States,California,San Francisco,94102,Bay Area,37.791412,-122.434314
8695-WDYEA,United States,California,Los Angeles,90001,Southern California,33.966374,-118.240881
6543-JXSOO,United States,California,Anaheim,92805,Southern California,33.833637,-117.929623
8016-ZMGMO,United States,California,Los Angeles,90012,Southern California,34.062363,-118.240795
8605-ITULD,United States,California,Long Beach,90802,Southern California,33.778125,-118.183133
3254-YRILK,United States,California,Long Beach,90802,Southern California,33.778602,-118.20839
6416-YJTTB,United States,California,Long Beach,90802,Southern California,33.759684,-118.180408
2667-WYLWJ,United States,California,Sacramento,95814,Northern California,38.586193,-121.503583
4472-VESGY,United States,California,Sacramento,95814,Northern California,38.577747,-121.513895
3195-TQDZX,United States,California,San Diego,92101,Southern California,32.710477,-117.178604
3128-YOVTD,United States,California,Los Angeles,90012,Southern California,34.080077,-118.227153
0529-ONKER,United States,California,Los Angeles,90012,Southern California,34.079701,-118.246214
1728-CXQBE,United States,California,Los Angeles,90012,Southern California,34.060564,-118.22632
7041-TXQJH,United States,California,San Francisco,94102,Bay Area,37.794025,-122.40216
5014-GSOUQ,United States,California,Anaheim,92805,Southern California,33.843008,-117.91249
5724-BIDBU,United States,California,Los Angeles,90001,Southern California,33.964373,-118.247514
0481-SUMCB,United States,California,San Diego,92101,Southern California,32.717225,-117.142813
1769-GRUIK,United States,California,Los Angeles,90012,Southern California,34.054599,-118.23851
5240-IJOQT,United States,California,Bakersfield,93301,Central Valley,35.373419,-118.998981
8819-WFGGJ,United States,California,Los Angeles,90012,Southern California,34.055706,-118.22545
7427-AUFPY,United States,California,Anaheim,92805,Southern California,33.819652,-117.925086
2811-POVEX,United States,California,Fresno,93721,Central Valley,36.725381,-119.772381
1092-GANHU,United States,California,Los Angeles,90012,Southern California,34.048091,-118.252792
7898-PDWQE,United States,California,Los Angeles,90001,Southern California,33.957879,-118.239784
9972-EWRJS,United States,California,Los Angeles,90001,Southern California,33.970661,-118.242276
9314-IJWSQ,United States,California,San Francisco,94102,Bay Area,37.782582,-122.41776
0661-XEYAN,United States,California,San Francisco,94102,Bay Area,37.77993,-122.417262
5799-JRCZO,United States,California,Los Angeles,90001,Southern California,33.976009,-118.251849
1921-KYSAY,United States,California,Los Angeles,90012,Southern California,34.05016,-118.241133
6198-RTPMF,United States,California,San Jose,95113,Bay Area,37.331573,-121.906578
2924-KHUVI,United States,California,San Diego,92101,Southern California,32.713832,-117.156601
1925-GMVBW,United States,California,Sacramento,95814,Northern California,38.58508,-121.50605
7881-EVUAD,United States,California,Los Angeles,90001,Southern California,33.963489,-118.256482
6184-DYUOB,United States,California,Los Angeles,90012,Southern California,34.072509,-118.223736
9207-ZPANB,United States,California,San Francisco,94110,Bay Area,37.754868,-122.4214
5766-XQXMQ,United States,California,San Diego,92101,Southern California,32.723928,-117.170727
9327-QSDED,United States,California,Long Beach,90802,Southern California,33.770319,-118.210888
1656-DRSMG,United States,California,Los Angeles,90012,Southern California,34.043978,-118.249986
3012-VFFMN,United States,California,Los Angeles,90001,Southern California,33.977697,-118.231307
2984-AFWNC,United States,California,Oakland,94612,Bay Area,37.820292,-122.260477
0640-YJTPY,United States,California,San Jose,95113,Bay Area,37.346064,-121.884791
8096-LOIST,United States,California,San Francisco,94110,Bay Area,37.756602,-122.4181
9764-REAFF,United States,California,Long Beach,90802,Southern California,33.751894,-118.199975
3703-VAVCL,United States,California,Los Angeles,90001,Southern California,33.961667,-118.252954
7107-UBYKY,United States,California,Los Angeles,90001,Southern California,33.981854,-118.261724
4881-GQJTW,United States,California,San Francisco,94110,Bay Area,37.764836,-122.416529
8519-QJGJD,United States,California,Los Angeles,90012,Southern California,34.058266,-118.256197
7876-DNYAP,United States,California,San Diego,92101,Southern California,32.715975,-117.174727
7905-NJMXS,United States,California,San Jose,95113,Bay Area,37.323729,-121.899666
2882-WDTBA,United States,California,Los Angeles,90012,Southern California,34.067157,-118.219133
2091-GPPIQ,United States,California,San Francisco,94102,Bay Area,37.764049,-122.41104
6326-MTTXK,United States,California,Bakersfield,93301,Central Valley,35.371037,-119.000571
5071-FBJFS,United States,California,San Jose,95113,Bay Area,37.314162,-121.897016
2796-UUZZO,United States,California,Fresno,93721,Central Valley,36.721607,-119.78326
2429-AYKKO,United States,California,San Francisco,94102,Bay Area,37.78073,-122.434231
9798-OPFEM,United States,California,San Jose,95113,Bay Area,37.349584,-121.910015
0330-IVZHA,United States,California,Los Angeles,90001,Southern California,33.97408,-118.25916
3794-NFNCH,United States,California,San Francisco,94102,Bay Area,37.771695,-122.410193
5193-QLVZB,United States,California,San Jose,95113,Bay Area,37.344465,-121.884738
7114-AEOZE,United States,California,San Francisco,94102,Bay Area,37.765391,-122.421269
2886-KEFUM,United States,California,Los Angeles,90012,Southern California,34.078971,-118.232482
5522-NYKPB,United States,California,Los Angeles,90012,Southern California,34.06152,-118.232795
4237-RLAQD,United States,California,Oakland,94612,Bay Area,37.820484,-122.27003
9957-YODKZ,United States,California,Sacramento,95814,Northern California,38.571974,-121.511454
6518-KZXCB,United States,California,Anaheim,92805,Southern California,33.832364,-117.921597
2245-ADZFJ,United States,California,Los Angeles,90012,Southern California,34.058163,-118.236502
7776-QGYJC,United States,California,Los Angeles,90001,Southern California,33.97456,-118.23462
9313-QOLTZ,United States,California,San Diego,92101,Southern California,32.707843,-117.180821
9651-GTSAQ,United States,California,San Francisco,94110,Bay Area,37.738034,-122.407394
3186-BAXNB,United States,California,Los Angeles,90012,Southern California,34.060458,-118.228918
4672-FOTSD,United States,California,Los Angeles,90001,Southern California,33.982071,-118.232647
0637-YLETY,United States,California,San Jose,95113,Bay Area,37.320855,-121.900759
9818-XQCUV,United States,California,San Francisco,94110,Bay Area,37.758132,-122.424406
7338-ERIVA,United States,California,Anaheim,92805,Southern California,33.83887,-117.91108
1157-BQCUW,United States,California,San Jose,95113,Bay Area,37.341216,-121.8876
8259-NFJTV,United States,California,Los Angeles,90001,Southern California,33.961802,-118.242562
3223-DWFIO,United States,California,Los Angeles,90012,Southern California,34.052081,-118.241067
2660-EMUBI,United States,California,Los Angeles,90001,Southern California,33.97993,-118.232135
6968-GMKPR,United States,California,Oakland,94612,Bay Area,37.8006,-122.253429
4751-ERMAN,United States,California,San Francisco,94102,Bay Area,37.778455,-122.408
1436-ZMJAN,United States,California,San Jose,95113,Bay Area,37.33698,-121.877559
3292-PBZEJ,United States,California,Los Angeles,90012,Southern California,34.060217,-118.23731
0799-DDIHE,United States,California,Los Angeles,90001,Southern California,33.955593,-118.24177
3070-FNFZQ,United States,California,Los Angeles,90001,Southern California,33.973515,-118.267045
2812-SFXMJ,United States,California,Los Angeles,90001,Southern California,33.985287,-118.256293
7675-OZCZG,United States,California,Los Angeles,90012,Southern California,34.065283,-118.228317
5014-WUQMG,United States,California,San Francisco,94102,Bay Area,37.793954,-122.43692
5312-TSZVC,United States,California,Long Beach,90802,Southern California,33.761575,-118.211313
2003-CKLOR,United States,California,San Francisco,94110,Bay Area,37.737472,-122.39979
0993-OSGPT,United States,California,Oakland,94612,Bay Area,37.810817,-122.287857
9254-RBFON,United States,California,Los Angeles,90001,Southern California,33.982913,-118.232667
1205-WNWPJ,United States,California,San Diego,92101,Southern California,32.713442,-117.165505
9391-EOYLI,United States,California,Los Angeles,90001,Southern California,33.992287,-118.235571
7108-DGVUU,United States,California,San Jose,95113,Bay Area,37.314146,-121.898289
2782-JEEBU,United States,California,Los Angeles,90012,Southern California,34.048084,-118.229367
5127-BZENZ,United States,California,Los Angeles,90001,Southern California,33.974524,-118.232856
2720-FVBQP,United States,California,Oakland,94612,Bay Area,37.800736,-122.285126
9906-NHHVC,United States,California,San Francisco,94110,Bay Area,37.743574,-122.419684
4522-XRWWI,United States,California,Fresno,93721,Central Valley,36.721344,-119.778326
3766-EJLFL,United States,California,San Diego,92101,Southern California,32.714215,-117.149366
5939-SXWHM,United States,California,San Diego,92101,Southern California,32.715861,-117.154344
8152-UOBNY,United States,California,Bakersfield,93301,Central Valley,35.367999,-119.031344
7351-KYHQH,United States,California,San Jose,95113,Bay Area,37.314106,-121.904797
7643-RCHXS,United States,California,Los Angeles,90012,Southern California,34.064797,-118.243908
8246-SHFGA,United States,California,Sacramento,95814,Northern California,38.567963,-121.47443
8387-MOJJT,United States,California,San Francisco,94110,Bay Area,37.766418,-122.423109
0620-XEFWH,United States,California,San Francisco,94110,Bay Area,37.744796,-122.40908
6485-QXWWE,United States,California,Los Angeles,90012,Southern California,34.070658,-118.235588
2761-OCIAX,United States,California,Oakland,94612,Bay Area,37.791741,-122.269888
7321-VGNKU,United States,California,Los Angeles,90001,Southern California,33.989085,-118.267259
5327-CNLUQ,United States,California,Oakland,94612,Bay Area,37.801463,-122.286295
7552-KEYGT,United States,California,Oakland,94612,Bay Area,37.814435,-122.256429
5816-JMLGY,United States,California,Los Angeles,90001,Southern California,33.953961,-118.24407
3068-OMWZA,United States,California,Los Angeles,90001,Southern California,33.987676,-118.238206
2927-QRRQV,United States,California,Los Angeles,90001,Southern California,33.977823,-118.263764
6032-KRXXO,United States,California,Los Angeles,90001,Southern California,33.972441,-118.244765
7459-RRWQZ,United States,California,San Francisco,94102,Bay Area,37.788286,-122.409885
6265-SXWBU,United States,California,Los Angeles,90012,Southern California,34.060175,-118.225078
7941-RCJOW,United States,California,Los Angeles,90012,Southern California,34.069323,-118.251084
6374-NTQLP,United States,California,Long Beach,90802,Southern California,33.755447,-118.212733
4154-AQUGT,United States,California,Los Angeles,90001,Southern California,33.966085,-118.248418
2387-KDZQY,United States,California,San Francisco,94110,Bay Area,37.74788,-122.417643
3584-WKTTW,United States,California,Los Angeles,90001,Southern California,33.955299,-118.239343
3399-BMLVW,United States,California,San Francisco,94110,Bay Area,37.748336,-122.423732
1971-DTCZB,United States,California,Los Angeles,90001,Southern California,33.980261,-118.236424
3092-IGHWF,United States,California,Los Angeles,90001,Southern California,33.958999,-118.24164
3374-PZLXD,United States,California,Los Angeles,90001,Southern California,33.990092,-118.248991
3813-DHBBB,United States,California,San Francisco,94102,Bay Area,37.760735,-122.400178
2812-REYAT,United States,California,San Jose,95113,Bay Area,37.352963,-121.902957
6518-PPLMZ,United States,California,Los Angeles,90012,Southern California,34.059536,-118.230594
4939-KYYPY,United States,California,San Diego,92101,Southern California,32.718243,-117.142112
8017-LXHFA,United States,California,San Francisco,94110,Bay Area,37.746275,-122.419235
5930-GBIWP,United States,California,Los Angeles,90012,Southern California,34.076445,-118.225514
6022-KOUQO,United States,California,San Francisco,94102,Bay Area,37.796926,-122.428982
6352-TWCAU,United States,California,San Diego,92101,Southern California,32.70878,-117.153424
2361-UPSND,United States,California,Los Angeles,90001,Southern California,33.961554,-118.241423
6035-RIIOM,United States,California,San Jose,95113,Bay Area,37.340464,-121.883281
2929-QNSRW,United States,California,Los Angeles,90001,Southern California,33.977154,-118.247987
1262-OPMFY,United States,California,San Francisco,94102,Bay Area,37.784237,-122.408291
9504-DSHWM,United States,California,San Francisco,94110,Bay Area,37.740752,-122.403357
5035-BVCXS,United States,California,San Diego,92101,Southern California,32.703119,-117.148037
6267-DCFFZ,United States,California,San Francisco,94102,Bay Area,37.793553,-122.430356
3533-UVMOM,United States,California,Los Angeles,90001,Southern California,33.968489,-118.253241
2439-LYPMQ,United States,California,Los Angeles,90001,Southern California,33.97353,-118.263547
4248-QPAVC,United States,California,Oakland,94612,Bay Area,37.811458,-122.258383
1899-VXWXM,United States,California,Sacramento,95814,Northern California,38.595424,-121.499326
1478-VPOAD,United States,California,Los Angeles,90001,Southern California,33.983762,-118.244998
9995-HOTOH,United States,California,Fresno,93721,Central Valley,36.749193,-119.786796
2988-PLAHS,United States,California,San Francisco,94102,Bay Area,37.771194,-122.424883
1371-OJCEK,United States,California,Los Angeles,90001,Southern California,33.985271,-118.250762
4999-IEZLT,United States,California,Los Angeles,90012,Southern California,34.057098,-118.234119
8883-ANODQ,United States,California,San Diego,92101,Southern California,32.728528,-117.148192
4690-LLKUA,United States,California,San Francisco,94110,Bay Area,37.760182,-122.402069
2351-RRBUE,United States,California,San Francisco,94110,Bay Area,37.753928,-122.40055
5980-BDHPY,United States,California,Los Angeles,90001,Southern California,33.984571,-118.239595
1498-DQNRX,United States,California,Los Angeles,90001,Southern California,33.991715,-118.241951
9469-WEJBT,United States,California,Los Angeles,90001,Southern California,33.955244,-118.230907
3331-HQDTW,United States,California,Los Angeles,90001,Southern California,33.987211,-118.246169
9490-DFPMD,United States,California,Fresno,93721,Central Valley,36.730158,-119.788887
2581-VKIRT,United States,California,San Diego,92101,Southern California,32.735243,-117.160159
5442-XSDCW,United States,California,Sacramento,95814,Northern California,38.597563,-121.506203
7426-WEIJX,United States,California,San Jose,95113,Bay Area,37.327369,-121.907515
2851-MMUTZ,United States,California,Los Angeles,90012,Southern California,34.047972,-118.227017
3049-NDXFL,United States,California,San Jose,95113,Bay Area,37.349581,-121.889511
8580-AECUZ,United States,California,Bakersfield,93301,Central Valley,35.36108,-119.026038
3307-TLCUD,United States,California,San Francisco,94110,Bay Area,37.736434,-122.411136
6625-FLENO,United States,California,Los Angeles,90001,Southern California,33.961132,-118.232646
2967-MXRAV,United States,California,Los Angeles,90012,Southern California,34.067923,-118.255377
7963-GQRMY,United States,California,Los Angeles,90012,Southern California,34.062177,-118.247971
8189-HBVRW,United States,California,Los Angeles,90001,Southern California,33.991482,-118.232906
4163-KIUHY,United States,California,Los Angeles,90001,Southern California,33.984667,-118.253614
1228-FZFRV,United States,California,Los Angeles,90001,Southern California,33.967491,-118.233097
3500-NSDOA,United States,California,Los Angeles,90001,Southern California,33.970985,-118.244182
1171-TYKUR,United States,California,Bakersfield,93301,Central Valley,35.36496,-119.01331
3761-FLYZI,United States,California,San Francisco,94110,Bay Area,37.75198,-122.400368
2058-DCJBE,United States,California,San Francisco,94110,Bay Area,37.752387,-122.41329
5364-XYIRR,United States,California,San Diego,92101,Southern California,32.733201,-117.165752
4829-AUOAX,United States,California,San Diego,92101,Southern California,32.718161,-117.161523
1219-NNDDO,United States,California,San Francisco,94102,Bay Area,37.796266,-122.403971
8388-DMKAE,United States,California,Los Angeles,90012,Southern California,34.058203,-118.256375
4403-BWPAY,United States,California,Anaheim,92805,Southern California,33.831176,-117.899854
9659-QEQSY,United States,California,Los Angeles,90012,Southern California,34.057869,-118.222565
5405-ZMYXQ,United States,California,San Francisco,94102,Bay Area,37.760131,-122.417351
5047-LHVLY,United States,California,Anaheim,92805,Southern California,33.819181,-117.923869
1442-OKRJE,United States,California,San Francisco,94110,Bay Area,37.749528,-122.424433
4737-AQCPU,United States,California,Los Angeles,90012,Southern California,34.051416,-118.245089
9158-VCTQB,United States,California,Long Beach,90802,Southern California,33.75081,-118.194501
2808-CHTDM,United States,California,Los Angeles,90012,Southern California,34.05999,-118.243266
6311-UEUME,United States,California,Los Angeles,90012,Southern California,34.073014,-118.236561
0793-TWELN,United States,California,San Jose,95113,Bay Area,37.314534,-121.90091
3283-WCWXT,United States,California,San Diego,92101,Southern California,32.706789,-117.160588
1060-ENTOF,United States,California,Los Angeles,90012,Southern California,34.046604,-118.255262
0999-QXNSA,United States,California,San Diego,92101,Southern California,32.705447,-117.154459
5451-MHQOF,United States,California,San Francisco,94102,Bay Area,37.78255,-122.435629
4836-WNFNO,United States,California,Los Angeles,90012,Southern California,34.070628,-118.249144
9225-BZLNZ,United States,California,Los Angeles,90001,Southern California,33.985315,-118.264592
0354-VXMJC,United States,California,Los Angeles,90012,Southern California,34.043308,-118.243731
4422-QVIJA,United States,California,Los Angeles,90012,Southern California,34.061647,-118.25821
9365-SRSZE,United States,California,Fresno,93721,Central Valley,36.72595,-119.791199
6839-ITVZJ,United States,California,Oakland,94612,Bay Area,37.787347,-122.285264
8332-OSJDW,United States,California,Sacramento,95814,Northern California,38.578538,-121.507732
4735-BJKOU,United States,California,Sacramento,95814,Northern California,38.590893,-121.484518
0274-JKUJR,United States,California,San Francisco,94102,Bay Area,37.77532,-122.420364
5740-YHGTW,United States,California,Los Angeles,90001,Southern California,33.969616,-118.242278
8917-SZTTJ,United States,California,Los Angeles,90001,Southern California,33.955444,-118.258251
1696-MZVAU,United States,California,Los Angeles,90001,Southern California,33.969878,-118.229024
7359-WWYJV,United States,California,Los Angeles,90012,Southern California,34.069914,-118.223298
0375-HVGXO,United States,California,Sacramento,95814,Northern California,38.587769,-121.510495
4906-ZHGPK,United States,California,Los Angeles,90001,Southern California,33.986915,-118.253648
8593-WHYHV,United States,California,San Francisco,94110,Bay Area,37.759229,-122.42846
3795-GWTRD,United States,California,San Francisco,94110,Bay Area,37.73092,-122.408289
1298-PHBTI,United States,California,Sacramento,95814,Northern California,38.600301,-121.484376
6223-DHJGV,United States,California,San Francisco,94102,Bay Area,37.783719,-122.433599
6961-MJKBO,United States,California,San Francisco,94110,Bay Area,37.757707,-122.427079
6097-EQISJ,United States,California,Fresno,93721,Central Valley,36.750871,-119.80189
4423-YLHDV,United States,California,Oakland,94612,Bay Area,37.805212,-122.280585
8158-WPEZG,United States,California,San Diego,92101,Southern California,32.698288,-117.151998
0107-YHINA,United States,California,San Francisco,94110,Bay Area,37.731606,-122.40559
4918-FYJNT,United States,California,Bakersfield,93301,Central Valley,35.390876,-119.037258
0727-BNRLG,United States,California,San Diego,92101,Southern California,32.71458,-117.157793
4854-CIDCF,United States,California,San Diego,92101,Southern California,32.727197,-117.17561
8640-SDGKB,United States,California,Bakersfield,93301,Central Valley,35.385782,-119.009066
3280-MRDOF,United States,California,Sacramento,95814,Northern California,38.567665,-121.502064
6435-SRWBJ,United States,California,San Diego,92101,Southern California,32.707731,-117.163589
9964-WBQDJ,United States,California,Los Angeles,90001,Southern California,33.964928,-118.233334
6303-KFWSL,United States,California,Anaheim,92805,Southern California,33.850572,-117.895667
1702-CCFNJ,United States,California,San Diego,92101,Southern California,32.697755,-117.146397
8932-CZHRQ,United States,California,San Francisco,94102,Bay Area,37.795906,-122.438064
0386-CWRGM,United States,California,Los Angeles,90001,Southern California,33.960441,-118.262687
5515-RUGKN,United States,California,San Diego,92101,Southern California,32.70409,-117.152617
0404-AHASP,United States,California,San Francisco,94102,Bay Area,37.78803,-122.421721
7279-NMVJC,United States,California,San Francisco,94102,Bay Area,37.763405,-122.424706
2081-VEYEH,United States,California,Oakland,94612,Bay Area,37.796041,-122.254314
6407-UTSLV,United States,California,Los Angeles,90012,Southern California,34.059967,-118.257686
4116-TZAQJ,United States,California,San Francisco,94110,Bay Area,37.748822,-122.396078
9060-HJJRW,United States,California,Los Angeles,90012,Southern California,34.047064,-118.240922
2587-YNLES,United States,California,San Jose,95113,Bay Area,37.337103,-121.896949
7398-SKNQZ,United States,California,Los Angeles,90012,Southern California,34.041999,-118.23841
5935-FCCNB,United States,California,Los Angeles,90012,Southern California,34.05702,-118.238726
1958-RNRKS,United States,California,Los Angeles,90001,Southern California,33.958661,-118.24155
5136-RGMZO,United States,California,Los Angeles,90001,Southern California,33.968589,-118.266398
8345-MVDYC,United States,California,Oakland,94612,Bay Area,37.810368,-122.267928
8226-BXGES,United States,California,Los Angeles,90012,Southern California,34.072156,-118.22235
3877-JRJIP,United States,California,San Francisco,94102,Bay Area,37.780976,-122.413333
8375-DKEBR,United States,California,San Diego,92101,Southern California,32.734699,-117.154415
9705-IOVQQ,United States,California,San Francisco,94110,Bay Area,37.741287,-122.395575
1015-OWJKI,United States,California,San Francisco,94110,Bay Area,37.741091,-122.422226
7511-YMXVQ,United States,California,Long Beach,90802,Southern California,33.789583,-118.173955
2040-XBAVJ,United States,California,Los Angeles,90012,Southern California,34.061017,-118.228864
7551-JOHTI,United States,California,San Jose,95113,Bay Area,37.327048,-121.889779
8887-IPQNC,United States,California,Los Angeles,90001,Southern California,33.984477,-118.248167
8646-JCOMS,United States,California,Los Angeles,90001,Southern California,33.954532,-118.259386
9804-ICWBG,United States,California,Los Angeles,90012,Southern California,34.068203,-118.228583
1222-KJNZD,United States,California,San Francisco,94102,Bay Area,37.76637,-122.401364
0106-GHRQR,United States,California,San Diego,92101,Southern California,32.702371,-117.17724
5318-IXUZF,United States,California,San Francisco,94102,Bay Area,37.798881,-122.407362
3768-VHXQO,United States,California,Los Angeles,90001,Southern California,33.988831,-118.231341
8952-WCVCD,United States,California,San Diego,92101,Southern California,32.728535,-117.161193
2418-TPEUN,United States,California,San Jose,95113,Bay Area,37.345621,-121.910318
3963-RYFNS,United States,California,San Diego,92101,Southern California,32.707703,-117.143366
3198-VELRD,United States,California,Los Angeles,90001,Southern California,33.978354,-118.246323
8540-ZQGEA,United States,California,Los Angeles,90001,Southern California,33.962755,-118.238208
1320-REHCS,United States,California,Los Angeles,90012,Southern California,34.059565,-118.226452
4137-JOPHL,United States,California,Fresno,93721,Central Valley,36.746748,-119.778281
9436-ZBZCT,United States,California,Sacramento,95814,Northern California,38.580983,-121.480782
7801-CEDNV,United States,California,Los Angeles,90012,Southern California,34.071834,-118.247488
2057-BOYKM,United States,California,San Francisco,94102,Bay Area,37.779504,-122.413329
3658-QQJYD,United States,California,Los Angeles,90001,Southern California,33.982582,-118.250183
1803-BGNBD,United States,California,Los Angeles,90012,Southern California,34.05607,-118.251785
0134-XWXCE,United States,California,Los Angeles,90001,Southern California,33.968012,-118.258427
6950-TWMYB,United States,California,Long Beach,90802,Southern California,33.761863,-118.209684
5848-FHRFC,United States,California,San Francisco,94110,Bay Area,37.749432,-122.398776
2243-FNMMI,United States,California,Los Angeles,90012,Southern California,34.046749,-118.233929
2511-MORQY,United States,California,Oakland,94612,Bay Area,37.821301,-122.285764
5356-KZCKT,United States,California,Oakland,94612,Bay Area,37.789501,-122.28836
9470-XCCEM,United States,California,Los Angeles,90012,Southern California,34.065072,-118.225808
6519-CFDBX,United States,California,Los Angeles,90001,Southern California,33.964219,-118.230593
3902-MIVLE,United States,California,Fresno,93721,Central Valley,36.741376,-119.777827
0409-WTMPL,United States,California,San Jose,95113,Bay Area,37.338356,-121.888282
8763-KIAFH,United States,California,Fresno,93721,Central Valley,36.749342,-119.773375
3669-WHAFY,United States,California,San Francisco,94110,Bay Area,37.74504,-122.410048
3055-VTCGS,United States,California,Los Angeles,90001,Southern California,33.96884,-118.233285
3144-KMTWZ,United States,California,Long Beach,90802,Southern California,33.753501,-118.175588
7279-BUYWN,United States,California,Los Angeles,90001,Southern California,33.990526,-118.236009
7156-MHUGY,United States,California,Los Angeles,90012,Southern California,34.073382,-118.238376
7198-GLXTC,United States,California,San Jose,95113,Bay Area,37.338038,-121.871001
2007-QVGAW,United States,California,Oakland,94612,Bay Area,37.795157,-122.266738
5207-PLSTK,United States,California,San Diego,92101,Southern California,32.733011,-117.143469
2307-FYNNL,United States,California,Los Angeles,90012,Southern California,34.056952,-118.244463
5605-XNWEN,United States,California,Los Angeles,90012,Southern California,34.080226,-118.254896
2155-AMQRX,United States,California,San Diego,92101,Southern California,32.735014,-117.147995
6181-AXXYF,United States,California,Fresno,93721,Central Valley,36.72932,-119.793682
5091-HFAZW,United States,California,Los Angeles,90001,Southern California,33.967026,-118.234658
0516-VRYBW,United States,California,San Jose,95113,Bay Area,37.344777,-121.907524
2519-LBNQL,United States,California,Los Angeles,90001,Southern California,33.962509,-118.238591
8623-ULFNQ,United States,California,Fresno,93721,Central Valley,36.738862,-119.773638
8380-PEFPE,United States,California,Fresno,93721,Central Valley,36.719366,-119.78242
5687-DKDTV,United States,California,San Francisco,94102,Bay Area,37.774084,-122.41407
1568-LJSZU,United States,California,Los Angeles,90001,Southern California,33.954175,-118.264705
7530-HDYDS,United States,California,Oakland,94612,Bay Area,37.808811,-122.254382
7789-HKSBS,United States,California,Los Angeles,90001,Southern California,33.9575,-118.238647
7416-CKTEP,United States,California,Bakersfield,93301,Central Valley,35.37057,-119.020493
2586-CWXVV,United States,California,San Diego,92101,Southern California,32.709804,-117.177521
3096-IZETN,United States,California,Los Angeles,90012,Southern California,34.078542,-118.232805
2348-KCJLT,United States,California,San Francisco,94102,Bay Area,37.784446,-122.400744
8401-EMUWF,United States,California,Los Angeles,90001,Southern California,33.981185,-118.255662
4193-IBKSW,United States,California,Los Angeles,90001,Southern California,33.980445,-118.24184
5377-NDTOU,United States,California,Los Angeles,90012,Southern California,34.052218,-118.225399
5922-ABDVO,United States,California,Sacramento,95814,Northern California,38.5671,-121.506536
2474-LCNUE,United States,California,Bakersfield,93301,Central Valley,35.355291,-119.029921
0839-QNXME,United States,California,Bakersfield,93301,Central Valley,35.367307,-119.014089
3506-OVLKD,United States,California,Anaheim,92805,Southern California,33.81877,-117.902395
9172-ANCRX,United States,California,Sacramento,95814,Northern California,38.601266,-121.488389
6650-VJONK,United States,California,San Francisco,94110,Bay Area,37.755566,-122.400672
2178-PMGCJ,United States,California,Oakland,94612,Bay Area,37.790678,-122.264839
7492-TAFJD,United States,California,San Diego,92101,Southern California,32.71642,-117.177821
2773-MADBQ,United States,California,Los Angeles,90012,Southern California,34.069766,-118.252353
6016-LVTJQ,United States,California,Los Angeles,90012,Southern California,34.070746,-118.237594
7860-KSUGX,United States,California,Los Angeles,90012,Southern California,34.080877,-118.220728
8966-KZXXA,United States,California,San Diego,92101,Southern California,32.723859,-117.164943
6910-HADCM,United States,California,San Francisco,94102,Bay Area,37.788362,-122.414919
4816-LXZYW,United States,California,Los Angeles,90012,Southern California,34.059258,-118.246847
9606-PBKBQ,United States,California,San Francisco,94110,Bay Area,37.745774,-122.409874
5149-QYTTU,United States,California,San Diego,92101,Southern California,32.733331,-117.144238
2070-XYMFH,United States,California,San Francisco,94102,Bay Area,37.778927,-122.42042
2085-BOJKI,United States,California,Sacramento,95814,Northern California,38.575877,-121.480956
0817-HSUSE,United States,California,Los Angeles,90012,Southern California,34.068939,-118.227777
5442-PPTJY,United States,California,Sacramento,95814,Northern California,38.588672,-121.505319
1927-QEWMY,United States,California,San Diego,92101,Southern California,32.734586,-117.143131
1663-MHLHE,United States,California,San Francisco,94110,Bay Area,37.762197,-122.395515
5663-QBGIS,United States,California,Anaheim,92805,Southern California,33.824845,-117.927805
4450-MDZFX,United States,California,Sacramento,95814,Northern California,38.564254,-121.493781
6701-DHKWQ,United States,California,Los Angeles,90001,Southern California,33.976474,-118.265472
7554-AKDQF,United States,California,San Francisco,94110,Bay Area,37.757418,-122.421809
3536-IQCTX,United States,California,Los Angeles,90001,Southern California,33.980827,-118.233641
4911-BANWH,United States,California,San Jose,95113,Bay Area,37.33474,-121.910385
8496-EJAUI,United States,California,San Jose,95113,Bay Area,37.33192,-121.909888
0794-YVSGE,United States,California,San Francisco,94102,Bay Area,37.774428,-122.410495
5423-BHIXO,United States,California,Los Angeles,90001,Southern California,33.968163,-118.256933
6908-VVYHM,United States,California,Fresno,93721,Central Valley,36.749709,-119.777517
2959-EEXWB,United States,California,San Francisco,94110,Bay Area,37.732797,-122.428819
1839-UMACK,United States,California,San Diego,92101,Southern California,32.724949,-117.166467
3030-YDNRM,United States,California,San Jose,95113,Bay Area,37.334629,-121.904323
7321-KKSDU,United States,California,Oakland,94612,Bay Area,37.804491,-122.266127
3402-XRIUO,United States,California,San Francisco,94102,Bay Area,37.769911,-122.427593
3132-TVFDZ,United States,California,Los Angeles,90001,Southern California,33.985658,-118.25122
8286-AFUYI,United States,California,San Francisco,94110,Bay Area,37.769797,-122.404732
8080-DDEMJ,United States,California,Los Angeles,90001,Southern California,33.992359,-118.264702
8356-WUAOJ,United States,California,San Francisco,94102,Bay Area,37.793252,-122.42909
6365-MTGZX,United States,California,San Francisco,94102,Bay Area,37.772014,-122.403417
1349-WXNGG,United States,California,Los Angeles,90001,Southern California,33.967568,-118.257743
8058-DMYRU,United States,California,San Jose,95113,Bay Area,37.327313,-121.90687
9350-ZXYJC,United States,California,San Francisco,94110,Bay Area,37.767282,-122.413389
6990-YNRIO,United States,California,San Jose,95113,Bay Area,37.341542,-121.900046
8958-JPTRR,United States,California,Bakersfield,93301,Central Valley,35.372827,-119.032722
6959-GQEGV,United States,California,San Francisco,94102,Bay Area,37.773045,-122.413922
3173-WSSUE,United States,California,Los Angeles,90012,Southern California,34.041642,-118.247635
1265-HVPZB,United States,California,San Francisco,94110,Bay Area,37.732138,-122.399992
4115-UMJFQ,United States,California,San Francisco,94102,Bay Area,37.76425,-122.419879
7369-TRPFD,United States,California,Bakersfield,93301,Central Valley,35.383395,-119.02176
1098-KFQEC,United States,California,San Francisco,94102,Bay Area,37.779019,-122.422833
7190-XHTWJ,United States,California,Sacramento,95814,Northern California,38.598229,-121.483065
0621-TWIEM,United States,California,Los Angeles,90001,Southern California,33.988221,-118.243594
3537-RYBHH,United States,California,Los Angeles,90012,Southern California,34.062602,-118.220543
2485-ITVKB,United States,California,San Francisco,94102,Bay Area,37.789859,-122.413173
3669-OYSJI,United States,California,Anaheim,92805,Southern California,33.85511,-117.916005
1612-EOHDH,United States,California,Sacramento,95814,Northern California,38.571771,-121.495074
6702-OHFWR,United States,California,Los Angeles,90001,Southern California,33.962273,-118.22855
5296-BFCYD,United States,California,Los Angeles,90012,Southern California,34.067193,-118.233086
4510-PYUSH,United States,California,Los Angeles,90001,Southern California,33.978768,-118.259021
9359-JANWS,United States,California,Fresno,93721,Central Valley,36.743259,-119.789632
7517-SAWMO,United States,California,Los Angeles,90012,Southern California,34.075864,-118.22055
4143-HHPMK,United States,California,San Francisco,94102,Bay Area,37.799044,-122.420421
3279-DYZQM,United States,California,Los Angeles,90012,Southern California,34.076448,-118.221721
7054-LGEQW,United States,California,Bakersfield,93301,Central Valley,35.370266,-118.999442
0523-VNGTF,United States,California,Los Angeles,90012,Southern California,34.072847,-118.225013
9575-IWCAZ,United States,California,Oakland,94612,Bay Area,37.822181,-122.252995
7105-MXJLL,United States,California,Los Angeles,90001,Southern California,33.991604,-118.237766
7064-FRRSW,United States,California,Los Angeles,90001,Southern California,33.967822,-118.252907
7940-UQQUG,United States,California,San Francisco,94102,Bay Area,37.763135,-122.410597
0923-PNFUB,United States,California,Los Angeles,90012,Southern California,34.04298,-118.23285
3961-SXAXY,United States,California,San Francisco,94110,Bay Area,37.73687,-122.417797
7010-BRBUU,United States,California,San Francisco,94102,Bay Area,37.792516,-122.406011
3566-HJGPK,United States,California,Los Angeles,90012,Southern California,34.064007,-118.232815
3062-ICYZQ,United States,California,Long Beach,90802,Southern California,33.76447,-118.213371
9938-PRCVK,United States,California,Los Angeles,90001,Southern California,33.98593,-118.240636
0973-KYVNF,United States,California,Bakersfield,93301,Central Valley,35.391637,-119.015042
5129-HHMZC,United States,California,Los Angeles,90001,Southern California,33.97275,-118.240638
9637-CDTKZ,United States,California,Los Angeles,90012,Southern California,34.080876,-118.242423
3946-JEWRQ,United States,California,San Francisco,94102,Bay Area,37.783726,-122.41723
7873-CVMAW,United States,California,Los Angeles,90001,Southern California,33.970363,-118.237558
0463-WZZKO,United States,California,San Francisco,94102,Bay Area,37.792605,-122.418781
3494-JCHRQ,United States,California,Los Angeles,90001,Southern California,33.977006,-118.24573
6474-FVJLC,United States,California,Los Angeles,90001,Southern California,33.965983,-118.238337
4524-QCSSM,United States,California,San Jose,95113,Bay Area,37.346611,-121.907896
5832-EXGTT,United States,California,San Diego,92101,Southern California,32.725968,-117.159527
8840-DQLGN,United States,California,Los Angeles,90001,Southern California,33.980203,-118.261694
2039-JONDJ,United States,California,San Jose,95113,Bay Area,37.347099,-121.88411
7217-JYHOQ,United States,California,Los Angeles,90001,Southern California,33.984058,-118.251507
6695-FRVEC,United States,California,Los Angeles,90001,Southern California,33.979563,-118.253357
4547-LYTDD,United States,California,San Francisco,94102,Bay Area,37.794388,-122.424792
9894-QMIMJ,United States,California,San Diego,92101,Southern California,32.730985,-117.178388
8069-YQQAJ,United States,California,Los Angeles,90001,Southern California,33.965392,-118.239176
6770-XUAGN,United States,California,San Francisco,94110,Bay Area,37.739762,-122.421288
4193-ORFCL,United States,California,San Francisco,94102,Bay Area,37.767693,-122.433128
1636-NTNCO,United States,California,Los Angeles,90001,Southern California,33.965679,-118.264825
3466-WAESX,United States,California,Long Beach,90802,Southern California,33.76937,-118.194389
9281-PKKZE,United States,California,Los Angeles,90001,Southern California,33.953831,-118.263654
3638-VBZTA,United States,California,San Jose,95113,Bay Area,37.318493,-121.873611
7459-IMVYU,United States,California,San Diego,92101,Southern California,32.712562,-117.17827
7776-QWNFX,United States,California,Long Beach,90802,Southern California,33.759596,-118.204028
6689-TCZHQ,United States,California,San Francisco,94110,Bay Area,37.739963,-122.414987
8563-OYMQY,United States,California,San Francisco,94102,Bay Area,37.775783,-122.408471
0754-EEBDC,United States,California,Los Angeles,90012,Southern California,34.043755,-118.234605
5777-ZPQNC,United States,California,Los Angeles,90012,Southern California,34.063918,-118.225144
1951-IEYXM,United States,California,Sacramento,95814,Northern California,38.564419,-121.483788
3318-NMQXL,United States,California,Sacramento,95814,Northern California,38.562588,-121.48215
3143-ILDAL,United States,California,Los Angeles,90001,Southern California,33.983954,-118.263788
1022-RKXDR,United States,California,Oakland,94612,Bay Area,37.787711,-122.279194
2361-FJWNO,United States,California,Los Angeles,90001,Southern California,33.962825,-118.242054
2272-UOINI,United States,California,San Jose,95113,Bay Area,37.332722,-121.880976
8232-UTFOZ,United States,California,Los Angeles,90001,Southern California,33.955469,-118.232743
3750-YHRYO,United States,California,Los Angeles,90012,Southern California,34.053725,-118.219419
6637-KYRCV,United States,California,San Diego,92101,Southern California,32.711122,-117.175734
5668-MEISB,United States,California,San Diego,92101,Southern California,32.725914,-117.141897
0129-QMPDR,United States,California,Sacramento,95814,Northern California,38.573912,-121.501737
7188-CBBBA,United States,California,San Francisco,94110,Bay Area,37.748881,-122.403032
5356-CSVSQ,United States,California,Fresno,93721,Central Valley,36.756225,-119.778713
3221-CJMSG,United States,California,Los Angeles,90001,Southern California,33.957244,-118.250778
4720-VSTSI,United States,California,San Francisco,94102,Bay Area,37.771789,-122.436156
3219-JQRSL,United States,California,Los Angeles,90001,Southern California,33.971014,-118.237069
2801-NISEI,United States,California,San Francisco,94102,Bay Area,37.776211,-122.40984
3946-MHCZW,United States,California,San Jose,95113,Bay Area,37.329817,-121.888734
4623-ZKHLY,United States,California,San Francisco,94102,Bay Area,37.774942,-122.404446
6732-VAILE,United States,California,San Francisco,94102,Bay Area,37.793613,-122.41667
8201-AAXCB,United States,California,Los Angeles,90001,Southern California,33.984682,-118.263616
7696-CFTAT,United States,California,Los Angeles,90001,Southern California,33.968325,-118.230777
1845-CSBRZ,United States,California,San Francisco,94102,Bay Area,37.765724,-122.438308
2123-VSCOT,United States,California,Los Angeles,90012,Southern California,34.066477,-118.235382
6651-AZVTJ,United States,California,Long Beach,90802,Southern California,33.788731,-118.206708
4566-GOLUK,United States,California,San Diego,92101,Southern California,32.703742,-117.157755
2484-DGXPZ,United States,California,Oakland,94612,Bay Area,37.80746,-122.253543
2018-QKYGT,United States,California,Bakersfield,93301,Central Valley,35.389623,-118.999801
2792-VPPET,United States,California,Los Angeles,90001,Southern California,33.987538,-118.232362
7409-JURKQ,United States,California,Los Angeles,90012,Southern California,34.074467,-118.222886
3247-MHJKM,United States,California,San Francisco,94102,Bay Area,37.770961,-122.433207
1964-SVLEA,United States,California,San Diego,92101,Southern California,32.705069,-117.166797
4587-NUKOX,United States,California,Los Angeles,90001,Southern California,33.953106,-118.254573
7297-DVYGA,United States,California,San Diego,92101,Southern California,32.722338,-117.142038
2239-CGBUZ,United States,California,Long Beach,90802,Southern California,33.756129,-118.185154
0854-UYHZD,United States,California,Fresno,93721,Central Valley,36.719956,-119.788713
7243-LCGGZ,United States,California,San Jose,95113,Bay Area,37.319194,-121.90559
8267-KFGYD,United States,California,Los Angeles,90012,Southern California,34.057041,-118.238913
4890-VMUAV,United States,California,Los Angeles,90012,Southern California,34.042348,-118.245041
9261-WDCAF,United States,California,San Diego,92101,Southern California,32.707004,-117.147771
3764-MNMOI,United States,California,Los Angeles,90001,Southern California,33.9635,-118.228727
7442-YGZFK,United States,California,Bakersfield,93301,Central Valley,35.374676,-119.037627
0420-BWTPW,United States,California,Los Angeles,90012,Southern California,34.047014,-118.253002
8229-BUJHX,United States,California,Anaheim,92805,Southern California,33.842338,-117.930925
7449-HVPIV,United States,California,Fresno,93721,Central Valley,36.733633,-119.805888
5504-WSIUR,United States,California,San Francisco,94102,Bay Area,37.792821,-122.404262
8183-ONMXC,United States,California,Bakersfield,93301,Central Valley,35.390957,-119.004717
8466-PZBLH,United States,California,Fresno,93721,Central Valley,36.750768,-119.794391
9614-RMGHA,United States,California,San Jose,95113,Bay Area,37.346443,-121.882048
8735-IJJEG,United States,California,Bakersfield,93301,Central Valley,35.377141,-119.03121
0564-MUUQK,United States,California,Bakersfield,93301,Central Valley,35.356772,-119.018823
5054-IEXZT,United States,California,San Francisco,94110,Bay Area,37.761167,-122.42995
5834-ASPWA,United States,California,San Diego,92101,Southern California,32.712779,-117.176595
0701-RFGFI,United States,California,Los Angeles,90012,Southern California,34.04198,-118.25168
0019-EFAEP,United States,California,San Francisco,94110,Bay Area,37.741819,-122.431259
5619-PTMIK,United States,California,Los Angeles,90001,Southern California,33.958426,-118.247767
3737-XBQDD,United States,California,San Francisco,94102,Bay Area,37.788092,-122.437119
5882-CMAZQ,United States,California,San Francisco,94102,Bay Area,37.784154,-122.435543
5846-QFDFI,United States,California,Sacramento,95814,Northern California,38.562469,-121.499069
4445-KWOKW,United States,California,San Francisco,94110,Bay Area,37.73599,-122.410965
3511-APPBJ,United States,California,Fresno,93721,Central Valley,36.733872,-119.780555
7967-HYCDE,United States,California,San Francisco,94110,Bay Area,37.732145,-122.403043
2430-RRYUW,United States,California,San Jose,95113,Bay Area,37.328598,-121.905246
3948-XHGNA,United States,California,Long Beach,90802,Southern California,33.786234,-118.186003
3723-BFBGR,United States,California,Los Angeles,90012,Southern California,34.066535,-118.220263
0565-IYCGT,United States,California,Bakersfield,93301,Central Valley,35.374506,-119.036127
5447-WZAFP,United States,California,Los Angeles,90001,Southern California,33.990515,-118.237844
5110-CHOPY,United States,California,Oakland,94612,Bay Area,37.795035,-122.254588
5445-UTODQ,United States,California,San Francisco,94110,Bay Area,37.759613,-122.426517
4425-OWHWB,United States,California,Los Angeles,90001,Southern California,33.954326,-118.2281
7892-QVYKW,United States,California,Los Angeles,90001,Southern California,33.962538,-118.2292
9675-ICXCT,United States,California,San Jose,95113,Bay Area,37.350332,-121.882607
1024-VRZHF,United States,California,Los Angeles,90001,Southern California,33.959684,-118.24344
4703-MQYKT,United States,California,San Diego,92101,Southern California,32.725598,-117.156743
9497-QCMMS,United States,California,Los Angeles,90001,Southern California,33.990646,-118.23031
5692-ICXLW,United States,California,Los Angeles,90012,Southern California,34.045471,-118.247529
0602-DDUML,United States,California,San Francisco,94102,Bay Area,37.797652,-122.408929
2208-MPXIO,United States,California,Los Angeles,90012,Southern California,34.079276,-118.255839
1960-UYCNN,United States,California,San Francisco,94102,Bay Area,37.764213,-122.430921
0348-SDKOL,United States,California,Sacramento,95814,Northern California,38.575754,-121.503103
3190-FZATL,United States,California,Fresno,93721,Central Valley,36.719881,-119.786606
7336-RLLRH,United States,California,Oakland,94612,Bay Area,37.812162,-122.264487
4373-MAVJG,United States,California,Bakersfield,93301,Central Valley,35.362088,-119.010534
8901-HJXTF,United States,California,San Francisco,94102,Bay Area,37.776563,-122.42635
7710-JSYOA,United States,California,Los Angeles,90012,Southern California,34.052628,-118.254455
5419-KLXBN,United States,California,San Francisco,94102,Bay Area,37.768102,-122.400774
3424-NMNBO,United States,California,Los Angeles,90001,Southern California,33.987972,-118.230473
9885-MFVSU,United States,California,San Diego,92101,Southern California,32.733207,-117.142941
4514-GFCFI,United States,California,San Francisco,94102,Bay Area,37.779095,-122.437029
0607-MVMGC,United States,California,Los Angeles,90001,Southern California,33.991814,-118.250119
3365-SAIGS,United States,California,San Francisco,94110,Bay Area,37.749643,-122.423965
9828-AOQLM,United States,California,San Francisco,94102,Bay Area,37.78542,-122.423795
8022-BECSI,United States,California,Anaheim,92805,Southern California,33.821759,-117.915063
8000-REIQB,United States,California,San Diego,92101,Southern California,32.728331,-117.149567
9993-LHIEB,United States,California,San Jose,95113,Bay Area,37.316055,-121.88539
0266-CLZKZ,United States,California,San Jose,95113,Bay Area,37.34638,-121.879044
7615-ESMYF,United States,California,San Francisco,94102,Bay Area,37.78152,-122.411296
3858-VOBET,United States,California,Anaheim,92805,Southern California,33.853564,-117.930748
7020-OZKXZ,United States,California,Los Angeles,90012,Southern California,34.080918,-118.221956
3977-QCRSL,United States,California,Los Angeles,90001,Southern California,33.976065,-118.256308
0017-DINOC,United States,California,San Francisco,94110,Bay Area,37.760293,-122.421327
1447-PJGGA,United States,California,San Francisco,94102,Bay Area,37.764719,-122.414378
8565-CLBZW,United States,California,San Francisco,94102,Bay Area,37.779817,-122.437059
9139-WQQDY,United States,California,San Jose,95113,Bay Area,37.327382,-121.887307
0224-HJAPT,United States,California,Los Angeles,90012,Southern California,34.042463,-118.226313
8086-OVPWV,United States,California,San Francisco,94110,Bay Area,37.749936,-122.428322
9430-FRQOC,United States,California,Bakersfield,93301,Central Valley,35.370094,-119.011234
7639-OPLNG,United States,California,Los Angeles,90001,Southern California,33.95599,-118.265951
3074-GQWYX,United States,California,San Francisco,94110,Bay Area,37.737561,-122.399023
1492-QGCLU,United States,California,Anaheim,92805,Southern California,33.850439,-117.919876
6845-RGTYS,United States,California,Anaheim,92805,Southern California,33.826121,-117.909775
7328-OWMOM,United States,California,Los Angeles,90001,Southern California,33.967891,-118.259116
4418-LZMSV,United States,California,Los Angeles,90001,Southern California,33.992113,-118.231367
5155-AZQPB,United States,California,Los Angeles,90012,Southern California,34.05994,-118.234616
8861-HGGKB,United States,California,Los Angeles,90001,Southern California,33.962846,-118.230156
1087-GRUYI,United States,California,San Jose,95113,Bay Area,37.343182,-121.886313
7065-YUNRY,United States,California,Fresno,93721,Central Valley,36.730061,-119.798351
7694-VLBWQ,United States,California,Fresno,93721,Central Valley,36.744332,-119.781585
2546-KZAAT,United States,California,Los Angeles,90001,Southern California,33.967456,-118.231768
0181-RITDD,United States,California,Bakersfield,93301,Central Valley,35.353695,-119.003856
5989-PGKJB,United States,California,Los Angeles,90012,Southern California,34.065706,-118.249799
4795-KTRTH,United States,California,San Jose,95113,Bay Area,37.319507,-121.889611
8272-ONJLV,United States,California,Los Angeles,90012,Southern California,34.05298,-118.249043
1488-PBLJN,United States,California,San Francisco,94102,Bay Area,37.79393,-122.408771
0308-GIQJT,United States,California,Los Angeles,90012,Southern California,34.060403,-118.234087
3778-FOAQW,United States,California,Long Beach,90802,Southern California,33.7647,-118.210757
4452-ROHMO,United States,California,San Diego,92101,Southern California,32.733182,-117.176905
6481-OGDOO,United States,California,Los Angeles,90001,Southern California,33.971086,-118.230496
3090-LETTY,United States,California,Los Angeles,90012,Southern California,34.054697,-118.2481
5349-AZPEW,United States,California,San Diego,92101,Southern California,32.708591,-117.162171
3753-TSEMP,United States,California,Sacramento,95814,Northern California,38.596113,-121.508541
8305-VHZBZ,United States,California,Los Angeles,90001,Southern California,33.988217,-118.243258
9720-JJJOR,United States,California,Anaheim,92805,Southern California,33.819484,-117.908119
8100-HZZLJ,United States,California,San Diego,92101,Southern California,32.710454,-117.172967
8775-ERLNB,United States,California,Oakland,94612,Bay Area,37.809014,-122.282876
8309-IEYJD,United States,California,Los Angeles,90012,Southern California,34.054382,-118.235633
9172-JITSM,United States,California,San Jose,95113,Bay Area,37.331081,-121.890421
6298-QDFNH,United States,California,San Jose,95113,Bay Area,37.335518,-121.906287
7398-HPYZQ,United States,California,Los Angeles,90001,Southern California,33.988422,-118.257491
3546-GHEAE,United States,California,Los Angeles,90012,Southern California,34.042642,-118.25774
7361-YPXFS,United States,California,Los Angeles,90012,Southern California,34.072116,-118.251835
6557-BZXLQ,United States,California,San Diego,92101,Southern California,32.73372,-117.158467
2550-QHZGP,United States,California,Los Angeles,90001,Southern California,33.963363,-118.254455
7519-JTWQH,United States,California,Los Angeles,90012,Southern California,34.0602,-118.24423
2538-OIMXF,United States,California,Los Angeles,90012,Southern California,34.054159,-118.256756
8543-MSDMF,United States,California,San Francisco,94102,Bay Area,37.796982,-122.405643
9961-JBNMK,United States,California,San Diego,92101,Southern California,32.704263,-117.178306
1170-SASML,United States,California,San Diego,92101,Southern California,32.702248,-117.169928
4872-JCVCA,United States,California,Oakland,94612,Bay Area,37.791776,-122.270339
5346-BZCHP,United States,California,San Diego,92101,Southern California,32.725769,-117.17105
2038-LLMLM,United States,California,Sacramento,95814,Northern California,38.598922,-121.500146
6173-ITPWD,United States,California,Los Angeles,90012,Southern California,34.057593,-118.234291
9734-UYXQI,United States,California,Fresno,93721,Central Valley,36.732029,-119.802306
1216-BGTSP,United States,California,Bakersfield,93301,Central Valley,35.376678,-119.02186
4138-NAXED,United States,California,Sacramento,95814,Northern California,38.588321,-121.480831
2189-UXTKY,United States,California,Los Angeles,90012,Southern California,34.074657,-118.221198
0744-BIKKF,United States,California,Sacramento,95814,Northern California,38.577951,-121.478536
7483-IQWIB,United States,California,Bakersfield,93301,Central Valley,35.359346,-119.032205
5248-KWLAR,United States,California,Los Angeles,90012,Southern California,34.062848,-118.224969
4958-GZWIY,United States,California,Los Angeles,90012,Southern California,34.080739,-118.237009
7996-MHXLW,United States,California,Oakland,94612,Bay Area,37.806848,-122.283386
7833-PKIHD,United States,California,Los Angeles,90001,Southern California,33.959609,-118.25839
7061-OVMIM,United States,California,Oakland,94612,Bay Area,37.809189,-122.271229
5153-RTHKF,United States,California,Los Angeles,90001,Southern California,33.96956,-118.229591
1852-QSWCD,United States,California,Los Angeles,90012,Southern California,34.042717,-118.242683
4832-VRBMR,United States,California,San Francisco,94110,Bay Area,37.731064,-122.422497
9079-LWTFD,United States,California,San Jose,95113,Bay Area,37.349593,-121.888547
6356-ELRKD,United States,California,Los Angeles,90001,Southern California,33.960003,-118.257186
8624-GIOUT,United States,California,Los Angeles,90001,Southern California,33.967482,-118.249595
3392-EHMNK,United States,California,Los Angeles,90001,Southern California,33.966339,-118.2518
5986-WWXDV,United States,California,Los Angeles,90001,Southern California,33.975015,-118.229722
3061-BCKYI,United States,California,San Francisco,94102,Bay Area,37.768895,-122.423685
6179-GJPSO,United States,California,San Diego,92101,Southern California,32.707714,-117.149822
7901-TBKJX,United States,California,Los Angeles,90001,Southern California,33.986535,-118.232635
7228-PAQPD,United States,California,Los Angeles,90012,Southern California,34.064779,-118.239254
3177-LASXD,United States,California,Los Angeles,90001,Southern California,33.974818,-118.245776
7746-QYVCO,United States,California,San Francisco,94102,Bay Area,37.768237,-122.403318
5804-HYIEZ,United States,California,Los Angeles,90001,Southern California,33.979455,-118.247447
9919-FZDED,United States,California,San Jose,95113,Bay Area,37.3532,-121.91059
5934-TSSAU,United States,California,Sacramento,95814,Northern California,38.566026,-121.483913
3486-KHMLI,United States,California,Bakersfield,93301,Central Valley,35.384924,-119.000026
4897-QSUYC,United States,California,San Francisco,94102,Bay Area,37.790227,-122.428262
1084-UQCHV,United States,California,San Francisco,94110,Bay Area,37.765571,-122.426315
8290-YWKHZ,United States,California,Los Angeles,90001,Southern California,33.990258,-118.231864
2955-BJZHG,United States,California,Los Angeles,90012,Southern California,34.051673,-118.228673
3806-DXQOM,United States,California,Los Angeles,90001,Southern California,33.9747,-118.2653
6784-XYJAE,United States,California,Los Angeles,90001,Southern California,33.978384,-118.263641
3933-DQPWX,United States,California,Los Angeles,90001,Southern California,33.961164,-118.23038
6661-EIPZC,United States,California,Los Angeles,90012,Southern California,34.079485,-118.228191
8957-THMOA,United States,California,Sacramento,95814,Northern California,38.570649,-121.486182
2251-PYLPB,United States,California,Los Angeles,90001,Southern California,33.986388,-118.256425
5555-RNPGT,United States,California,Sacramento,95814,Northern California,38.590943,-121.501489
1057-FOGLZ,United States,California,San Diego,92101,Southern California,32.71972,-117.154985
9300-RENDD,United States,California,San Diego,92101,Southern California,32.70815,-117.164603
0761-AETCS,United States,California,Los Angeles,90012,Southern California,34.067868,-118.236044
8087-LGYHQ,United States,California,Los Angeles,90001,Southern California,33.970992,-118.258691
4137-BTIKL,United States,California,San Francisco,94102,Bay Area,37.782947,-122.407549
2190-BCXEC,United States,California,San Francisco,94110,Bay Area,37.732642,-122.433251
6227-FBDXH,United States,California,Sacramento,95814,Northern California,38.569266,-121.499558
2153-MREFK,United States,California,Los Angeles,90001,Southern California,33.972204,-118.255599
2911-WDXMV,United States,California,San Francisco,94110,Bay Area,37.745333,-122.415231
7206-PQBBZ,United States,California,Bakersfield,93301,Central Valley,35.374323,-119.018861
3106-ULWFW,United States,California,San Diego,92101,Southern California,32.721436,-117.165835
0925-VYDLG,United States,California,San Francisco,94102,Bay Area,37.789033,-122.408405
4547-FZJWE,United States,California,San Francisco,94110,Bay Area,37.73951,-122.425804
7422-WNBTY,United States,California,Los Angeles,90012,Southern California,34.062554,-118.256827
0842-IWYCP,United States,California,Los Angeles,90001,Southern California,33.960968,-118.249686
3521-HTQTV,United States,California,San Diego,92101,Southern California,32.703371,-117.146438
3744-ZBHON,United States,California,Los Angeles,90001,Southern California,33.981568,-118.228906
3373-DIUUN,United States,California,Sacramento,95814,Northern California,38.592588,-121.479422
8383-SGHJU,United States,California,Anaheim,92805,Southern California,33.852028,-117.903248
7607-QKKTJ,United States,California,Los Angeles,90001,Southern California,33.981503,-118.263205
7707-PYBBH,United States,California,Los Angeles,90001,Southern California,33.95614,-118.244494
8984-HPEMB,United States,California,Oakland,94612,Bay Area,37.819019,-122.257788
4349-GFQHK,United States,California,San Francisco,94102,Bay Area,37.762438,-122.435745
4139-DETXS,United States,California,Los Angeles,90001,Southern California,33.978102,-118.232263
9779-DPNEJ,United States,California,Sacramento,95814,Northern California,38.591988,-121.479123
9805-FILKB,United States,California,Fresno,93721,Central Valley,36.742508,-119.804055
5793-YOLJN,United States,California,Long Beach,90802,Southern California,33.754103,-118.209588
0673-IGUQO,United States,California,Bakersfield,93301,Central Valley,35.364679,-119.008021
4123-FCVCB,United States,California,Sacramento,95814,Northern California,38.588279,-121.47936
8819-IMISP,United States,California,San Diego,92101,Southern California,32.696707,-117.157147
7802-EFKNY,United States,California,San Diego,92101,Southern California,32.73415,-117.162127
8311-UEUAB,United States,California,San Francisco,94110,Bay Area,37.766101,-122.406973
5858-EAFCZ,United States,California,San Francisco,94110,Bay Area,37.745913,-122.411814
8035-BUYVG,United States,California,Los Angeles,90012,Southern California,34.066113,-118.249954
1163-ONYEY,United States,California,Los Angeles,90001,Southern California,33.989045,-118.243718
9787-XVQIU,United States,California,San Francisco,94102,Bay Area,37.76004,-122.418028
8945-MUQUF,United States,California,Sacramento,95814,Northern California,38.593531,-121.478127
5656-MJEFC,United States,California,San Diego,92101,Southern California,32.703455,-117.178568
6082-OQFBA,United States,California,Fresno,93721,Central Valley,36.750449,-119.797552
8051-HJRLT,United States,California,San Francisco,94102,Bay Area,37.791133,-122.414207
8974-OVACP,United States,California,Los Angeles,90001,Southern California,33.983086,-118.236717
4010-YLMVT,United States,California,San Diego,92101,Southern California,32.718879,-117.170238
1379-FRVEB,United States,California,Long Beach,90802,Southern California,33.756719,-118.189668
8612-GXIDD,United States,California,Fresno,93721,Central Valley,36.732122,-119.774801
6288-CHQJB,United States,California,San Francisco,94102,Bay Area,37.767544,-122.402379
8160-HOWOX,United States,California,Los Angeles,90012,Southern California,34.048686,-118.253631
3023-GFLBR,United States,California,San Jose,95113,Bay Area,37.322779,-121.894341
6648-INWPS,United States,California,Los Angeles,90001,Southern California,33.953614,-118.245824
4223-BKEOR,United States,California,Fresno,93721,Central Valley,36.724665,-119.796032
4079-VTGLK,United States,California,San Francisco,94102,Bay Area,37.76765,-122.434681
1763-WQFUK,United States,California,San Jose,95113,Bay Area,37.333273,-121.875214
1391-UBDAR,United States,California,Los Angeles,90001,Southern California,33.958544,-118.250103
8894-JVDCV,United States,California,Fresno,93721,Central Valley,36.741708,-119.783488
2023-VQFDL,United States,California,Los Angeles,90012,Southern California,34.046681,-118.23046
1345-GKDZZ,United States,California,San Francisco,94102,Bay Area,37.793078,-122.408997
2014-MKGMH,United States,California,San Diego,92101,Southern California,32.711686,-117.177625
5628-FCGYG,United States,California,Oakland,94612,Bay Area,37.793714,-122.27181
2560-WBWXF,United States,California,Bakersfield,93301,Central Valley,35.380221,-119.036296
0248-IPDFW,United States,California,San Diego,92101,Southern California,32.698795,-117.174251
7978-DKUQH,United States,California,San Diego,92101,Southern California,32.72075,-117.161339
4335-UPJSI,United States,California,Los Angeles,90012,Southern California,34.041833,-118.25745
0524-IAVZO,United States,California,Fresno,93721,Central Valley,36.72669,-119.775261
2737-YNGYW,United States,California,Los Angeles,90001,Southern California,33.974077,-118.264209
1784-EZDKJ,United States,California,San Francisco,94102,Bay Area,37.767703,-122.429367
9297-FVVDH,United States,California,Los Angeles,90001,Southern California,33.96362,-118.231118
8007-YYPWD,United States,California,San Francisco,94102,Bay Area,37.76529,-122.414546
7101-HRBLJ,United States,California,San Francisco,94102,Bay Area,37.763214,-122.439069
5159-YFPKQ,United States,California,San Francisco,94110,Bay Area,37.733463,-122.427995
6635-CPNUN,United States,California,San Jose,95113,Bay Area,37.333714,-121.887873
4021-RQSNY,United States,California,Los Angeles,90012,Southern California,34.061914,-118.234723
5453-YBTWV,United States,California,Los Angeles,90001,Southern California,33.961315,-118.237342
5039-LZRQT,United States,California,Oakland,94612,Bay Area,37.801214,-122.273237
2931-VUVJN,United States,California,San Jose,95113,Bay Area,37.342424,-121.891083
9061-TIHDA,United States,California,Los Angeles,90001,Southern California,33.988758,-118.246328
8699-ASUFO,United States,California,San Diego,92101,Southern California,32.706523,-117.153083
6418-PIQSP,United States,California,San Francisco,94102,Bay Area,37.772309,-122.419881
8220-OCUFY,United States,California,San Francisco,94102,Bay Area,37.779907,-122.411069
3995-WFCSM,United States,California,Fresno,93721,Central Valley,36.749207,-119.799459
1895-QTKDO,United States,California,San Diego,92101,Southern California,32.716811,-117.160371
2038-OEQZH,United States,California,Los Angeles,90001,Southern California,33.991022,-118.253523
1178-PZGAB,United States,California,Anaheim,92805,Southern California,33.846256,-117.907041
7927-AUXBZ,United States,California,San Francisco,94102,Bay Area,37.79381,-122.431639
2626-VEEWG,United States,California,Los Angeles,90012,Southern California,34.073561,-118.238133
2878-RMWXY,United States,California,Los Angeles,90001,Southern California,33.980111,-118.237918
1657-DYMBM,United States,California,Fresno,93721,Central Valley,36.733874,-119.79496
7311-MQJCH,United States,California,Los Angeles,90001,Southern California,33.980775,-118.239379
7375-WMVMT,United States,California,Los Angeles,90001,Southern California,33.974202,-118.246144
1136-XGEQU,United States,California,San Diego,92101,Southern California,32.729288,-117.171049
2530-FMFXO,United States,California,San Francisco,94102,Bay Area,37.796918,-122.433305
6844-DZKRF,United States,California,Los Angeles,90012,Southern California,34.053712,-118.227767
4695-WJZUE,United States,California,Los Angeles,90001,Southern California,33.955452,-118.239474
7619-ODSGN,United States,California,Long Beach,90802,Southern California,33.782242,-118.17598
5970-GHJAW,United States,California,San Jose,95113,Bay Area,37.337376,-121.883812
8879-XUAHX,United States,California,Los Angeles,90012,Southern California,34.057439,-118.23079
3689-MOZGR,United States,California,Los Angeles,90001,Southern California,33.971689,-118.252839
4195-PNGZS,United States,California,San Francisco,94102,Bay Area,37.787244,-122.420223
5003-XZWWO,United States,California,Los Angeles,90012,Southern California,34.056785,-118.225707
3988-RQIXO,United States,California,Los Angeles,90012,Southern California,34.044253,-118.234152
7622-FWGEW,United States,California,Los Angeles,90001,Southern California,33.970113,-118.242245
6922-NCEDI,United States,California,San Jose,95113,Bay Area,37.329053,-121.886959
2514-GINMM,United States,California,San Jose,95113,Bay Area,37.326064,-121.892247
9891-NQDBD,United States,California,Long Beach,90802,Southern California,33.768252,-118.194402
6131-IUNXN,United States,California,Los Angeles,90001,Southern California,33.954906,-118.260062
8548-AWOFC,United States,California,Los Angeles,90001,Southern California,33.982131,-118.234771
9798-DRYDS,United States,California,San Diego,92101,Southern California,32.706299,-117.167527
8532-UEFWH,United States,California,San Diego,92101,Southern California,32.7072,-117.175878
6296-DDOOR,United States,California,Sacramento,95814,Northern California,38.596672,-121.500247
7951-VRDVK,United States,California,San Francisco,94102,Bay Area,37.766763,-122.407957
5931-FLJJF,United States,California,San Francisco,94102,Bay Area,37.763702,-122.433382
4815-YOSUK,United States,California,Los Angeles,90001,Southern California,33.979649,-118.237265
2659-VXMWZ,United States,California,San Jose,95113,Bay Area,37.321802,-121.871251
0380-NEAVX,United States,California,Los Angeles,90001,Southern California,33.986662,-118.238475
3207-OYBWH,United States,California,Fresno,93721,Central Valley,36.718131,-119.784634
4285-GYRQC,United States,California,Long Beach,90802,Southern California,33.776727,-118.190775
7216-EWTRS,United States,California,San Francisco,94102,Bay Area,37.773947,-122.412333
4365-MSDYN,United States,California,San Diego,92101,Southern California,32.733171,-117.149095
7036-TYDEC,United States,California,San Jose,95113,Bay Area,37.342971,-121.892458
5802-ADBRC,United States,California,San Diego,92101,Southern California,32.7247,-117.169176
8076-FEZKJ,United States,California,Fresno,93721,Central Valley,36.731418,-119.790029
5197-YPYBZ,United States,California,Los Angeles,90012,Southern California,34.079118,-118.250157
8337-MSSXB,United States,California,Oakland,94612,Bay Area,37.794917,-122.252978
4312-GVYNH,United States,California,Los Angeles,90012,Southern California,34.080961,-118.228107
8495-LJDFO,United States,California,Sacramento,95814,Northern California,38.601275,-121.490151
0839-JTCUD,United States,California,San Jose,95113,Bay Area,37.330626,-121.897
5494-WOZRZ,United States,California,San Jose,95113,Bay Area,37.337342,-121.902413
1302-UHBDD,United States,California,San Diego,92101,Southern California,32.730341,-117.178893
2234-EOFPT,United States,California,Anaheim,92805,Southern California,33.852117,-117.910189
8619-IJNDK,United States,California,Los Angeles,90001,Southern California,33.95551,-118.251053
8378-LKJAF,United States,California,San Francisco,94102,Bay Area,37.782199,-122.434741
8182-BJDSI,United States,California,Los Angeles,90001,Southern California,33.992715,-118.257104
2528-HFYZX,United States,California,Fresno,93721,Central Valley,36.749977,-119.772571
1153-GNOLC,United States,California,Los Angeles,90012,Southern California,34.048195,-118.224518
3298-QEICA,United States,California,Anaheim,92805,Southern California,33.832187,-117.910199
0788-DXBFY,United States,California,Los Angeles,90001,Southern California,33.958554,-118.26618
3597-YASZG,United States,California,Los Angeles,90001,Southern California,33.980395,-118.243975
3496-LFSZU,United States,California,Fresno,93721,Central Valley,36.754232,-119.768907
5242-UOWHD,United States,California,Los Angeles,90001,Southern California,33.963226,-118.266311
2482-CZGBB,United States,California,San Francisco,94102,Bay Area,37.784779,-122.400259
6479-SZPLM,United States,California,San Francisco,94110,Bay Area,37.731611,-122.403065
8097-VBQTZ,United States,California,Los Angeles,90012,Southern California,34.053733,-118.234964
4500-HKANN,United States,California,Oakland,94612,Bay Area,37.799702,-122.268914
9917-KWRBE,United States,California,San Jose,95113,Bay Area,37.341695,-121.886357
3420-ZDBMA,United States,California,San Francisco,94102,Bay Area,37.777409,-122.402981
2212-LYASK,United States,California,San Francisco,94110,Bay Area,37.764808,-122.411582
1393-IMKZG,United States,California,Los Angeles,90001,Southern California,33.988397,-118.241415
8069-RHUXK,United States,California,San Francisco,94102,Bay Area,37.791351,-122.419844
3398-GCPMU,United States,California,Los Angeles,90001,Southern California,33.954722,-118.243668
2908-WGAXL,United States,California,Oakland,94612,Bay Area,37.801038,-122.26078
3378-AJRAO,United States,California,Anaheim,92805,Southern California,33.84644,-117.915556
1013-QCWAM,United States,California,Los Angeles,90012,Southern California,34.050259,-118.249936
0866-QLSIR,United States,California,Los Angeles,90001,Southern California,33.976012,-118.234292
6050-FFXES,United States,California,Oakland,94612,Bay Area,37.789385,-122.254379
7181-BQYBV,United States,California,San Diego,92101,Southern California,32.727979,-117.145072
0362-RAOQO,United States,California,Los Angeles,90012,Southern California,34.051734,-118.252289
9554-DFKIC,United States,California,San Francisco,94102,Bay Area,37.781821,-122.419723
5527-ACHSO,United States,California,Sacramento,95814,Northern California,38.590805,-121.490513
0829-DDVLK,United States,California,San Jose,95113,Bay Area,37.341789,-121.880671
1399-UBQIU,United States,California,San Francisco,94110,Bay Area,37.742795,-122.420653
1813-JLKWR,United States,California,San Diego,92101,Southern California,32.71167,-117.165809
0336-PIKEI,United States,California,San Francisco,94102,Bay Area,37.792639,-122.40276
7322-OCWHC,United States,California,Los Angeles,90012,Southern California,34.057328,-118.235646
9537-VHDTA,United States,California,Los Angeles,90012,Southern California,34.070271,-118.219438
4957-TIALW,United States,California,San Jose,95113,Bay Area,37.317757,-121.877044
2054-PJOCK,United States,California,San Francisco,94102,Bay Area,37.787401,-122.412816
9150-HEPMB,United States,California,Los Angeles,90001,Southern California,33.990886,-118.250822
9030-QGZNL,United States,California,San Francisco,94102,Bay Area,37.765433,-122.409426
6204-IEUXJ,United States,California,Los Angeles,90001,Southern California,33.970712,-118.237013
3126-WQMGH,United States,California,Los Angeles,90012,Southern California,34.066054,-118.243056
4529-CKBCL,United States,California,Los Angeles,90001,Southern California,33.980883,-118.247095
2506-CLAKW,United States,California,Oakland,94612,Bay Area,37.814557,-122.269189
7176-WRTNX,United States,California,Fresno,93721,Central Valley,36.74482,-119.807028
1583-IHQZE,United States,California,Los Angeles,90012,Southern California,34.06691,-118.218671
5732-IKGQH,United States,California,San Francisco,94102,Bay Area,37.768143,-122.423602
9239-GZHZE,United States,California,San Francisco,94102,Bay Area,37.79839,-122.421116
7205-BAIAD,United States,California,San Francisco,94102,Bay Area,37.762064,-122.42086
0151-ONTOV,United States,California,Oakland,94612,Bay Area,37.806025,-122.25985
4140-MUHUG,United States,California,Anaheim,92805,Southern California,33.837631,-117.926596
0093-EXYQL,United States,California,San Francisco,94102,Bay Area,37.764346,-122.410235
8064-RAVOH,United States,California,San Diego,92101,Southern California,32.720517,-117.163499
0219-QAERP,United States,California,Los Angeles,90001,Southern California,33.992382,-118.2629
0320-JDNQG,United States,California,Oakland,94612,Bay Area,37.788092,-122.287872
7180-PISOG,United States,California,Long Beach,90802,Southern California,33.789279,-118.192961
9168-INPSZ,United States,California,San Francisco,94110,Bay Area,37.741394,-122.40358
3571-RFHAR,United States,California,Los Angeles,90012,Southern California,34.065736,-118.238259
0015-UOCOJ,United States,California,San Francisco,94102,Bay Area,37.782627,-122.42631
5334-AFQJB,United States,California,Los Angeles,90012,Southern California,34.04233,-118.256549
2754-SDJRD,United States,California,San Jose,95113,Bay Area,37.329995,-121.892309
9578-VRMNM,United States,California,San Francisco,94102,Bay Area,37.777289,-122.427599
1587-FKLZB,United States,California,Bakersfield,93301,Central Valley,35.362226,-119.003301
6140-QNRQQ,United States,California,San Jose,95113,Bay Area,37.313799,-121.907486
8963-JLGJT,United States,California,Long Beach,90802,Southern California,33.785993,-118.207577
4307-KTUMW,United States,California,Los Angeles,90001,Southern California,33.988523,-118.234731
1465-LNTLJ,United States,California,Los Angeles,90001,Southern California,33.960325,-118.229674
5440-FLBQG,United States,California,San Francisco,94110,Bay Area,37.743574,-122.42804
2135-DQWAQ,United States,California,San Francisco,94110,Bay Area,37.756831,-122.419612
4056-QHXHZ,United States,California,San Diego,92101,Southern California,32.715426,-117.158735
7470-MCQTK,United States,California,Los Angeles,90001,Southern California,33.979531,-118.250706
7488-MXJIV,United States,California,Los Angeles,90012,Southern California,34.079932,-118.22247
7401-JIXNM,United States,California,San Diego,92101,Southern California,32.705179,-117.176175
9339-FIIJL,United States,California,Los Angeles,90001,Southern California,33.988497,-118.260217
2027-FECZV,United States,California,Los Angeles,90001,Southern California,33.956924,-118.241631
2672-DZUOY,United States,California,San Francisco,94102,Bay Area,37.766302,-122.438023
4706-DGAHW,United States,California,Los Angeles,90012,Southern California,34.064177,-118.220217
3870-MQAMG,United States,California,Anaheim,92805,Southern California,33.819586,-117.928643
6670-MFRPK,United States,California,Anaheim,92805,Southern California,33.839375,-117.919584
6177-PEVRA,United States,California,Los Angeles,90001,Southern California,33.979804,-118.235448
4800-CZMPC,United States,California,San Francisco,94102,Bay Area,37.777145,-122.415911
4813-HQMGZ,United States,California,San Diego,92101,Southern California,32.721901,-117.168722
7579-KKLOE,United States,California,Los Angeles,90012,Southern California,34.076909,-118.253993
7377-DMMRI,United States,California,Los Angeles,90001,Southern California,33.984288,-118.263314
8402-EIVQS,United States,California,Los Angeles,90001,Southern California,33.962076,-118.242105
4947-DSMXK,United States,California,San Francisco,94102,Bay Area,37.780198,-122.407685
7245-NIIWQ,United States,California,Los Angeles,90012,Southern California,34.056877,-118.258003
0002-ORFBO,United States,California,Long Beach,90802,Southern California,33.761532,-118.187881
3324-OIRTO,United States,California,Los Angeles,90012,Southern California,34.053196,-118.224283
5414-OFQCB,United States,California,Los Angeles,90001,Southern California,33.984901,-118.242376
4967-WPNCF,United States,California,Los Angeles,90001,Southern California,33.962034,-118.232367
8552-OBVRU,United States,California,Los Angeles,90001,Southern California,33.979403,-118.246632
8499-BRXTD,United States,California,Anaheim,92805,Southern California,33.844616,-117.923236
9154-QDGTH,United States,California,Los Angeles,90012,Southern California,34.058584,-118.253991
8197-BFWVU,United States,California,San Francisco,94102,Bay Area,37.782895,-122.428947
2577-GVSIL,United States,California,Fresno,93721,Central Valley,36.730594,-119.785571
9367-OIUXP,United States,California,San Francisco,94110,Bay Area,37.743976,-122.423385
6770-UAYGJ,United States,California,Los Angeles,90001,Southern California,33.969048,-118.228523
6463-HHXJR,United States,California,Los Angeles,90012,Southern California,34.075363,-118.233574
7928-VJYAB,United States,California,San Francisco,94102,Bay Area,37.778025,-122.422526
1187-WILMM,United States,California,San Diego,92101,Southern California,32.733575,-117.161954
9776-OJUZI,United States,California,San Francisco,94110,Bay Area,37.753343,-122.41112
1306-RPWXZ,United States,California,Fresno,93721,Central Valley,36.752837,-119.780221
8949-JTMAY,United States,California,San Jose,95113,Bay Area,37.329601,-121.904909
2774-LVQUS,United States,California,San Francisco,94110,Bay Area,37.744513,-122.413798
3097-PYWXL,United States,California,San Francisco,94110,Bay Area,37.740892,-122.40261
2266-SJNAT,United States,California,Los Angeles,90001,Southern California,33.964444,-118.236833
0869-PAPRP,United States,California,San Francisco,94102,Bay Area,37.766752,-122.423054
4238-JSSWH,United States,California,San Francisco,94110,Bay Area,37.769027,-122.399567
2972-YDYUW,United States,California,Los Angeles,90001,Southern California,33.97946,-118.25321
1104-FEJAM,United States,California,San Francisco,94102,Bay Area,37.797599,-122.405673
2809-ILCYT,United States,California,Los Angeles,90001,Southern California,33.957696,-118.25514
5499-ECUTN,United States,California,San Francisco,94102,Bay Area,37.797573,-122.401984
4981-FLTMF,United States,California,Los Angeles,90001,Southern California,33.978276,-118.254162
9121-PHQSR,United States,California,Los Angeles,90012,Southern California,34.043107,-118.220468
3113-IWHLC,United States,California,Anaheim,92805,Southern California,33.849613,-117.900147
3211-ILJTT,United States,California,Los Angeles,90001,Southern California,33.976176,-118.263036
4612-THJBS,United States,California,San Diego,92101,Southern California,32.706101,-117.141531
4277-BWBML,United States,California,San Francisco,94102,Bay Area,37.790938,-122.407641
4094-NSEDU,United States,California,Oakland,94612,Bay Area,37.804681,-122.286453
0234-TEVTT,United States,California,Oakland,94612,Bay Area,37.802802,-122.275214
4304-TSPVK,United States,California,Sacramento,95814,Northern California,38.597011,-121.47621
1552-AAGRX,United States,California,Long Beach,90802,Southern California,33.78829,-118.18477
2637-FKFSY,United States,California,Bakersfield,93301,Central Valley,35.365143,-119.021814
9796-MVYXX,United States,California,Fresno,93721,Central Valley,36.738076,-119.777688
7874-ECPQJ,United States,California,Los Angeles,90012,Southern California,34.078541,-118.229808
0020-INWCK,United States,California,San Jose,95113,Bay Area,37.335942,-121.89764
7089-RKVSZ,United States,California,Los Angeles,90001,Southern California,33.96209,-118.257562
2683-JXWQQ,United States,California,San Francisco,94110,Bay Area,37.753932,-122.426873
9548-ZMVTX,United States,California,Bakersfield,93301,Central Valley,35.371927,-119.008591
8739-XNIKG,United States,California,Oakland,94612,Bay Area,37.812663,-122.275075
9755-JHNMN,United States,California,Sacramento,95814,Northern California,38.573651,-121.510234
3981-QSVQI,United States,California,Bakersfield,93301,Central Valley,35.363898,-119.004138
2789-HQBOU,United States,California,San Diego,92101,Southern California,32.715531,-117.156973
9424-CMPOG,United States,California,Los Angeles,90012,Southern California,34.052333,-118.239022
5067-WJEUN,United States,California,Long Beach,90802,Southern California,33.78516,-118.202068
3450-WXOAT,United States,California,San Diego,92101,Southern California,32.706143,-117.14267
9251-WNSOD,United States,California,Anaheim,92805,Southern California,33.828864,-117.918746
6974-DAFLI,United States,California,Los Angeles,90012,Southern California,34.074966,-118.229662
2616-UUTFK,United States,California,Sacramento,95814,Northern California,38.564049,-121.483432
7064-JHXCE,United States,California,San Francisco,94102,Bay Area,37.762595,-122.418305
5103-MHMHY,United States,California,San Francisco,94102,Bay Area,37.765585,-122.426494
7989-AWGEH,United States,California,Long Beach,90802,Southern California,33.770813,-118.190288
4373-VVHQL,United States,California,Los Angeles,90001,Southern California,33.988898,-118.251215
4559-UWIHT,United States,California,San Jose,95113,Bay Area,37.34787,-121.888904
7268-IGMFD,United States,California,Los Angeles,90001,Southern California,33.975422,-118.236394
1846-XWOQN,United States,California,San Jose,95113,Bay Area,37.323933,-121.900732
0235-KGSLC,United States,California,San Jose,95113,Bay Area,37.325813,-121.888612
6650-BWFRT,United States,California,Anaheim,92805,Southern California,33.852228,-117.922164
9570-KYEUA,United States,California,San Francisco,94110,Bay Area,37.744371,-122.431091
6993-YGFJV,United States,California,San Diego,92101,Southern California,32.700355,-117.167365
2712-SYWAY,United States,California,San Francisco,94102,Bay Area,37.787829,-122.410558
0730-BGQGF,United States,California,Los Angeles,90001,Southern California,33.971353,-118.246112
5498-IBWPI,United States,California,Los Angeles,90012,Southern California,34.050892,-118.245284
9101-NTIXF,United States,California,San Francisco,94110,Bay Area,37.739433,-122.408646
0013-SMEOE,United States,California,San Francisco,94102,Bay Area,37.792353,-122.431675
9314-QDMDW,United States,California,San Francisco,94110,Bay Area,37.770692,-122.409792
9308-ANMVE,United States,California,San Jose,95113,Bay Area,37.331486,-121.876735
2884-GBPFB,United States,California,San Jose,95113,Bay Area,37.321191,-121.890403
3757-NJYBX,United States,California,San Francisco,94102,Bay Area,37.77949,-122.414047
3413-DHLPB,United States,California,Sacramento,95814,Northern California,38.570902,-121.507922
7649-PHJVR,United States,California,San Diego,92101,Southern California,32.735561,-117.169103
6114-TCFID,United States,California,Bakersfield,93301,Central Valley,35.375571,-119.022903
3787-TRIAL,United States,California,Long Beach,90802,Southern California,33.752537,-118.200212
2573-GYRUU,United States,California,Los Angeles,90001,Southern California,33.971395,-118.231659
5156-UMKOW,United States,California,San Diego,92101,Southern California,32.730706,-117.164959
1247-QBVSH,United States,California,San Francisco,94102,Bay Area,37.770897,-122.432403
6734-GMPVK,United States,California,Los Angeles,90001,Southern California,33.959549,-118.24719
9822-OAOVB,United States,California,San Jose,95113,Bay Area,37.348278,-121.886717
6161-ERDGD,United States,California,San Francisco,94102,Bay Area,37.793312,-122.427729
1226-JZNKR,United States,California,Los Angeles,90012,Southern California,34.055188,-118.240853
7318-EIVKO,United States,California,Los Angeles,90012,Southern California,34.0415,-118.222586
3771-PZOBW,United States,California,San Diego,92101,Southern California,32.714281,-117.144261
5136-KCKGI,United States,California,Sacramento,95814,Northern California,38.56552,-121.502401
8231-BSWXX,United States,California,Los Angeles,90001,Southern California,33.972491,-118.258706
6486-LHTMA,United States,California,San Diego,92101,Southern California,32.70475,-117.148191
4083-BFNYK,United States,California,Los Angeles,90001,Southern California,33.954283,-118.232915
3722-WPXTK,United States,California,Los Angeles,90001,Southern California,33.990836,-118.255191
7389-KBFIT,United States,California,Los Angeles,90001,Southern California,33.962602,-118.253424
7176-WIONM,United States,California,Los Angeles,90001,Southern California,33.982898,-118.239175
5141-ZUVBH,United States,California,Long Beach,90802,Southern California,33.780979,-118.197857
1089-HDMKP,United States,California,Los Angeles,90012,Southern California,34.048008,-118.256413
7623-HKYRK,United States,California,San Diego,92101,Southern California,32.711881,-117.166191
0310-SUCIN,United States,California,Sacramento,95814,Northern California,38.574988,-121.500141
5197-PYEPU,United States,California,San Diego,92101,Southern California,32.728938,-117.163501
2929-ERCFZ,United States,California,Los Angeles,90001,Southern California,33.968507,-118.236627
7548-SEPYI,United States,California,San Diego,92101,Southern California,32.717003,-117.156342
8835-VSDSE,United States,California,Los Angeles,90001,Southern California,33.961107,-118.258579
6619-RPLQZ,United States,California,Long Beach,90802,Southern California,33.780983,-118.176919
3275-RHRNE,United States,California,Los Angeles,90001,Southern California,33.95395,-118.247604
3503-TYDAY,United States,California,San Diego,92101,Southern California,32.708891,-117.152374
6901-GOGZG,United States,California,San Diego,92101,Southern California,32.717663,-117.179891
1623-NLDOT,United States,California,Los Angeles,90012,Southern California,34.04684,-118.240934
7021-XSNYE,United States,California,Sacramento,95814,Northern California,38.579072,-121.479457
9621-OUPYD,United States,California,San Francisco,94102,Bay Area,37.761242,-122.431998
9898-KZQDZ,United States,California,San Francisco,94102,Bay Area,37.78669,-122.414708
8982-NHAVY,United States,California,Oakland,94612,Bay Area,37.804094,-122.257562
4307-KWMXE,United States,California,Los Angeles,90012,Southern California,34.046424,-118.25786
0141-YEAYS,United States,California,Los Angeles,90012,Southern California,34.081339,-118.244492
2450-ZKEED,United States,California,San Jose,95113,Bay Area,37.325223,-121.871051
3694-DELSO,United States,California,Long Beach,90802,Southern California,33.775423,-118.188656
3893-JRNFS,United States,California,Los Angeles,90012,Southern California,34.045738,-118.237567
9603-OAIHC,United States,California,San Jose,95113,Bay Area,37.321366,-121.87845
1133-KXCGE,United States,California,San Francisco,94110,Bay Area,37.752549,-122.41737
5236-PERKL,United States,California,San Francisco,94110,Bay Area,37.74602,-122.408425
0142-GVYSN,United States,California,San Diego,92101,Southern California,32.702086,-117.16
1049-FYSYG,United States,California,Sacramento,95814,Northern California,38.595144,-121.483948
7854-FOKSF,United States,California,San Jose,95113,Bay Area,37.344567,-121.876231
2519-FAKOD,United States,California,Oakland,94612,Bay Area,37.79115,-122.255445
8406-LNMHF,United States,California,Los Angeles,90001,Southern California,33.957624,-118.242759
1821-BUCWY,United States,California,Los Angeles,90001,Southern California,33.965359,-118.25551
8263-JQAIK,United States,California,Los Angeles,90012,Southern California,34.081156,-118.229095
0023-UYUPN,United States,California,Long Beach,90802,Southern California,33.779933,-118.184164
8314-DPQHL,United States,California,San Francisco,94110,Bay Area,37.736643,-122.409701
1465-WCZVT,United States,California,Sacramento,95814,Northern California,38.580641,-121.481438
9481-SFCQY,United States,California,Los Angeles,90001,Southern California,33.968227,-118.256342
6360-SVNWV,United States,California,San Jose,95113,Bay Area,37.337895,-121.896947
0567-GGCAC,United States,California,San Jose,95113,Bay Area,37.319872,-121.886599
7089-IVVAZ,United States,California,Long Beach,90802,Southern California,33.751929,-118.195487
8884-MRNSU,United States,California,Sacramento,95814,Northern California,38.598551,-121.489498
2171-UDMFD,United States,California,San Diego,92101,Southern California,32.727681,-117.151673
9050-IKDZA,United States,California,Oakland,94612,Bay Area,37.797945,-122.2776
2205-YMZZJ,United States,California,San Francisco,94102,Bay Area,37.79666,-122.415749
9802-CAQUT,United States,California,San Francisco,94110,Bay Area,37.766029,-122.407612
1254-IZEYF,United States,California,Sacramento,95814,Northern California,38.592463,-121.491972
0187-WZNAB,United States,California,Los Angeles,90012,Southern California,34.057058,-118.258122
9492-TOKRI,United States,California,Los Angeles,90001,Southern California,33.968072,-118.24949
1475-VWVDO,United States,California,San Diego,92101,Southern California,32.724754,-117.156358
9221-OTIVJ,United States,California,Los Angeles,90012,Southern California,34.07228,-118.228526
1357-MVDOZ,United States,California,Los Angeles,90012,Southern California,34.062418,-118.220419
7602-MVRMB,United States,California,San Jose,95113,Bay Area,37.314931,-121.905055
3325-FUYCG,United States,California,San Francisco,94102,Bay Area,37.792004,-122.426457
5908-QMGOE,United States,California,Los Angeles,90012,Southern California,34.05586,-118.241358
1197-BVMVG,United States,California,San Diego,92101,Southern California,32.718127,-117.161292
5406-KGRMX,United States,California,Los Angeles,90001,Southern California,33.971277,-118.235745
8481-YYXWG,United States,California,San Francisco,94102,Bay Area,37.779417,-122.401021
5968-HYJRZ,United States,California,San Diego,92101,Southern California,32.718324,-117.148598
5198-EFNBM,United States,California,Los Angeles,90012,Southern California,34.046823,-118.252404
7516-GMHUV,United States,California,San Diego,92101,Southern California,32.701491,-117.179242
7140-ADSMJ,United States,California,Los Angeles,90001,Southern California,33.972126,-118.263804
2230-XTUWL,United States,California,Long Beach,90802,Southern California,33.788009,-118.1796
7706-YLMQA,United States,California,Los Angeles,90001,Southern California,33.9918,-118.245012
2585-KTFRE,United States,California,San Jose,95113,Bay Area,37.343038,-121.874069
7994-UYIVZ,United States,California,Los Angeles,90012,Southern California,34.076368,-118.224679
2609-IAICY,United States,California,Los Angeles,90012,Southern California,34.044885,-118.241127
1740-CSDJP,United States,California,Los Angeles,90001,Southern California,33.955761,-118.264706
7717-BICXI,United States,California,San Diego,92101,Southern California,32.728617,-117.168938
6559-RAKOZ,United States,California,Sacramento,95814,Northern California,38.582049,-121.497366
2636-OHFMN,United States,California,Los Angeles,90001,Southern California,33.970795,-118.248423
4716-MRVEN,United States,California,Los Angeles,90001,Southern California,33.965671,-118.246907
2143-LJULT,United States,California,Los Angeles,90001,Southern California,33.969583,-118.248946
1323-OOEPC,United States,California,San Francisco,94102,Bay Area,37.792021,-122.437716
3200-MNQTF,United States,California,San Francisco,94102,Bay Area,37.796958,-122.430651
6164-HXUGH,United States,California,San Jose,95113,Bay Area,37.343558,-121.893427
5630-IXDXV,United States,California,Los Angeles,90001,Southern California,33.991432,-118.232539
0320-DWVTU,United States,California,San Jose,95113,Bay Area,37.346938,-121.885922
9135-MGVPY,United States,California,Long Beach,90802,Southern California,33.75775,-118.191036
1212-GLHMD,United States,California,San Diego,92101,Southern California,32.726507,-117.172457
7878-JGDKK,United States,California,San Diego,92101,Southern California,32.704763,-117.165772
1088-AUUZZ,United States,California,Long Beach,90802,Southern California,33.77277,-118.213623
0397-GZBBC,United States,California,Los Angeles,90012,Southern California,34.059902,-118.24131
6614-YWYSC,United States,California,Oakland,94612,Bay Area,37.818472,-122.266137
9588-OZDMQ,United States,California,San Francisco,94102,Bay Area,37.792764,-122.41752
7641-EUYET,United States,California,Sacramento,95814,Northern California,38.590946,-121.477497
6476-EPYZR,United States,California,Long Beach,90802,Southern California,33.76424,-118.191969
9921-ZVRHG,United States,California,Los Angeles,90001,Southern California,33.985394,-118.262547
1174-FGIFN,United States,California,Los Angeles,90012,Southern California,34.069151,-118.245054
6620-HVDUJ,United States,California,Los Angeles,90001,Southern California,33.972377,-118.247145
4701-MLJPN,United States,California,Sacramento,95814,Northern California,38.582427,-121.48935
1032-MAELW,United States,California,San Diego,92101,Southern California,32.714117,-117.177294
7641-TQFHN,United States,California,San Francisco,94102,Bay Area,37.78043,-122.409712
1552-TKMXS,United States,California,San Francisco,94102,Bay Area,37.7757,-122.407431
9206-GVPEQ,United States,California,San Francisco,94110,Bay Area,37.745001,-122.432236
8622-ZLFKO,United States,California,Oakland,94612,Bay Area,37.78471,-122.287546
1596-BBVTG,United States,California,Los Angeles,90001,Southern California,33.971144,-118.239555
6188-UXBBR,United States,California,San Francisco,94102,Bay Area,37.78693,-122.40339
2333-KWEWW,United States,California,San Diego,92101,Southern California,32.701742,-117.173861
5702-SKUOB,United States,California,Los Angeles,90001,Southern California,33.992994,-118.235328
1134-YWTYF,United States,California,Los Angeles,90001,Southern California,33.980991,-118.237808
6061-GWWAV,United States,California,Los Angeles,90001,Southern California,33.966397,-118.266486
0679-TDGAK,United States,California,Los Angeles,90001,Southern California,33.989933,-118.228901
6585-WCEWR,United States,California,San Diego,92101,Southern California,32.719168,-117.172299
9067-YGSCA,United States,California,San Francisco,94110,Bay Area,37.757591,-122.397434
9067-SQTNS,United States,California,Long Beach,90802,Southern California,33.758299,-118.176899
8433-WXGNA,United States,California,Los Angeles,90001,Southern California,33.960954,-118.232278
1776-SPBWV,United States,California,Los Angeles,90012,Southern California,34.067932,-118.227989
8735-SDUFN,United States,California,San Francisco,94110,Bay Area,37.766096,-122.413888
9668-PUGNU,United States,California,Los Angeles,90001,Southern California,33.990265,-118.266479
9405-GPBBG,United States,California,San Francisco,94110,Bay Area,37.756243,-122.424968
1926-QUZNN,United States,California,Los Angeles,90012,Southern California,34.051387,-118.237602
3707-GNWHM,United States,California,Los Angeles,90001,Southern California,33.955393,-118.246437
7016-NVRIC,United States,California,Long Beach,90802,Southern California,33.757145,-118.208055
5829-NVSQN,United States,California,Los Angeles,90012,Southern California,34.052809,-118.248746
9565-AXSMR,United States,California,Oakland,94612,Bay Area,37.80971,-122.281949
8922-LIEGH,United States,California,Long Beach,90802,Southern California,33.785722,-118.209351
8869-LIHMK,United States,California,San Jose,95113,Bay Area,37.326926,-121.879615
8245-UMPYT,United States,California,Los Angeles,90012,Southern California,34.05124,-118.236514
5186-SAMNZ,United States,California,San Diego,92101,Southern California,32.698579,-117.148017
0447-RXSGD,United States,California,Los Angeles,90001,Southern California,33.991152,-118.260772
4927-WWOOZ,United States,California,San Francisco,94102,Bay Area,37.776197,-122.416659
5788-YPOEG,United States,California,Bakersfield,93301,Central Valley,35.389635,-119.017776
5373-SFODM,United States,California,Oakland,94612,Bay Area,37.810024,-122.264362
0661-KBKPA,United States,California,San Francisco,94102,Bay Area,37.786402,-122.438152
9081-WWXKP,United States,California,San Diego,92101,Southern California,32.724781,-117.164772
0784-ZQJZX,United States,California,San Diego,92101,Southern California,32.734079,-117.169329
3133-PZNSR,United States,California,Los Angeles,90001,Southern California,33.988413,-118.233733
5766-ZJYBB,United States,California,Los Angeles,90001,Southern California,33.988008,-118.252108
8931-GJJIQ,United States,California,Sacramento,95814,Northern California,38.57915,-121.474933
4277-PVRAN,United States,California,San Diego,92101,Southern California,32.735011,-117.15518
0022-TCJCI,United States,California,Anaheim,92805,Southern California,33.83931,-117.924106
0722-SVSFK,United States,California,San Francisco,94110,Bay Area,37.754791,-122.418863
3612-YVGSJ,United States,California,San Francisco,94102,Bay Area,37.778994,-122.409627
9825-YCXWZ,United States,California,Los Angeles,90001,Southern California,33.965197,-118.256516
5397-NSKQG,United States,California,Fresno,93721,Central Valley,36.756912,-119.791674
8565-HBFNN,United States,California,Los Angeles,90001,Southern California,33.966076,-118.2532
2000-DHJUY,United States,California,Long Beach,90802,Southern California,33.77562,-118.196804
0203-HHYIJ,United States,California,San Diego,92101,Southern California,32.697401,-117.16222
8670-ERCJH,United States,California,Los Angeles,90001,Southern California,33.971384,-118.264252
7758-UJWYS,United States,California,Los Angeles,90001,Southern California,33.9837,-118.243558
2050-ONYDQ,United States,California,San Jose,95113,Bay Area,37.347704,-121.89258
7055-JCGNI,United States,California,Bakersfield,93301,Central Valley,35.355116,-119.013684
0739-UUAJR,United States,California,Oakland,94612,Bay Area,37.803386,-122.270116
4826-DXMUP,United States,California,Los Angeles,90012,Southern California,34.041748,-118.247089
0952-KMEEH,United States,California,Los Angeles,90012,Southern California,34.051821,-118.235622
7285-KLOTR,United States,California,San Jose,95113,Bay Area,37.341875,-121.885816
0654-PQKDW,United States,California,San Diego,92101,Southern California,32.7245,-117.15913
7175-NTIXE,United States,California,San Francisco,94110,Bay Area,37.734924,-122.405612
7963-SHNDT,United States,California,Los Angeles,90012,Southern California,34.059972,-118.254814
9796-BPKIW,United States,California,San Francisco,94110,Bay Area,37.751201,-122.416965
0188-GWFLE,United States,California,Fresno,93721,Central Valley,36.717845,-119.767138
8129-GMVGI,United States,California,Sacramento,95814,Northern California,38.581325,-121.490688
2882-DDZPG,United States,California,San Francisco,94102,Bay Area,37.787601,-122.413458
3547-LQRIK,United States,California,San Francisco,94102,Bay Area,37.787666,-122.40209
9137-NOQKA,United States,California,Oakland,94612,Bay Area,37.801615,-122.25534
5843-TTHGI,United States,California,Long Beach,90802,Southern California,33.755236,-118.193368
1849-RJYIG,United States,California,San Diego,92101,Southern California,32.721958,-117.176436
8868-GAGIO,United States,California,Anaheim,92805,Southern California,33.823204,-117.926353
4061-UKJWL,United States,California,Fresno,93721,Central Valley,36.72957,-119.800754
5380-XPJNZ,United States,California,San Francisco,94110,Bay Area,37.750215,-122.434211
8263-QMNTJ,United States,California,Bakersfield,93301,Central Valley,35.380454,-119.029157
8178-EYZUO,United States,California,Oakland,94612,Bay Area,37.785635,-122.256864
3230-JCNZS,United States,California,Los Angeles,90012,Southern California,34.067538,-118.220167
0277-ORXQS,United States,California,San Francisco,94102,Bay Area,37.786521,-122.439039
5130-IEKQT,United States,California,Los Angeles,90001,Southern California,33.954906,-118.236406
3230-WYKIR,United States,California,Long Beach,90802,Southern California,33.770541,-118.181611
7996-BPXHY,United States,California,San Diego,92101,Southern California,32.720708,-117.171021
3227-WLKLI,United States,California,San Diego,92101,Southern California,32.700821,-117.158725
0407-BDJKB,United States,California,Long Beach,90802,Southern California,33.774899,-118.178119
2266-FUBDZ,United States,California,San Francisco,94110,Bay Area,37.738497,-122.432591
8237-ULIXL,United States,California,San Francisco,94102,Bay Area,37.798571,-122.438291
9600-UDOPK,United States,California,San Francisco,94102,Bay Area,37.788735,-122.428263
8216-AZUUZ,United States,California,Los Angeles,90001,Southern California,33.989154,-118.240806
9153-BTBVV,United States,California,Bakersfield,93301,Central Valley,35.363429,-119.013719
4074-SJFFA,United States,California,Los Angeles,90001,Southern California,33.960965,-118.235361
3269-ATYWD,United States,California,Los Angeles,90012,Southern California,34.078945,-118.245465
5186-PEIZU,United States,California,Los Angeles,90001,Southern California,33.958228,-118.252894
1074-AMIOH,United States,California,Bakersfield,93301,Central Valley,35.382711,-119.029287
4910-GMJOT,United States,California,Los Angeles,90012,Southern California,34.080959,-118.242292
0354-WYROK,United States,California,Anaheim,92805,Southern California,33.850004,-117.922634
4361-FEBGN,United States,California,San Francisco,94110,Bay Area,37.758543,-122.424182
7748-UMTRK,United States,California,Los Angeles,90001,Southern California,33.953334,-118.234836
0380-ZCSBI,United States,California,Sacramento,95814,Northern California,38.592872,-121.484783
7145-FEJWU,United States,California,Los Angeles,90001,Southern California,33.973905,-118.24934
6463-MVYRY,United States,California,Los Angeles,90012,Southern California,34.049593,-118.221652
3969-JQABI,United States,California,San Diego,92101,Southern California,32.710634,-117.179782
9624-EGDEQ,United States,California,Los Angeles,90001,Southern California,33.972084,-118.259852
1051-EQPZR,United States,California,San Diego,92101,Southern California,32.729649,-117.165248
5849-ASHZJ,United States,California,Sacramento,95814,Northern California,38.580211,-121.483295
5780-INQIK,United States,California,San Jose,95113,Bay Area,37.332501,-121.878072
7576-OYWBN,United States,California,San Francisco,94110,Bay Area,37.755156,-122.409113
4526-ZJJTM,United States,California,San Francisco,94102,Bay Area,37.795703,-122.420064
8384-FZBJK,United States,California,Los Angeles,90001,Southern California,33.97004,-118.23688
3750-RNQKR,United States,California,Los Angeles,90012,Southern California,34.066041,-118.239981
0962-CQPWQ,United States,California,Sacramento,95814,Northern California,38.599677,-121.479439
3096-YXENJ,United States,California,Los Angeles,90001,Southern California,33.992396,-118.249584
1265-BCFEO,United States,California,San Jose,95113,Bay Area,37.341201,-121.902422
5837-LXSDN,United States,California,San Jose,95113,Bay Area,37.341522,-121.902773
5945-AZYHT,United States,California,San Francisco,94110,Bay Area,37.762804,-122.409131
8325-QRPZR,United States,California,Los Angeles,90001,Southern California,33.963369,-118.246133
6384-VMJHP,United States,California,San Jose,95113,Bay Area,37.348428,-121.889544
2262-SLNVK,United States,California,Fresno,93721,Central Valley,36.739639,-119.772026
7730-CLDSV,United States,California,Los Angeles,90012,Southern California,34.046827,-118.256364
1135-HIORI,United States,California,San Diego,92101,Southern California,32.724833,-117.152972
0164-APGRB,United States,California,Sacramento,95814,Northern California,38.588887,-121.497079
6481-ESCNL,United States,California,San Jose,95113,Bay Area,37.347118,-121.909767
1790-NESIO,United States,California,Sacramento,95814,Northern California,38.581651,-121.487643
1550-EENBN,United States,California,San Francisco,94102,Bay Area,37.776211,-122.435337
5539-TMZLF,United States,California,Los Angeles,90001,Southern California,33.971423,-118.232142
4323-SADQS,United States,California,Los Angeles,90001,Southern California,33.990689,-118.251986
4446-BZKHU,United States,California,San Francisco,94110,Bay Area,37.765274,-122.412924
5202-IVJNU,United States,California,Long Beach,90802,Southern California,33.784001,-118.188631
5976-JCJRH,United States,California,Bakersfield,93301,Central Valley,35.353958,-119.004121
8198-RKSZG,United States,California,Oakland,94612,Bay Area,37.80516,-122.279564
0137-OCGAB,United States,California,San Francisco,94102,Bay Area,37.764053,-122.415828
3351-NQLDI,United States,California,Los Angeles,90001,Southern California,33.992076,-118.25125
9297-EONCV,United States,California,Sacramento,95814,Northern California,38.591415,-121.499843
7593-JNWRU,United States,California,Los Angeles,90012,Southern California,34.070398,-118.239175
4588-YBNIB,United States,California,Los Angeles,90001,Southern California,33.978861,-118.259566
1069-QJOEE,United States,California,San Diego,92101,Southern California,32.720448,-117.174141
3336-JORSO,United States,California,Oakland,94612,Bay Area,37.793275,-122.289365
7799-DSEWS,United States,California,Oakland,94612,Bay Area,37.798426,-122.28778
8766-PAFNE,United States,California,Los Angeles,90012,Southern California,34.048006,-118.223548
5315-CKEQK,United States,California,San Francisco,94102,Bay Area,37.798812,-122.403848
3130-ICDUP,United States,California,San Francisco,94110,Bay Area,37.741887,-122.403078
0820-FNRNX,United States,California,San Francisco,94110,Bay Area,37.750211,-122.434873
0880-FVFWF,United States,California,Los Angeles,90001,Southern California,33.960559,-118.260804
4611-ANLQC,United States,California,Sacramento,95814,Northern California,38.583914,-121.50087
4213-HKBJO,United States,California,Los Angeles,90001,Southern California,33.965144,-118.250728
2792-LSHWX,United States,California,Los Angeles,90012,Southern California,34.068227,-118.22561
5028-GZLDO,United States,California,Sacramento,95814,Northern California,38.562186,-121.51019
0014-BMAQU,United States,California,San Francisco,94102,Bay Area,37.769362,-122.400021
6861-XWTWQ,United States,California,Oakland,94612,Bay Area,37.817707,-122.260322
9018-PCIOK,United States,California,Los Angeles,90001,Southern California,33.963213,-118.261348
4837-QUSFT,United States,California,Los Angeles,90001,Southern California,33.978745,-118.258118
6877-TJMBR,United States,California,Los Angeles,90001,Southern California,33.95349,-118.263785
9953-ZMKSM,United States,California,Los Angeles,90012,Southern California,34.047073,-118.239286
0907-HQNTS,United States,California,Sacramento,95814,Northern California,38.571347,-121.496065
7665-NKLAV,United States,California,San Diego,92101,Southern California,32.723892,-117.171358
6769-DCQLI,United States,California,San Francisco,94102,Bay Area,37.793946,-122.429995
2433-KMEAS,United States,California,San Diego,92101,Southern California,32.715921,-117.16996
4391-LNRXK,United States,California,San Francisco,94102,Bay Area,37.761904,-122.399307
8250-ZNGGW,United States,California,Oakland,94612,Bay Area,37.785704,-122.287943
2195-ZRVAX,United States,California,Los Angeles,90012,Southern California,34.067171,-118.254572
3550-SAHFP,United States,California,San Francisco,94102,Bay Area,37.789474,-122.411385
2011-TRQYE,United States,California,Los Angeles,90001,Southern California,33.975571,-118.248963
8562-GHPPI,United States,California,San Diego,92101,Southern California,32.719925,-117.143389
5893-PYOLZ,United States,California,Los Angeles,90012,Southern California,34.076432,-118.233102
4986-MXSFP,United States,California,Long Beach,90802,Southern California,33.770373,-118.175473
6131-FOYAS,United States,California,San Francisco,94110,Bay Area,37.744519,-122.427081
3027-YNWZU,United States,California,Los Angeles,90012,Southern California,34.07028,-118.220691
5609-IMCGG,United States,California,Los Angeles,90001,Southern California,33.980822,-118.252861
4873-ILOLJ,United States,California,San Diego,92101,Southern California,32.708008,-117.160878
4727-MCYZG,United States,California,Sacramento,95814,Northern California,38.598393,-121.512462
9481-WHGWY,United States,California,San Jose,95113,Bay Area,37.320223,-121.905572
2725-KXXWT,United States,California,San Diego,92101,Southern California,32.720519,-117.154138
9565-DJPIB,United States,California,Los Angeles,90012,Southern California,34.048397,-118.242335
4328-VUFWD,United States,California,Los Angeles,90012,Southern California,34.048945,-118.227076
3301-LSLWQ,United States,California,Los Angeles,90001,Southern California,33.966438,-118.235497
7473-ZBDSN,United States,California,Los Angeles,90001,Southern California,33.961573,-118.238441
3166-PNEOF,United States,California,San Diego,92101,Southern California,32.719876,-117.170166
5639-NTUPK,United States,California,Los Angeles,90001,Southern California,33.959991,-118.229222
8780-YRMTT,United States,California,Los Angeles,90001,Southern California,33.953443,-118.2287
8348-HFYIV,United States,California,Los Angeles,90001,Southern California,33.989857,-118.235196
5140-FOMCQ,United States,California,San Diego,92101,Southern California,32.718522,-117.164997
6242-SGYTS,United States,California,Bakersfield,93301,Central Valley,35.38856,-119.023249
8166-ORCHU,United States,California,Oakland,94612,Bay Area,37.820916,-122.271401
8414-OOEEL,United States,California,San Diego,92101,Southern California,32.73391,-117.154267
8454-AATJP,United States,California,San Francisco,94102,Bay Area,37.7941,-122.42004
6849-WLEYG,United States,California,Los Angeles,90012,Southern California,34.053994,-118.229811
4659-NZRUF,United States,California,San Francisco,94110,Bay Area,37.758452,-122.41106
4531-AUZNK,United States,California,Fresno,93721,Central Valley,36.727031,-119.781974
4191-XOVOM,United States,California,Los Angeles,90001,Southern California,33.987469,-118.257177
2150-OEGBV,United States,California,Long Beach,90802,Southern California,33.757114,-118.193426
8429-XIBUM,United States,California,Oakland,94612,Bay Area,37.80414,-122.282831
1855-CFULU,United States,California,Los Angeles,90012,Southern California,34.061608,-118.220243
4878-BUNFV,United States,California,Los Angeles,90012,Southern California,34.056874,-118.243396
1872-EBWSC,United States,California,Los Angeles,90012,Southern California,34.071177,-118.238656
2608-BHKFN,United States,California,Fresno,93721,Central Valley,36.75641,-119.79524
7026-YMSBE,United States,California,Los Angeles,90001,Southern California,33.953251,-118.232392
7341-LXCAF,United States,California,Fresno,93721,Central Valley,36.729826,-119.787051
6997-UVGOX,United States,California,Los Angeles,90001,Southern California,33.960493,-118.23737
9674-EHPPG,United States,California,Oakland,94612,Bay Area,37.79965,-122.280443
9462-MJUAW,United States,California,San Francisco,94110,Bay Area,37.752971,-122.427451
8128-YVJRG,United States,California,Fresno,93721,Central Valley,36.751084,-119.783163
5440-VHLUL,United States,California,Los Angeles,90001,Southern California,33.968907,-118.251611
5781-BKHOP,United States,California,Bakersfield,93301,Central Valley,35.358533,-119.009424
4283-FUTGF,United States,California,San Jose,95113,Bay Area,37.339424,-121.871851
5213-TWWJU,United States,California,Los Angeles,90012,Southern California,34.077061,-118.238112
1569-TTNYJ,United States,California,Long Beach,90802,Southern California,33.766089,-118.203983
8628-MFKAX,United States,California,Sacramento,95814,Northern California,38.567168,-121.484037
2397-BRLOM,United States,California,Anaheim,92805,Southern California,33.820337,-117.903313
7629-WIXZF,United States,California,Fresno,93721,Central Valley,36.735258,-119.776518
5445-GLVOT,United States,California,San Francisco,94102,Bay Area,37.79698,-122.435113
3976-HXHCE,United States,California,San Francisco,94110,Bay Area,37.74804,-122.419344
2466-NEJOJ,United States,California,Los Angeles,90012,Southern California,34.069003,-118.247604
0254-KCJGT,United States,California,Los Angeles,90012,Southern California,34.046766,-118.239084
5472-CVMDX,United States,California,Los Angeles,90001,Southern California,33.963664,-118.260189
6461-SZMCV,United States,California,San Francisco,94102,Bay Area,37.791708,-122.404254
8150-QUDFX,United States,California,Los Angeles,90012,Southern California,34.071005,-118.236935
9508-ILZDG,United States,California,Los Angeles,90001,Southern California,33.959258,-118.235225
2346-DJQTB,United States,California,Los Angeles,90001,Southern California,33.974878,-118.236587
1697-LYYYX,United States,California,Bakersfield,93301,Central Valley,35.37014,-119.033955
1942-OQFRW,United States,California,Anaheim,92805,Southern California,33.824531,-117.910765
4749-VFKVB,United States,California,Oakland,94612,Bay Area,37.814183,-122.274338
9640-ZSLDC,United States,California,Long Beach,90802,Southern California,33.755657,-118.209992
4231-LZUYM,United States,California,Los Angeles,90012,Southern California,34.054122,-118.245008
7598-UAASY,United States,California,San Francisco,94102,Bay Area,37.759901,-122.422411
7938-OUHIO,United States,California,Los Angeles,90012,Southern California,34.067468,-118.241628
8510-AWCXC,United States,California,Oakland,94612,Bay Area,37.81417,-122.287496
6128-AQBMT,United States,California,Long Beach,90802,Southern California,33.78741,-118.192037
3594-BDSOA,United States,California,Los Angeles,90012,Southern California,34.063319,-118.257041
0431-APWVY,United States,California,San Diego,92101,Southern California,32.716364,-117.144764
5133-VRSAB,United States,California,San Francisco,94110,Bay Area,37.748931,-122.402328
5996-DAOQL,United States,California,Long Beach,90802,Southern California,33.787557,-118.180668
6838-YAUVY,United States,California,Anaheim,92805,Southern California,33.835356,-117.906666
0484-JPBRU,United States,California,Sacramento,95814,Northern California,38.58023,-121.486019
7883-ROJOC,United States,California,San Diego,92101,Southern California,32.73463,-117.144958
0244-LGNFY,United States,California,Los Angeles,90001,Southern California,33.986888,-118.244263
7274-CGTOD,United States,California,San Diego,92101,Southern California,32.702385,-117.160898
4295-YURET,United States,California,Sacramento,95814,Northern California,38.601485,-121.502296
3426-NIYYL,United States,California,San Francisco,94102,Bay Area,37.796907,-122.438998
8225-BTJAU,United States,California,Los Angeles,90012,Southern California,34.042095,-118.229432
4635-EJYPD,United States,California,Los Angeles,90012,Southern California,34.050456,-118.218563
1866-ZSLJM,United States,California,Bakersfield,93301,Central Valley,35.364397,-119.006567
4636-TVXVG,United States,California,San Diego,92101,Southern California,32.702903,-117.161569
4236-UJPWO,United States,California,San Francisco,94102,Bay Area,37.793871,-122.430175
9392-XBGTD,United States,California,Los Angeles,90012,Southern California,34.064656,-118.251478
3387-VATUS,United States,California,San Francisco,94102,Bay Area,37.793425,-122.43624
6402-SSEJG,United States,California,San Jose,95113,Bay Area,37.340252,-121.895468
1143-NMNQJ,United States,California,San Diego,92101,Southern California,32.703408,-117.155774
1169-SAOCL,United States,California,Los Angeles,90001,Southern California,33.958859,-118.247318
1110-KYLGQ,United States,California,Los Angeles,90001,Southern California,33.958316,-118.256484
9929-PLVPA,United States,California,San Jose,95113,Bay Area,37.323379,-121.878625
3518-PZXZQ,United States,California,Fresno,93721,Central Valley,36.721974,-119.786863
2371-JUNGC,United States,California,Los Angeles,90001,Southern California,33.954696,-118.24893
7693-QPEFS,United States,California,Los Angeles,90012,Southern California,34.052605,-118.237398
0924-BJCRC,United States,California,Los Angeles,90001,Southern California,33.963404,-118.254907
5074-FBGHB,United States,California,Los Angeles,90001,Southern California,33.958867,-118.235793
2351-BKRZW,United States,California,Los Angeles,90001,Southern California,33.990927,-118.242031
4455-BFSPD,United States,California,Los Angeles,90001,Southern California,33.985332,-118.256011
0415-MOSGF,United States,California,San Francisco,94110,Bay Area,37.741045,-122.433992
1724-BQUHA,United States,California,San Jose,95113,Bay Area,37.316439,-121.890619
3948-KXDUF,United States,California,San Jose,95113,Bay Area,37.340172,-121.903923
2323-ARSVR,United States,California,San Diego,92101,Southern California,32.705811,-117.165756
0815-MFZGM,United States,California,San Francisco,94102,Bay Area,37.770085,-122.400155
4826-XTSOH,United States,California,San Francisco,94102,Bay Area,37.773395,-122.419483
5480-XTFFL,United States,California,Los Angeles,90012,Southern California,34.050274,-118.233032
8295-FHIVV,United States,California,San Jose,95113,Bay Area,37.327577,-121.897712
2495-INZWQ,United States,California,San Jose,95113,Bay Area,37.341475,-121.892543
9086-YJYXS,United States,California,San Francisco,94102,Bay Area,37.786603,-122.416787
1179-INLAT,United States,California,Los Angeles,90012,Southern California,34.074449,-118.240241
7909-FIOIY,United States,California,San Francisco,94110,Bay Area,37.763717,-122.433191
4139-SUGLD,United States,California,San Diego,92101,Southern California,32.72821,-117.171125
6857-VWJDT,United States,California,Fresno,93721,Central Valley,36.72144,-119.768056
6351-SCJKT,United States,California,Los Angeles,90001,Southern California,33.957045,-118.255943
5468-BPMMO,United States,California,Los Angeles,90012,Southern California,34.045651,-118.229425
5624-BQSSA,United States,California,San Jose,95113,Bay Area,37.332535,-121.897006
0197-PNKNK,United States,California,Fresno,93721,Central Valley,36.718903,-119.77079
2439-QKJUL,United States,California,San Jose,95113,Bay Area,37.349994,-121.87139
1194-SPVSP,United States,California,San Francisco,94102,Bay Area,37.761508,-122.438177
9534-NSXEM,United States,California,Los Angeles,90001,Southern California,33.989309,-118.233779
2408-WITXK,United States,California,Los Angeles,90012,Southern California,34.053971,-118.242793
8929-KSWIH,United States,California,Los Angeles,90001,Southern California,33.967865,-118.265874
2250-IVBWA,United States,California,Los Angeles,90001,Southern California,33.964844,-118.236418
1810-MVMAI,United States,California,Anaheim,92805,Southern California,33.820509,-117.915812
9506-UXUSK,United States,California,Oakland,94612,Bay Area,37.796864,-122.262092
1229-RCALF,United States,California,Fresno,93721,Central Valley,36.74521,-119.785621
3572-UOLYZ,United States,California,Long Beach,90802,Southern California,33.768504,-118.17642
1429-UYJSV,United States,California,San Diego,92101,Southern California,32.718825,-117.155199
5577-OTWWW,United States,California,Los Angeles,90012,Southern California,34.041523,-118.239254
6100-QQHEB,United States,California,Los Angeles,90001,Southern California,33.980661,-118.252579
6366-XIVKZ,United States,California,Los Angeles,90001,Southern California,33.978992,-118.251436
3470-OBUET,United States,California,Sacramento,95814,Northern California,38.60041,-121.513605
2770-NSVDG,United States,California,Los Angeles,90012,Southern California,34.064048,-118.224648
9375-MHRRS,United States,California,San Jose,95113,Bay Area,37.350714,-121.884423
2634-HCZGT,United States,California,San Francisco,94102,Bay Area,37.779267,-122.414538
7503-QQRVF,United States,California,San Diego,92101,Southern California,32.696414,-117.163371
4860-YZGZM,United States,California,Los Angeles,90001,Southern California,33.993056,-118.238955
6599-GZWCM,United States,California,San Francisco,94102,Bay Area,37.762293,-122.433145
2691-NZETQ,United States,California,San Diego,92101,Southern California,32.716063,-117.163156
4404-HIBDJ,United States,California,Los Angeles,90001,Southern California,33.959828,-118.229283
5533-NHFRF,United States,California,Anaheim,92805,Southern California,33.82966,-117.923785
7037-MTYVW,United States,California,San Jose,95113,Bay Area,37.334253,-121.879864
4760-THGOT,United States,California,Anaheim,92805,Southern California,33.836213,-117.91864
7295-JOMMD,United States,California,Bakersfield,93301,Central Valley,35.37254,-119.014497
4016-BJKTZ,United States,California,Los Angeles,90001,Southern California,33.984763,-118.231877
6584-VQMYT,United States,California,San Diego,92101,Southern California,32.701224,-117.180721
9838-BFCQT,United States,California,Los Angeles,90001,Southern California,33.956999,-118.259908
2790-XUYMV,United States,California,Fresno,93721,Central Valley,36.730846,-119.803582
0581-MDMPW,United States,California,Los Angeles,90001,Southern California,33.970218,-118.265514
5013-SBUIH,United States,California,Oakland,94612,Bay Area,37.805935,-122.25617
1023-BQXZE,United States,California,Los Angeles,90012,Southern California,34.064346,-118.231414
9163-GHAYE,United States,California,San Francisco,94102,Bay Area,37.797772,-122.415204
3904-UKFRE,United States,California,Oakland,94612,Bay Area,37.806463,-122.261711
5353-WILCI,United States,California,Long Beach,90802,Southern California,33.783251,-118.184372
0709-TVGUR,United States,California,San Francisco,94102,Bay Area,37.790375,-122.432556
0058-EVZWM,United States,California,Los Angeles,90001,Southern California,33.975332,-118.254873
6023-YEBUP,United States,California,Los Angeles,90012,Southern California,34.079476,-118.248215
7209-JCUDS,United States,California,Los Angeles,90001,Southern California,33.984798,-118.238476
7009-PCARS,United States,California,Los Angeles,90001,Southern California,33.985719,-118.229072
0519-DRGTI,United States,California,Fresno,93721,Central Valley,36.732304,-119.782536
1017-FBQMM,United States,California,Los Angeles,90012,Southern California,34.075658,-118.256676
3001-CBHLQ,United States,California,San Francisco,94102,Bay Area,37.781952,-122.404107
1985-MBRYP,United States,California,Los Angeles,90012,Southern California,34.062295,-118.223223
6158-DWPZT,United States,California,San Jose,95113,Bay Area,37.336776,-121.879694
9372-TXXPS,United States,California,San Jose,95113,Bay Area,37.33479,-121.875856
3259-QMXUN,United States,California,Los Angeles,90012,Southern California,34.069569,-118.251284
1015-JPFYW,United States,California,San Diego,92101,Southern California,32.720739,-117.172883
6645-MXQJT,United States,California,San Francisco,94102,Bay Area,37.796983,-122.4371
4360-QRAVE,United States,California,Oakland,94612,Bay Area,37.798394,-122.289643
8433-WPJTV,United States,California,Los Angeles,90001,Southern California,33.969847,-118.252025
5804-JMYIO,United States,California,Los Angeles,90001,Southern California,33.957544,-118.245575
3763-GCZHZ,United States,California,Long Beach,90802,Southern California,33.752478,-118.180898
6484-LATFU,United States,California,Fresno,93721,Central Valley,36.748701,-119.769188
7599-NTMDP,United States,California,San Jose,95113,Bay Area,37.324449,-121.910306
0772-GYEQQ,United States,California,Los Angeles,90012,Southern California,34.076476,-118.237665
0536-ACXIP,United States,California,Los Angeles,90001,Southern California,33.990311,-118.24858
0936-NQLJU,United States,California,Sacramento,95814,Northern California,38.578653,-121.502412
4831-EOBFE,United States,California,Fresno,93721,Central Valley,36.73377,-119.780802
1575-KRZZE,United States,California,Los Angeles,90012,Southern California,34.054012,-118.257893
3251-YMVWZ,United States,California,San Francisco,94110,Bay Area,37.751703,-122.432556
4102-OQUPX,United States,California,Oakland,94612,Bay Area,37.82052,-122.27115
9170-GYZJC,United States,California,Bakersfield,93301,Central Valley,35.365373,-119.020691
4884-LEVMQ,United States,California,San Francisco,94102,Bay Area,37.777132,-122.419331
8857-CUPFQ,United States,California,Los Angeles,90001,Southern California,33.973307,-118.246649
7610-TVOPG,United States,California,Bakersfield,93301,Central Valley,35.388541,-119.007391
3638-DIMPH,United States,California,San Jose,95113,Bay Area,37.336813,-121.90076
1845-ZLLIG,United States,California,Los Angeles,90012,Southern California,34.069768,-118.254172
8559-WNQZS,United States,California,San Francisco,94110,Bay Area,37.735666,-122.410569
3999-QGRJH,United States,California,San Francisco,94110,Bay Area,37.754591,-122.434675
1699-UOTXU,United States,California,Los Angeles,90001,Southern California,33.956674,-118.261426
2454-RPBRZ,United States,California,Long Beach,90802,Southern California,33.772625,-118.18935
0635-WKOLD,United States,California,San Francisco,94110,Bay Area,37.745075,-122.431107
5993-JSUWV,United States,California,San Diego,92101,Southern California,32.731714,-117.178856
4518-FZBSX,United States,California,Los Angeles,90001,Southern California,33.970816,-118.257978
5387-ASZNZ,United States,California,San Jose,95113,Bay Area,37.332166,-121.892463
6988-CJEYV,United States,California,San Francisco,94110,Bay Area,37.765819,-122.425526
2002-MZHWP,United States,California,San Diego,92101,Southern California,32.733312,-117.159524
3097-FQTVJ,United States,California,Los Angeles,90001,Southern California,33.958117,-118.242566
5465-BUBFA,United States,California,Los Angeles,90001,Southern California,33.968493,-118.266723
7299-GNVPL,United States,California,San Francisco,94110,Bay Area,37.752957,-122.403106
9743-DQKQW,United States,California,San Francisco,94102,Bay Area,37.794223,-122.411836
1215-VFYVK,United States,California,Anaheim,92805,Southern California,33.846278,-117.918612
9371-BITHB,United States,California,Los Angeles,90001,Southern California,33.970704,-118.24887
2265-CYWIV,United States,California,Los Angeles,90001,Southern California,33.977829,-118.241794
9093-FPDLG,United States,California,Los Angeles,90001,Southern California,33.984799,-118.242272
0541-FITGH,United States,California,San Diego,92101,Southern California,32.701952,-117.164548
6985-HAYWX,United States,California,Sacramento,95814,Northern California,38.596038,-121.475763
7508-KBIMB,United States,California,San Jose,95113,Bay Area,37.350824,-121.90408
6838-HVLXG,United States,California,San Francisco,94102,Bay Area,37.77129,-122.400849
2277-DJJDL,United States,California,Los Angeles,90001,Southern California,33.954797,-118.247488
1897-OKVMW,United States,California,San Diego,92101,Southern California,32.708252,-117.161087
5485-ITNPC,United States,California,San Jose,95113,Bay Area,37.345696,-121.884579
0233-FTHAV,United States,California,Los Angeles,90012,Southern California,34.053072,-118.257122
4644-PIZRT,United States,California,Los Angeles,90012,Southern California,34.060517,-118.235291
8922-NPKBJ,United States,California,Los Angeles,90001,Southern California,33.961287,-118.247587
2740-TVLFN,United States,California,Los Angeles,90012,Southern California,34.060544,-118.244901
7771-CFQRQ,United States,California,San Francisco,94102,Bay Area,37.790073,-122.41078
9512-PHSMG,United States,California,San Francisco,94110,Bay Area,37.7485,-122.417569
6963-EZQEE,United States,California,San Jose,95113,Bay Area,37.316099,-121.893818
2452-KDRRH,United States,California,Los Angeles,90001,Southern California,33.970939,-118.228135
2004-OCQXK,United States,California,San Francisco,94102,Bay Area,37.763067,-122.434858
5027-QPKTE,United States,California,Los Angeles,90001,Southern California,33.963564,-118.251179
4146-SVFUD,United States,California,Los Angeles,90001,Southern California,33.990605,-118.236025
1564-HJUVY,United States,California,Los Angeles,90001,Southern California,33.954695,-118.256512
3617-XLSGQ,United States,California,San Diego,92101,Southern California,32.713292,-117.149223
7517-LDMPS,United States,California,Los Angeles,90012,Southern California,34.044005,-118.256543
7244-KXYZN,United States,California,Los Angeles,90001,Southern California,33.973774,-118.260706
5226-NOZFC,United States,California,Los Angeles,90012,Southern California,34.077302,-118.240113
2672-HUYVI,United States,California,Los Angeles,90001,Southern California,33.986217,-118.256934
1400-WIVLL,United States,California,Los Angeles,90012,Southern California,34.057515,-118.256641
7508-MYBOG,United States,California,Los Angeles,90001,Southern California,33.970186,-118.228992
8148-NLEGT,United States,California,San Diego,92101,Southern California,32.721256,-117.143996
0148-DCDOS,United States,California,Los Angeles,90012,Southern California,34.052126,-118.24686
8347-GDTMP,United States,California,San Diego,92101,Southern California,32.697248,-117.156068
9992-RRAMN,United States,California,San Diego,92101,Southern California,32.712359,-117.151148
6746-WAUWT,United States,California,Bakersfield,93301,Central Valley,35.360447,-119.022623
0310-MVLET,United States,California,Long Beach,90802,Southern California,33.772863,-118.185705
0428-IKYCP,United States,California,Anaheim,92805,Southern California,33.837064,-117.922207
4550-VBOFE,United States,California,Bakersfield,93301,Central Valley,35.382205,-119.008166
2187-PKZAY,United States,California,Fresno,93721,Central Valley,36.753843,-119.805398
4003-OCTMP,United States,California,San Francisco,94110,Bay Area,37.769244,-122.401758
6652-YFFJO,United States,California,Los Angeles,90001,Southern California,33.990784,-118.231334
7225-IILWY,United States,California,San Jose,95113,Bay Area,37.353029,-121.893728
5248-RPYWW,United States,California,Los Angeles,90001,Southern California,33.953792,-118.23552
7923-IYJWY,United States,California,San Jose,95113,Bay Area,37.331244,-121.901487
3170-GWYKC,United States,California,San Diego,92101,Southern California,32.733394,-117.148482
5696-QURRL,United States,California,Fresno,93721,Central Valley,36.748801,-119.771943
7409-KIUTL,United States,California,Bakersfield,93301,Central Valley,35.363984,-118.999015
9830-ECLEN,United States,California,Los Angeles,90001,Southern California,33.964488,-118.230724
1732-VHUBQ,United States,California,Los Angeles,90001,Southern California,33.989899,-118.258246
0495-RVCBF,United States,California,Sacramento,95814,Northern California,38.566501,-121.488317
2668-TZSPS,United States,California,Fresno,93721,Central Valley,36.755405,-119.780673
7854-EDSSA,United States,California,Los Angeles,90001,Southern California,33.979771,-118.237849
8869-TORSS,United States,California,Los Angeles,90001,Southern California,33.959587,-118.262059
7446-SFAOA,United States,California,Fresno,93721,Central Valley,36.746593,-119.77718
9522-ZSINC,United States,California,Long Beach,90802,Southern California,33.753102,-118.184664
8234-GSZYK,United States,California,Fresno,93721,Central Valley,36.720483,-119.790026
6505-OZNPG,United States,California,San Jose,95113,Bay Area,37.32228,-121.900517
6164-HAQTX,United States,California,San Francisco,94110,Bay Area,37.747927,-122.416282
0679-IDSTG,United States,California,Long Beach,90802,Southern California,33.765908,-118.181864
7765-LWVVH,United States,California,Los Angeles,90001,Southern California,33.980216,-118.246663
1658-TJVOA,United States,California,Los Angeles,90001,Southern California,33.961492,-118.25804
0953-LGOVU,United States,California,San Francisco,94110,Bay Area,37.748706,-122.396822
2115-BFTIW,United States,California,Anaheim,92805,Southern California,33.825319,-117.932093
4692-NNQRU,United States,California,Los Angeles,90001,Southern California,33.969137,-118.259828
7742-MYPGI,United States,California,Los Angeles,90012,Southern California,34.058686,-118.249122
0611-DFXKO,United States,California,Los Angeles,90012,Southern California,34.044945,-118.223353
7780-OTDSO,United States,California,Los Angeles,90012,Southern California,34.062349,-118.222519
9619-GSATL,United States,California,Los Angeles,90012,Southern California,34.042994,-118.236253
5622-UEJFI,United States,California,Los Angeles,90001,Southern California,33.978478,-118.258739
9747-DDZOS,United States,California,Long Beach,90802,Southern California,33.783342,-118.192043
0674-DGMAQ,United States,California,Fresno,93721,Central Valley,36.737176,-119.773633
6203-HBZPA,United States,California,Long Beach,90802,Southern California,33.782147,-118.205272
0484-FFVBJ,United States,California,San Francisco,94102,Bay Area,37.772379,-122.434456
0301-FIDRB,United States,California,Fresno,93721,Central Valley,36.727526,-119.770119
4139-JPIAM,United States,California,San Francisco,94102,Bay Area,37.778676,-122.402148
2181-TIDSV,United States,California,Los Angeles,90012,Southern California,34.048708,-118.246752
2761-XECQW,United States,California,San Francisco,94110,Bay Area,37.750387,-122.407153
1936-CZAKF,United States,California,Anaheim,92805,Southern California,33.8527,-117.930828
9453-PATOS,United States,California,San Francisco,94102,Bay Area,37.780086,-122.436361
0564-JJHGS,United States,California,San Francisco,94110,Bay Area,37.732841,-122.402562
3348-CFRNX,United States,California,San Francisco,94110,Bay Area,37.770084,-122.434327
4402-FTBXC,United States,California,Los Angeles,90001,Southern California,33.962955,-118.246003
1428-GTBJJ,United States,California,Los Angeles,90012,Southern California,34.078048,-118.242752
2931-XIQBR,United States,California,Los Angeles,90001,Southern California,33.970651,-118.260669
0106-UGRDO,United States,California,Los Angeles,90001,Southern California,33.985714,-118.253441
5542-TBBWB,United States,California,San Diego,92101,Southern California,32.708846,-117.178617
1930-QPBVZ,United States,California,Sacramento,95814,Northern California,38.599722,-121.512492
2606-PKWJB,United States,California,Sacramento,95814,Northern California,38.593056,-121.484497
5322-ZSMZY,United States,California,Los Angeles,90012,Southern California,34.066079,-118.238798
8059-UDZFY,United States,California,Long Beach,90802,Southern California,33.787476,-118.189575
7740-BTPUX,United States,California,Los Angeles,90012,Southern California,34.069056,-118.256377
5220-AGAAX,United States,California,Los Angeles,90001,Southern California,33.970317,-118.248422
0208-BPQEJ,United States,California,Los Angeles,90012,Southern California,34.041748,-118.227612
9435-JMLSX,United States,California,Los Angeles,90012,Southern California,34.052523,-118.243604
3352-ALMCK,United States,California,San Francisco,94102,Bay Area,37.796803,-122.419546
5312-IRCFR,United States,California,Los Angeles,90001,Southern California,33.961561,-118.237343
5294-IMHHT,United States,California,Los Angeles,90001,Southern California,33.956454,-118.236241
8802-UNOJF,United States,California,Los Angeles,90001,Southern California,33.954477,-118.252104
6313-GIDIT,United States,California,Los Angeles,90001,Southern California,33.965474,-118.252287
6176-YJWAS,United States,California,Los Angeles,90001,Southern California,33.987865,-118.249954
5310-NOOVA,United States,California,Los Angeles,90001,Southern California,33.960644,-118.248019
4526-EXKKN,United States,California,Los Angeles,90001,Southern California,33.980086,-118.231711
5311-IHLEI,United States,California,Long Beach,90802,Southern California,33.77441,-118.210771
3987-KQDDU,United States,California,San Francisco,94110,Bay Area,37.77012,-122.398568
3404-JNXAX,United States,California,Los Angeles,90001,Southern California,33.955326,-118.24774
5131-PONJI,United States,California,San Francisco,94102,Bay Area,37.767673,-122.425707
2845-AFFTX,United States,California,Los Angeles,90001,Southern California,33.977967,-118.229107
3489-VSFRD,United States,California,Long Beach,90802,Southern California,33.786405,-118.186121
3345-JHUEO,United States,California,Los Angeles,90012,Southern California,34.069429,-118.244573
5815-HGGHV,United States,California,Anaheim,92805,Southern California,33.849076,-117.909088
5260-UMPWX,United States,California,Los Angeles,90012,Southern California,34.044366,-118.234784
2249-YPRNG,United States,California,Los Angeles,90001,Southern California,33.962156,-118.247133
7410-YTJIK,United States,California,Long Beach,90802,Southern California,33.775349,-118.188949
4626-GYCZP,United States,California,Long Beach,90802,Southern California,33.789905,-118.208265
5649-RXQTV,United States,California,San Diego,92101,Southern California,32.709429,-117.145115
2674-MIAHT,United States,California,Los Angeles,90001,Southern California,33.989835,-118.261619
2576-HXMPA,United States,California,Bakersfield,93301,Central Valley,35.376917,-119.017613
7587-AOVVU,United States,California,Long Beach,90802,Southern California,33.788162,-118.178506
5590-BYNII,United States,California,Los Angeles,90012,Southern California,34.04967,-118.246451
6898-MDLZW,United States,California,Bakersfield,93301,Central Valley,35.38083,-119.026392
3237-AJGEH,United States,California,Long Beach,90802,Southern California,33.770899,-118.210281
4707-YNOQA,United States,California,Anaheim,92805,Southern California,33.856566,-117.915591
9357-UJRUN,United States,California,Los Angeles,90012,Southern California,34.067011,-118.238104
1591-NFNLQ,United States,California,Bakersfield,93301,Central Valley,35.392923,-119.003964
8648-PFRMP,United States,California,Los Angeles,90001,Southern California,33.977913,-118.26681
7663-CUXZB,United States,California,Los Angeles,90012,Southern California,34.042391,-118.227244
0258-NOKBL,United States,California,Los Angeles,90012,Southern California,34.043762,-118.24791
1163-VIPRI,United States,California,Anaheim,92805,Southern California,33.849143,-117.921053
2815-CPTUL,United States,California,Los Angeles,90001,Southern California,33.985618,-118.231297
9348-ROUAI,United States,California,Los Angeles,90012,Southern California,34.049001,-118.229417
9443-JUBUO,United States,California,Los Angeles,90012,Southern California,34.065577,-118.230861
0596-BQCEQ,United States,California,San Diego,92101,Southern California,32.734468,-117.171314
1481-ZUWZA,United States,California,San Francisco,94110,Bay Area,37.761896,-122.410217
3043-TYBNO,United States,California,San Francisco,94110,Bay Area,37.76541,-122.414303
4830-FAXFM,United States,California,Long Beach,90802,Southern California,33.775363,-118.186605
5906-BFOZT,United States,California,San Jose,95113,Bay Area,37.316245,-121.909422
2960-NKRSO,United States,California,Los Angeles,90001,Southern California,33.971421,-118.246947
8996-ZROXE,United States,California,San Francisco,94102,Bay Area,37.760722,-122.421069
5598-IKHQQ,United States,California,San Jose,95113,Bay Area,37.337083,-121.878618
0397-ZXWQF,United States,California,San Francisco,94110,Bay Area,37.761284,-122.405761
5266-PFRQK,United States,California,San Diego,92101,Southern California,32.73537,-117.150836
4674-HGNUA,United States,California,Los Angeles,90001,Southern California,33.971776,-118.247811
6765-MBQNU,United States,California,San Francisco,94102,Bay Area,37.78809,-122.435059
9786-IJYDL,United States,California,Los Angeles,90012,Southern California,34.080223,-118.254341
1303-SRDOK,United States,California,San Jose,95113,Bay Area,37.332576,-121.880397
3769-MHZNV,United States,California,Long Beach,90802,Southern California,33.785412,-118.186631
6295-OSINB,United States,California,Long Beach,90802,Southern California,33.7792,-118.179827
3308-MHOOC,United States,California,Fresno,93721,Central Valley,36.724844,-119.801564
2309-OSFEU,United States,California,Los Angeles,90001,Southern California,33.972913,-118.242501
2207-QPJED,United States,California,San Francisco,94102,Bay Area,37.780723,-122.402548
4177-JPDFU,United States,California,Los Angeles,90012,Southern California,34.054894,-118.238633
2239-CFOUJ,United States,California,San Jose,95113,Bay Area,37.329964,-121.882104
8046-DNVTL,United States,California,Los Angeles,90012,Southern California,34.043793,-118.233801
2209-XADXF,United States,California,Anaheim,92805,Southern California,33.854554,-117.933763
6620-JDYNW,United States,California,Los Angeles,90012,Southern California,34.074823,-118.235052
1891-FZYSA,United States,California,San Jose,95113,Bay Area,37.347387,-121.892543
4770-UEZOX,United States,California,San Diego,92101,Southern California,32.720831,-117.153373
1038-RQOST,United States,California,San Francisco,94110,Bay Area,37.731922,-122.397576
7613-LLQFO,United States,California,Sacramento,95814,Northern California,38.581258,-121.498544
4568-TTZRT,United States,California,Fresno,93721,Central Valley,36.734532,-119.797239
9513-DXHDA,United States,California,Sacramento,95814,Northern California,38.5925,-121.486467
2640-PMGFL,United States,California,Oakland,94612,Bay Area,37.802348,-122.267623
3801-HMYNL,United States,California,Los Angeles,90012,Southern California,34.072884,-118.241577
0516-QREYC,United States,California,San Diego,92101,Southern California,32.701265,-117.161062
9685-WKZGT,United States,California,San Jose,95113,Bay Area,37.348276,-121.873353
6022-UGGSO,United States,California,Los Angeles,90001,Southern California,33.987292,-118.240245
8084-OIVBS,United States,California,San Diego,92101,Southern California,32.708916,-117.165402
8896-BQTTI,United States,California,Bakersfield,93301,Central Valley,35.374911,-119.016616
3865-QBWSJ,United States,California,San Francisco,94110,Bay Area,37.754226,-122.410358
3352-RICWQ,United States,California,Los Angeles,90012,Southern California,34.061152,-118.242482
2160-GPFXD,United States,California,Los Angeles,90001,Southern California,33.982802,-118.23031
2065-MMKGR,United States,California,San Francisco,94102,Bay Area,37.795737,-122.422966
5857-TYBCJ,United States,California,San Francisco,94110,Bay Area,37.765348,-122.425582
1498-NHTLT,United States,California,San Jose,95113,Bay Area,37.353238,-121.874834
4484-CGXFK,United States,California,Sacramento,95814,Northern California,38.565896,-121.496479
1402-PTHGN,United States,California,Los Angeles,90001,Southern California,33.954097,-118.24456
4176-RELJR,United States,California,Los Angeles,90001,Southern California,33.963679,-118.247531
6214-EDAKZ,United States,California,Los Angeles,90001,Southern California,33.984611,-118.229278
5199-FPUSP,United States,California,San Francisco,94102,Bay Area,37.788507,-122.437622
6377-KSLXC,United States,California,Los Angeles,90012,Southern California,34.076015,-118.236641
1796-JANOW,United States,California,Los Angeles,90012,Southern California,34.066718,-118.21856
0238-WHBIQ,United States,California,San Francisco,94102,Bay Area,37.771557,-122.418152
8735-NBLWT,United States,California,Los Angeles,90012,Southern California,34.048596,-118.243473
6651-RLGGM,United States,California,Los Angeles,90012,Southern California,34.057781,-118.218503
6127-ISGTU,United States,California,Los Angeles,90012,Southern California,34.051083,-118.237957
1614-JBEBI,United States,California,Fresno,93721,Central Valley,36.755776,-119.794046
8740-XLHDR,United States,California,San Diego,92101,Southern California,32.708523,-117.154987
1208-DNHLN,United States,California,Bakersfield,93301,Central Valley,35.391209,-119.02413
1761-AEZZR,United States,California,Long Beach,90802,Southern California,33.776095,-118.200218
3923-CSIHK,United States,California,Oakland,94612,Bay Area,37.809894,-122.251647
5696-EXCYS,United States,California,Bakersfield,93301,Central Valley,35.37399,-119.027201
5795-KTGUD,United States,California,San Diego,92101,Southern California,32.697898,-117.173944
7120-RFMVS,United States,California,Sacramento,95814,Northern California,38.596465,-121.512556
7924-GJZFI,United States,California,Los Angeles,90001,Southern California,33.979077,-118.228787
4702-HDRKD,United States,California,San Diego,92101,Southern California,32.708267,-117.149387
8512-WIWYV,United States,California,Los Angeles,90001,Southern California,33.983732,-118.237866
5897-ZYEKH,United States,California,Los Angeles,90012,Southern California,34.066193,-118.251558
5456-ITGIC,United States,California,San Diego,92101,Southern California,32.730689,-117.159983
7317-GGVPB,United States,California,San Francisco,94102,Bay Area,37.793081,-122.417166
1406-PUQVY,United States,California,San Diego,92101,Southern California,32.711325,-117.170896
1322-AGOQM,United States,California,San Francisco,94110,Bay Area,37.7323,-122.40332
3677-IYRBF,United States,California,Los Angeles,90001,Southern California,33.955694,-118.245384
5692-FPTAH,United States,California,Los Angeles,90001,Southern California,33.959424,-118.260422
9114-AAFQH,United States,California,Los Angeles,90001,Southern California,33.977912,-118.261716
8715-KKTFG,United States,California,San Jose,95113,Bay Area,37.352592,-121.910535
1550-LOAHA,United States,California,San Francisco,94102,Bay Area,37.797417,-122.428599
1728-BQDMA,United States,California,San Jose,95113,Bay Area,37.330353,-121.872964
0268-QKIWO,United States,California,San Jose,95113,Bay Area,37.332558,-121.883407
0876-WDUUZ,United States,California,Sacramento,95814,Northern California,38.599472,-121.48822
5117-ZSMHQ,United States,California,San Diego,92101,Southern California,32.706749,-117.14552
5151-HQRDG,United States,California,San Diego,92101,Southern California,32.722294,-117.151162
0960-HUWBM,United States,California,Los Angeles,90012,Southern California,34.07851,-118.243826
6465-GSRCL,United States,California,San Francisco,94102,Bay Area,37.769665,-122.41887
0617-FHSGK,United States,California,Los Angeles,90012,Southern California,34.077745,-118.228085
0263-FJTQO,United States,California,Los Angeles,90012,Southern California,34.05516,-118.22072
7319-ZNRTR,United States,California,San Diego,92101,Southern California,32.698475,-117.146587
2858-MOFSQ,United States,California,San Diego,92101,Southern California,32.706661,-117.174531
7503-EPSZW,United States,California,Fresno,93721,Central Valley,36.748532,-119.770988
7089-XXAYG,United States,California,Los Angeles,90001,Southern California,33.977777,-118.240738
8118-LSUEL,United States,California,Los Angeles,90001,Southern California,33.955541,-118.257865
8070-AAWZP,United States,California,Los Angeles,90012,Southern California,34.064938,-118.223295
1666-JXLKU,United States,California,Sacramento,95814,Northern California,38.588276,-121.485975
7855-DIWPO,United States,California,San Francisco,94102,Bay Area,37.7629,-122.434239
5133-POWUA,United States,California,San Francisco,94110,Bay Area,37.755618,-122.428455
5652-MSDEY,United States,California,San Jose,95113,Bay Area,37.351081,-121.873207
7005-CCBKV,United States,California,Anaheim,92805,Southern California,33.837574,-117.896289
1810-BOHSY,United States,California,Oakland,94612,Bay Area,37.818349,-122.289544
1784-BXEFA,United States,California,San Francisco,94102,Bay Area,37.785556,-122.429301
7351-MHQVU,United States,California,San Francisco,94102,Bay Area,37.763972,-122.400258
9224-VTYID,United States,California,Los Angeles,90012,Southern California,34.055657,-118.219588
9500-IWPXQ,United States,California,Oakland,94612,Bay Area,37.793386,-122.279947
5762-TJXGK,United States,California,Los Angeles,90012,Southern California,34.042106,-118.239232
4504-YOULA,United States,California,Long Beach,90802,Southern California,33.759176,-118.211816
5569-IDSEY,United States,California,San Diego,92101,Southern California,32.726995,-117.180619
4250-FDVOU,United States,California,Long Beach,90802,Southern California,33.777231,-118.178416
7284-ZZLOH,United States,California,San Jose,95113,Bay Area,37.351098,-121.882191
5277-ZLOOR,United States,California,San Diego,92101,Southern California,32.71399,-117.170873
2141-RRYGO,United States,California,San Francisco,94102,Bay Area,37.766132,-122.411087
1777-JYQPJ,United States,California,San Diego,92101,Southern California,32.716961,-117.143098
6376-GAHQE,United States,California,Los Angeles,90012,Southern California,34.06146,-118.231987
3401-URHDA,United States,California,Los Angeles,90012,Southern California,34.076907,-118.240829
1599-EAHXY,United States,California,San Francisco,94102,Bay Area,37.775753,-122.401251
8631-XVRZL,United States,California,San Francisco,94102,Bay Area,37.776749,-122.438867
5052-PNLOS,United States,California,Los Angeles,90012,Southern California,34.056283,-118.251774
3853-LYGAM,United States,California,San Jose,95113,Bay Area,37.316702,-121.886958
6979-ZNSFF,United States,California,San Francisco,94102,Bay Area,37.760808,-122.423262
5751-USDBL,United States,California,San Francisco,94110,Bay Area,37.768193,-122.410029
5680-LQOGP,United States,California,Sacramento,95814,Northern California,38.589666,-121.488832
2386-LAHRK,United States,California,Los Angeles,90001,Southern California,33.983416,-118.254139
8189-DUKMV,United States,California,Los Angeles,90001,Southern California,33.991039,-118.251642
6032-IGALN,United States,California,Los Angeles,90001,Southern California,33.954811,-118.236301
9931-DCEZH,United States,California,San Francisco,94102,Bay Area,37.789556,-122.411601
1898-JSNDC,United States,California,San Diego,92101,Southern California,32.698556,-117.174813
0315-LVCRK,United States,California,Bakersfield,93301,Central Valley,35.379417,-119.02677
3911-RSNHI,United States,California,Los Angeles,90001,Southern California,33.988697,-118.245935
2410-CIYFZ,United States,California,Los Angeles,90001,Southern California,33.958653,-118.265395
4248-HCETZ,United States,California,San Francisco,94110,Bay Area,37.740278,-122.411401
5505-OVWQW,United States,California,Los Angeles,90012,Southern California,34.063374,-118.257662
7271-AJDTL,United States,California,San Francisco,94102,Bay Area,37.781175,-122.4015
1867-TJHTS,United States,California,San Francisco,94102,Bay Area,37.786425,-122.4109
0516-WJVXC,United States,California,Sacramento,95814,Northern California,38.584219,-121.478422
9174-FKWZE,United States,California,Los Angeles,90001,Southern California,33.987519,-118.254535
6860-YRJZP,United States,California,San Diego,92101,Southern California,32.709002,-117.161999
4429-WYGFR,United States,California,Oakland,94612,Bay Area,37.804745,-122.258831
2817-LVCPP,United States,California,Fresno,93721,Central Valley,36.727071,-119.795291
5038-ETMLM,United States,California,San Francisco,94102,Bay Area,37.791472,-122.400222
5056-FIMPT,United States,California,San Jose,95113,Bay Area,37.321771,-121.906649
4521-WFJAI,United States,California,San Francisco,94102,Bay Area,37.784171,-122.437859
6569-KTMDU,United States,California,Long Beach,90802,Southern California,33.759408,-118.198001
8809-RIHDD,United States,California,San Jose,95113,Bay Area,37.346287,-121.876904
8809-XKHMD,United States,California,Los Angeles,90001,Southern California,33.981276,-118.240485
0396-YCHWO,United States,California,Los Angeles,90012,Southern California,34.070985,-118.246117
0867-LDTTC,United States,California,Los Angeles,90012,Southern California,34.060871,-118.241535
4822-NGOCH,United States,California,Oakland,94612,Bay Area,37.786164,-122.254862
9391-DXGGG,United States,California,San Jose,95113,Bay Area,37.334985,-121.884647
9844-FELAJ,United States,California,Long Beach,90802,Southern California,33.778479,-118.203701
2122-SZZZD,United States,California,Los Angeles,90001,Southern California,33.963654,-118.25989
5307-DZCVC,United States,California,Los Angeles,90001,Southern California,33.956736,-118.236265
3148-AOIQT,United States,California,Sacramento,95814,Northern California,38.583204,-121.49989
8679-JOEVF,United States,California,Los Angeles,90012,Southern California,34.044737,-118.232617
8395-ETZKQ,United States,California,Anaheim,92805,Southern California,33.81993,-117.923697
6692-YQHXC,United States,California,Los Angeles,90001,Southern California,33.963001,-118.231282
3889-VWBID,United States,California,San Francisco,94102,Bay Area,37.777911,-122.42803
5222-JCXZT,United States,California,San Diego,92101,Southern California,32.720926,-117.164523
9754-CLVZW,United States,California,Long Beach,90802,Southern California,33.759597,-118.18637
1432-FPAXX,United States,California,San Diego,92101,Southern California,32.701128,-117.147508
2739-CCZMB,United States,California,Oakland,94612,Bay Area,37.819961,-122.284663
7080-TNUWP,United States,California,San Diego,92101,Southern California,32.709243,-117.158327
0496-AHOOK,United States,California,Los Angeles,90001,Southern California,33.984701,-118.245619
8336-TAVKX,United States,California,Bakersfield,93301,Central Valley,35.392361,-119.038272
2468-SJFLM,United States,California,San Francisco,94102,Bay Area,37.794764,-122.399477
3181-VTHOE,United States,California,San Jose,95113,Bay Area,37.340435,-121.900532
7168-HDQHG,United States,California,Los Angeles,90001,Southern California,33.976704,-118.23888
4803-AXVYP,United States,California,Bakersfield,93301,Central Valley,35.369643,-119.005471
3884-HCSWG,United States,California,San Francisco,94102,Bay Area,37.797758,-122.429588
4567-AKPIA,United States,California,Long Beach,90802,Southern California,33.775271,-118.206938
5077-DXTCG,United States,California,San Francisco,94110,Bay Area,37.73573,-122.405246
1142-WACZW,United States,California,Fresno,93721,Central Valley,36.72366,-119.790941
7901-HXJVA,United States,California,Los Angeles,90012,Southern California,34.044342,-118.242161
5649-ANRML,United States,California,Los Angeles,90012,Southern California,34.074454,-118.227047
4892-VLANZ,United States,California,Anaheim,92805,Southern California,33.846826,-117.922754
5924-IFQTT,United States,California,Los Angeles,90001,Southern California,33.976817,-118.231084
7968-QUXNS,United States,California,San Francisco,94110,Bay Area,37.73657,-122.415212
2919-HBCJO,United States,California,San Francisco,94102,Bay Area,37.777364,-122.418346
4236-XPXAV,United States,California,Fresno,93721,Central Valley,36.728322,-119.769613
8903-WMRNW,United States,California,Los Angeles,90012,Southern California,34.071065,-118.222254
2452-SNHFZ,United States,California,San Francisco,94102,Bay Area,37.767448,-122.413133
3629-WEAAM,United States,California,Bakersfield,93301,Central Valley,35.356895,-119.001083
6029-CSMJE,United States,California,San Diego,92101,Southern California,32.700358,-117.150847
7993-NQLJE,United States,California,Los Angeles,90001,Southern California,33.985751,-118.233811
9909-DFRJA,United States,California,Los Angeles,90012,Southern California,34.045257,-118.234933
9099-FTUHS,United States,California,Bakersfield,93301,Central Valley,35.389369,-119.037847
0581-BXBUB,United States,California,Los Angeles,90012,Southern California,34.050931,-118.240071
4962-CHQPW,United States,California,Los Angeles,90001,Southern California,33.992848,-118.228703
9467-ROOLM,United States,California,San Diego,92101,Southern California,32.733769,-117.150112
3030-YZADT,United States,California,San Francisco,94102,Bay Area,37.79198,-122.403601
7410-KTVFV,United States,California,Los Angeles,90001,Southern California,33.977968,-118.263739
5150-ITWWB,United States,California,San Diego,92101,Southern California,32.725707,-117.176344
2253-KPMNB,United States,California,Los Angeles,90012,Southern California,34.065394,-118.251482
1345-ZUKID,United States,California,Los Angeles,90001,Southern California,33.957856,-118.26024
6429-SHBCB,United States,California,Sacramento,95814,Northern California,38.599434,-121.477878
9281-OFDMF,United States,California,San Jose,95113,Bay Area,37.336976,-121.889157
2603-HVKCG,United States,California,San Diego,92101,Southern California,32.708524,-117.163249
1834-WULEG,United States,California,Bakersfield,93301,Central Valley,35.364943,-119.013776
9097-ZUBYC,United States,California,Oakland,94612,Bay Area,37.802961,-122.266989
5148-ORICT,United States,California,Los Angeles,90012,Southern California,34.057972,-118.255151
4893-GYUJU,United States,California,San Francisco,94102,Bay Area,37.789582,-122.414575
4578-PHJYZ,United States,California,Oakland,94612,Bay Area,37.815657,-122.252734
7272-QDCKA,United States,California,Los Angeles,90012,Southern California,34.049711,-118.232016
8908-SLFCJ,United States,California,San Diego,92101,Southern California,32.718364,-117.168618
8393-DLHGA,United States,California,Los Angeles,90001,Southern California,33.980875,-118.261221
9766-HGEDE,United States,California,Los Angeles,90012,Southern California,34.049794,-118.231285
6968-MHOMU,United States,California,Bakersfield,93301,Central Valley,35.3653,-119.003807
7395-IGJOS,United States,California,Los Angeles,90001,Southern California,33.959709,-118.260792
5044-XDPYX,United States,California,Oakland,94612,Bay Area,37.788903,-122.282286
1814-WFGVS,United States,California,Los Angeles,90001,Southern California,33.975125,-118.235082
2834-SPCJV,United States,California,Bakersfield,93301,Central Valley,35.379048,-119.007415
3721-WKIIL,United States,California,Los Angeles,90001,Southern California,33.957064,-118.238618
6734-CKRSM,United States,California,Long Beach,90802,Southern California,33.763411,-118.201588
1265-ZFOSD,United States,California,Los Angeles,90012,Southern California,34.07372,-118.219305
6568-POCUI,United States,California,San Francisco,94102,Bay Area,37.793339,-122.419096
7890-VYYWG,United States,California,Long Beach,90802,Southern California,33.785449,-118.191075
5197-LQXXH,United States,California,San Diego,92101,Southern California,32.731106,-117.166674
9907-SWKKF,United States,California,Sacramento,95814,Northern California,38.588835,-121.494849
3457-PQBYH,United States,California,Long Beach,90802,Southern California,33.776818,-118.200502
7682-AZNDK,United States,California,Los Angeles,90012,Southern California,34.053498,-118.258052
0587-DMGBH,United States,California,Anaheim,92805,Southern California,33.854538,-117.899396
5384-ZTTWP,United States,California,San Diego,92101,Southern California,32.733192,-117.158038
3745-HRPHI,United States,California,San Francisco,94110,Bay Area,37.761463,-122.401576
7636-OWBPG,United States,California,Los Angeles,90001,Southern California,33.965653,-118.230438
1231-YNDEK,United States,California,Long Beach,90802,Southern California,33.777406,-118.184398
1407-DIGZV,United States,California,San Diego,92101,Southern California,32.725137,-117.167448
6397-JNZZG,United States,California,San Diego,92101,Southern California,32.724099,-117.142251
0570-BFQHT,United States,California,San Diego,92101,Southern California,32.734106,-117.181086
4393-OBCRR,United States,California,Oakland,94612,Bay Area,37.791589,-122.272439
3523-QRQLL,United States,California,San Diego,92101,Southern California,32.73111,-117.173499
8564-LDKFL,United States,California,Los Angeles,90001,Southern California,33.975972,-118.247304
3696-DFHHB,United States,California,San Francisco,94102,Bay Area,37.765821,-122.402928
0895-DQHEW,United States,California,San Diego,92101,Southern California,32.715417,-117.170438
4717-GHADL,United States,California,Los Angeles,90012,Southern California,34.048318,-118.227303
5501-TVMGM,United States,California,Los Angeles,90012,Southern California,34.075225,-118.222819
5879-HMFFH,United States,California,Long Beach,90802,Southern California,33.774282,-118.19245
6772-WFQRD,United States,California,Oakland,94612,Bay Area,37.790114,-122.273625
3810-DVDQQ,United States,California,Los Angeles,90001,Southern California,33.980094,-118.244048
6972-SNKKW,United States,California,Los Angeles,90012,Southern California,34.068915,-118.245029
3694-GLTJM,United States,California,San Francisco,94110,Bay Area,37.766248,-122.416302
8550-XSXUQ,United States,California,Los Angeles,90001,Southern California,33.992913,-118.231382
8149-RSOUN,United States,California,San Francisco,94110,Bay Area,37.762705,-122.426744
9055-MOJJJ,United States,California,Sacramento,95814,Northern California,38.57959,-121.486531
4359-INNWN,United States,California,San Francisco,94102,Bay Area,37.779881,-122.411962
0585-EGDDA,United States,California,San Diego,92101,Southern California,32.698441,-117.155104
4032-RMHCI,United States,California,Fresno,93721,Central Valley,36.719097,-119.797534
0549-CYCQN,United States,California,Oakland,94612,Bay Area,37.805137,-122.289321
3481-JHUZH,United States,California,Los Angeles,90001,Southern California,33.955271,-118.261172
7250-EQKIY,United States,California,Sacramento,95814,Northern California,38.563238,-121.498631
3594-IVHJZ,United States,California,Los Angeles,90012,Southern California,34.047674,-118.243091
6869-FGJJC,United States,California,Los Angeles,90012,Southern California,34.057218,-118.224398
3896-ZVNET,United States,California,Los Angeles,90001,Southern California,33.962898,-118.259021
8205-VSLRB,United States,California,San Francisco,94110,Bay Area,37.762191,-122.410837
5960-MVTUK,United States,California,San Francisco,94110,Bay Area,37.75492,-122.39631
6817-WTYHE,United States,California,San Jose,95113,Bay Area,37.329642,-121.873467
3082-VQXNH,United States,California,Los Angeles,90012,Southern California,34.07028,-118.248229
4013-UBXWQ,United States,California,San Jose,95113,Bay Area,37.324492,-121.88314
4931-TRZWN,United States,California,Los Angeles,90012,Southern California,34.067553,-118.255028
0750-EKNGL,United States,California,Los Angeles,90001,Southern California,33.959336,-118.256141
7669-LCRSD,United States,California,Los Angeles,90001,Southern California,33.95515,-118.257992
3567-PQTSO,United States,California,Fresno,93721,Central Valley,36.722949,-119.795445
5519-NPHVG,United States,California,Los Angeles,90012,Southern California,34.067514,-118.223514
8043-PNYSD,United States,California,San Diego,92101,Southern California,32.697275,-117.154218
9938-EKRGF,United States,California,Los Angeles,90001,Southern California,33.96938,-118.244139
2703-AMTUL,United States,California,San Francisco,94110,Bay Area,37.760796,-122.397113
0928-JMXNP,United States,California,San Francisco,94102,Bay Area,37.772019,-122.399498
8173-RXAYP,United States,California,Anaheim,92805,Southern California,33.832906,-117.913281
4825-XJGDM,United States,California,Los Angeles,90001,Southern California,33.989041,-118.255088
5402-HTOTQ,United States,California,San Francisco,94102,Bay Area,37.767056,-122.406878
6734-JDTTV,United States,California,Los Angeles,90001,Southern California,33.955772,-118.247828
7850-THJMU,United States,California,Long Beach,90802,Southern California,33.787883,-118.199655
3890-RTCMS,United States,California,Los Angeles,90012,Southern California,34.071833,-118.228956
8849-GYOKR,United States,California,Los Angeles,90012,Southern California,34.056229,-118.223924
3148-BLQJT,United States,California,San Jose,95113,Bay Area,37.330868,-121.903125
3717-FDJFU,United States,California,San Diego,92101,Southern California,32.718091,-117.169418
3665-JATSN,United States,California,Anaheim,92805,Southern California,33.841567,-117.899397
7966-YOTQW,United States,California,San Jose,95113,Bay Area,37.317703,-121.877624
0461-CVKMU,United States,California,Bakersfield,93301,Central Valley,35.37708,-119.003967
8806-EAGWC,United States,California,San Francisco,94110,Bay Area,37.73718,-122.432603
8853-TZDGH,United States,California,Los Angeles,90001,Southern California,33.972672,-118.232878
7779-LGOVN,United States,California,Long Beach,90802,Southern California,33.774184,-118.196646
4324-BZCKL,United States,California,Bakersfield,93301,Central Valley,35.361997,-119.021751
6924-TDGMT,United States,California,Fresno,93721,Central Valley,36.735626,-119.782047
9710-ZUSHQ,United States,California,Los Angeles,90001,Southern California,33.987122,-118.253798
1536-YHDOE,United States,California,San Diego,92101,Southern California,32.714001,-117.143501
8123-QBNAZ,United States,California,San Francisco,94102,Bay Area,37.789609,-122.420278
3629-ZNKXA,United States,California,Los Angeles,90001,Southern California,33.967301,-118.251931
4827-LTQRJ,United States,California,Bakersfield,93301,Central Valley,35.361132,-118.999088
7711-YIJWC,United States,California,Long Beach,90802,Southern California,33.767806,-118.188002
5482-VXSXJ,United States,California,Long Beach,90802,Southern California,33.758499,-118.176398
7365-BVCJH,United States,California,San Francisco,94102,Bay Area,37.763462,-122.437331
9620-ENEJV,United States,California,Los Angeles,90001,Southern California,33.977711,-118.234736
4183-WCSEP,United States,California,Bakersfield,93301,Central Valley,35.385466,-119.032512
2378-YIZKA,United States,California,San Jose,95113,Bay Area,37.337258,-121.907365
5498-TXHLF,United States,California,San Jose,95113,Bay Area,37.352731,-121.8919
0689-DSXGL,United States,California,Los Angeles,90001,Southern California,33.966346,-118.243364
6818-DJXAA,United States,California,San Jose,95113,Bay Area,37.332473,-121.909892
9722-UJOJR,United States,California,Los Angeles,90012,Southern California,34.059893,-118.227064
0464-WJTKO,United States,California,Los Angeles,90012,Southern California,34.068978,-118.223121
8902-ZEOVF,United States,California,Los Angeles,90001,Southern California,33.965325,-118.250201
6778-EICRF,United States,California,San Francisco,94110,Bay Area,37.762871,-122.401661
2662-NNTDK,United States,California,Fresno,93721,Central Valley,36.735883,-119.804104
4132-KALRO,United States,California,San Diego,92101,Southern California,32.716361,-117.157417
3902-FOIGH,United States,California,Los Angeles,90012,Southern California,34.062761,-118.228898
6772-KSATR,United States,California,Fresno,93721,Central Valley,36.718244,-119.806445
7112-OPOTK,United States,California,Los Angeles,90012,Southern California,34.080133,-118.238158
2874-YXVVA,United States,California,Oakland,94612,Bay Area,37.818939,-122.285935
1245-HARPS,United States,California,San Diego,92101,Southern California,32.718453,-117.163983
4210-QFJMF,United States,California,San Francisco,94102,Bay Area,37.785147,-122.42623
4323-ELYYB,United States,California,Long Beach,90802,Southern California,33.75433,-118.189125
4293-ETKAP,United States,California,San Jose,95113,Bay Area,37.328527,-121.897988
6064-PUPMC,United States,California,San Francisco,94110,Bay Area,37.743288,-122.408472
6504-VBLFL,United States,California,Los Angeles,90012,Southern California,34.051464,-118.241175
6322-PJJDJ,United States,California,Sacramento,95814,Northern California,38.580183,-121.499358
0330-BGYZE,United States,California,Oakland,94612,Bay Area,37.791031,-122.282462
1085-LDWAM,United States,California,Los Angeles,90001,Southern California,33.955886,-118.254148
7586-ZATGZ,United States,California,San Diego,92101,Southern California,32.700082,-117.145886
7197-VOJMM,United States,California,Los Angeles,90012,Southern California,34.063581,-118.25275
3318-OSATS,United States,California,Los Angeles,90012,Southern California,34.043956,-118.233274
5828-AVIPD,United States,California,Los Angeles,90012,Southern California,34.044368,-118.231847
1843-TLSGD,United States,California,Fresno,93721,Central Valley,36.755051,-119.771243
9626-VFRGG,United States,California,Fresno,93721,Central Valley,36.740213,-119.778069
7075-BNDVQ,United States,California,Los Angeles,90012,Southern California,34.078826,-118.258357
9143-CANJF,United States,California,Sacramento,95814,Northern California,38.588652,-121.483415
7284-BUYEC,United States,California,Los Angeles,90001,Southern California,33.986018,-118.244093
2041-JIJCI,United States,California,San Jose,95113,Bay Area,37.323306,-121.91048
1086-LXKFY,United States,California,Fresno,93721,Central Valley,36.722761,-119.781577
4900-MSOMT,United States,California,San Diego,92101,Southern California,32.707569,-117.142287
2229-VWQJH,United States,California,San Francisco,94102,Bay Area,37.785362,-122.438806
9194-GFVOI,United States,California,Long Beach,90802,Southern California,33.757777,-118.187186
1336-EZFZY,United States,California,San Francisco,94110,Bay Area,37.740291,-122.419478
4282-MSACW,United States,California,San Jose,95113,Bay Area,37.339939,-121.8802
1403-LKLIK,United States,California,Los Angeles,90012,Southern California,34.075567,-118.233049
2636-ALXXZ,United States,California,Los Angeles,90001,Southern California,33.987002,-118.247847
7774-OJSXI,United States,California,Bakersfield,93301,Central Valley,35.372237,-119.009735
7786-WBJYI,United States,California,San Francisco,94110,Bay Area,37.749879,-122.396921
0136-IFMYD,United States,California,San Francisco,94102,Bay Area,37.771621,-122.404775
5144-TVGLP,United States,California,Los Angeles,90012,Southern California,34.046356,-118.236233
9643-AVVWI,United States,California,Los Angeles,90001,Southern California,33.979265,-118.262822
0253-ZTEOB,United States,California,Anaheim,92805,Southern California,33.825787,-117.921446
2706-QZIHY,United States,California,Sacramento,95814,Northern California,38.570651,-121.490344
6061-PQHMK,United States,California,San Diego,92101,Southern California,32.705896,-117.161726
9885-CSMWE,United States,California,San Diego,92101,Southern California,32.720811,-117.144475
6137-MFAJN,United States,California,Los Angeles,90012,Southern California,34.059896,-118.21893
9122-UMROB,United States,California,Fresno,93721,Central Valley,36.731207,-119.801185
4232-JGKIY,United States,California,San Francisco,94110,Bay Area,37.764204,-122.414382
2402-TAIRZ,United States,California,San Francisco,94102,Bay Area,37.779889,-122.40792
9659-ZTWSM,United States,California,Bakersfield,93301,Central Valley,35.389971,-119.006715
9139-TWBAS,United States,California,Bakersfield,93301,Central Valley,35.361661,-119.001299
6685-GBWJZ,United States,California,Bakersfield,93301,Central Valley,35.370045,-119.011091
5016-ETTFF,United States,California,Bakersfield,93301,Central Valley,35.361236,-119.010306
3866-MDTUB,United States,California,San Jose,95113,Bay Area,37.343438,-121.905531
2195-VVRJF,United States,California,Oakland,94612,Bay Area,37.794041,-122.269474
3913-RDSJZ,United States,California,San Diego,92101,Southern California,32.710759,-117.174634
8058-JMEQO,United States,California,Long Beach,90802,Southern California,33.759098,-118.203983
4203-QGNZA,United States,California,Los Angeles,90012,Southern California,34.047406,-118.233118
5043-TRZWM,United States,California,San Jose,95113,Bay Area,37.340438,-121.8971
0697-ZMSWS,United States,California,Los Angeles,90012,Southern California,34.068746,-118.220897
7657-DYEPJ,United States,California,Los Angeles,90012,Southern California,34.073278,-118.222406
9494-BDNNC,United States,California,San Francisco,94102,Bay Area,37.781547,-122.412343
1640-PLFMP,United States,California,San Diego,92101,Southern California,32.713656,-117.158385
5366-OBVMR,United States,California,Anaheim,92805,Southern California,33.845604,-117.92721
8276-MQBYC,United States,California,San Diego,92101,Southern California,32.712962,-117.172976
7644-OMVMY,United States,California,Los Angeles,90012,Southern California,34.070597,-118.2549
7593-XFKDI,United States,California,San Francisco,94110,Bay Area,37.762391,-122.417675
4573-JKNAE,United States,California,Los Angeles,90001,Southern California,33.957115,-118.251148
0337-CNPZE,United States,California,San Francisco,94110,Bay Area,37.765742,-122.413484
9817-APLHW,United States,California,Los Angeles,90012,Southern California,34.080665,-118.241171
8380-MQINP,United States,California,San Francisco,94110,Bay Area,37.770189,-122.414698
0840-DFEZH,United States,California,Los Angeles,90001,Southern California,33.958261,-118.24126
1513-XNPPH,United States,California,Los Angeles,90001,Southern California,33.966421,-118.250724
8690-ZVLCL,United States,California,Los Angeles,90001,Southern California,33.955332,-118.24707
6015-VVHHE,United States,California,Los Angeles,90012,Southern California,34.042032,-118.244235
1125-SNVCK,United States,California,San Francisco,94110,Bay Area,37.762171,-122.40483
0384-LPITE,United States,California,Los Angeles,90012,Southern California,34.058195,-118.239377
4616-EWBNJ,United States,California,Bakersfield,93301,Central Valley,35.360752,-119.035221
6347-DCUIK,United States,California,San Francisco,94102,Bay Area,37.770847,-122.399576
1335-HQMKX,United States,California,Bakersfield,93301,Central Valley,35.359922,-119.025374
2545-EBUPK,United States,California,Los Angeles,90001,Southern California,33.992624,-118.23953
6923-AQONU,United States,California,San Diego,92101,Southern California,32.701632,-117.14923
2172-EJXVF,United States,California,Oakland,94612,Bay Area,37.8193,-122.286023
0897-FEGMU,United States,California,San Diego,92101,Southern California,32.711031,-117.173046
7663-RGWBC,United States,California,Los Angeles,90012,Southern California,34.043171,-118.250672
1120-BMWUB,United States,California,San Francisco,94102,Bay Area,37.761215,-122.433775
9124-LHCJQ,United States,California,Los Angeles,90001,Southern California,33.982965,-118.266083
4536-PLEQY,United States,California,San Francisco,94110,Bay Area,37.764475,-122.42809
7029-IJEJK,United States,California,Los Angeles,90012,Southern California,34.074309,-118.21866
8871-JLMHM,United States,California,San Francisco,94102,Bay Area,37.782847,-122.402604
2235-ZGKPT,United States,California,Bakersfield,93301,Central Valley,35.36704,-119.003139
3891-PUQOD,United States,California,San Francisco,94110,Bay Area,37.732456,-122.419465
5447-VYTKW,United States,California,San Diego,92101,Southern California,32.711971,-117.153254
3623-FQBOX,United States,California,San Francisco,94102,Bay Area,37.789767,-122.42585
0689-NKYLF,United States,California,Los Angeles,90001,Southern California,33.991396,-118.253819
8659-HDIYE,United States,California,San Francisco,94102,Bay Area,37.75986,-122.403204
3658-KIBGF,United States,California,Bakersfield,93301,Central Valley,35.371256,-119.00882
3474-BAFSJ,United States,California,Los Angeles,90012,Southern California,34.044873,-118.219505
5519-YLDGW,United States,California,Los Angeles,90012,Southern California,34.059841,-118.224415
3865-ZFZIB,United States,California,Los Angeles,90012,Southern California,34.058592,-118.239328
1855-AGAWH,United States,California,Anaheim,92805,Southern California,33.844397,-117.906188
7109-CQYUZ,United States,California,San Francisco,94102,Bay Area,37.769732,-122.414317
1370-GGAWX,United States,California,San Diego,92101,Southern California,32.702414,-117.167677
4680-KUTAJ,United States,California,Los Angeles,90001,Southern California,33.989724,-118.26693
5307-UVGNB,United States,California,San Francisco,94110,Bay Area,37.739183,-122.412427
4946-EDSEW,United States,California,Sacramento,95814,Northern California,38.579212,-121.487809
2883-ILGWO,United States,California,Sacramento,95814,Northern California,38.579468,-121.511225
2516-VQRRV,United States,California,San Diego,92101,Southern California,32.712112,-117.170551
7580-UGXNC,United States,California,Long Beach,90802,Southern California,33.756463,-118.174774
3642-BYHDO,United States,California,San Jose,95113,Bay Area,37.334962,-121.900769
9629-NHXFW,United States,California,San Francisco,94102,Bay Area,37.766767,-122.400973
2696-RZVZW,United States,California,Los Angeles,90012,Southern California,34.063968,-118.248003
5766-FTRTS,United States,California,San Francisco,94110,Bay Area,37.742524,-122.433617
0396-HUJBP,United States,California,Los Angeles,90001,Southern California,33.953757,-118.251776
5178-LMXOP,United States,California,Sacramento,95814,Northern California,38.600258,-121.487776
8879-ZKJOF,United States,California,San Diego,92101,Southern California,32.733351,-117.148764
6285-FTQBF,United States,California,San Diego,92101,Southern California,32.729902,-117.162028
8185-UPYBR,United States,California,Sacramento,95814,Northern California,38.598338,-121.491895
4585-HETAI,United States,California,Los Angeles,90001,Southern California,33.957952,-118.247208
7526-BEZQB,United States,California,San Jose,95113,Bay Area,37.34005,-121.883382
1474-JUWSM,United States,California,Bakersfield,93301,Central Valley,35.372676,-119.009412
3530-CRZSB,United States,California,Fresno,93721,Central Valley,36.745431,-119.804382
8498-XXGWA,United States,California,Fresno,93721,Central Valley,36.733114,-119.783993
9617-INGJY,United States,California,Anaheim,92805,Southern California,33.838628,-117.905466
0621-TSSMU,United States,California,San Francisco,94110,Bay Area,37.74746,-122.423948
7234-KMNRQ,United States,California,Los Angeles,90012,Southern California,34.063135,-118.223071
7636-PEPNS,United States,California,Long Beach,90802,Southern California,33.781295,-118.196046
4683-WYDOU,United States,California,San Francisco,94102,Bay Area,37.781078,-122.416203
9052-DHNKM,United States,California,Oakland,94612,Bay Area,37.7858,-122.278252
6794-HKIAJ,United States,California,Fresno,93721,Central Valley,36.729097,-119.795249
5578-NKCXI,United States,California,Anaheim,92805,Southern California,33.841204,-117.921295
1642-HMARX,United States,California,San Francisco,94110,Bay Area,37.764092,-122.434003
3096-WPXBT,United States,California,Anaheim,92805,Southern California,33.821296,-117.904103
8434-PNQZX,United States,California,Oakland,94612,Bay Area,37.817837,-122.285416
5950-AAAGJ,United States,California,San Francisco,94102,Bay Area,37.759674,-122.413236
4299-OPXEJ,United States,California,Los Angeles,90001,Southern California,33.961127,-118.245322
4951-UKAAQ,United States,California,Oakland,94612,Bay Area,37.805219,-122.273649
9618-LFJRU,United States,California,San Francisco,94110,Bay Area,37.735054,-122.42565
6693-DJWTY,United States,California,Los Angeles,90001,Southern California,33.959638,-118.238972
0744-GKNGE,United States,California,San Francisco,94110,Bay Area,37.739628,-122.421873
6447-EGDIV,United States,California,Los Angeles,90012,Southern California,34.079834,-118.222067
1167-OYZJF,United States,California,Los Angeles,90001,Southern California,33.953179,-118.265256
2108-YKQTY,United States,California,Los Angeles,90012,Southern California,34.054935,-118.251326
4806-DXQCE,United States,California,Los Angeles,90001,Southern California,33.990586,-118.26281
4918-QLLIW,United States,California,Fresno,93721,Central Valley,36.736435,-119.782987
7056-IMHCC,United States,California,San Francisco,94110,Bay Area,37.73496,-122.424767
4854-SSLTN,United States,California,Los Angeles,90001,Southern California,33.968027,-118.264067
5294-DMSFH,United States,California,Los Angeles,90012,Southern California,34.080964,-118.239512
4837-PZTIC,United States,California,Sacramento,95814,Northern California,38.573592,-121.504392
1625-JAIIY,United States,California,Sacramento,95814,Northern California,38.599646,-121.49814
0603-OLQDC,United States,California,Los Angeles,90012,Southern California,34.071368,-118.255294
3272-VUHPV,United States,California,Los Angeles,90001,Southern California,33.978023,-118.254742
4176-FXYBO,United States,California,San Francisco,94102,Bay Area,37.776233,-122.425201
1063-DHQJF,United States,California,Sacramento,95814,Northern California,38.587582,-121.512513
8663-UPDGF,United States,California,San Francisco,94110,Bay Area,37.744896,-122.415547
6719-FGEDO,United States,California,San Francisco,94102,Bay Area,37.782487,-122.438457
1837-YQUCE,United States,California,Los Angeles,90012,Southern California,34.07413,-118.253834
2947-DOMLJ,United States,California,San Francisco,94102,Bay Area,37.796503,-122.40672
4112-LUEIZ,United States,California,Los Angeles,90001,Southern California,33.956945,-118.232941
0369-ZGOVK,United States,California,Bakersfield,93301,Central Valley,35.357304,-119.007479
4510-HIMLV,United States,California,Sacramento,95814,Northern California,38.580274,-121.503454
9919-KNPOO,United States,California,San Diego,92101,Southern California,32.731206,-117.175117
8749-JMNKX,United States,California,Los Angeles,90001,Southern California,33.966594,-118.231177
7872-BAAZR,United States,California,San Francisco,94102,Bay Area,37.764032,-122.431071
9391-LMANN,United States,California,Los Angeles,90012,Southern California,34.078003,-118.25489
2430-USGXP,United States,California,Los Angeles,90001,Southern California,33.988451,-118.266419
8174-TBVCF,United States,California,San Francisco,94110,Bay Area,37.762152,-122.399923
1698-XFZCI,United States,California,San Francisco,94102,Bay Area,37.766804,-122.418591
1877-HKBQX,United States,California,Bakersfield,93301,Central Valley,35.38388,-119.015522
4450-DLLMH,United States,California,San Jose,95113,Bay Area,37.334798,-121.886956
0428-AXXLJ,United States,California,San Diego,92101,Southern California,32.706932,-117.14785
2746-DIJLO,United States,California,San Diego,92101,Southern California,32.723063,-117.170067
5955-ERIHD,United States,California,San Diego,92101,Southern California,32.73213,-117.171053
0917-EZOLA,United States,California,San Diego,92101,Southern California,32.719801,-117.175959
3508-VLHCZ,United States,California,San Jose,95113,Bay Area,37.31676,-121.904013
4086-ATNFV,United States,California,Los Angeles,90001,Southern California,33.962416,-118.238941
0468-YRPXN,United States,California,Long Beach,90802,Southern California,33.764093,-118.191866
5996-NRVXR,United States,California,San Jose,95113,Bay Area,37.342698,-121.900356
3739-YBWAB,United States,California,Sacramento,95814,Northern California,38.582331,-121.495055
7047-FWEYA,United States,California,San Jose,95113,Bay Area,37.329985,-121.886825
2000-MPKCA,United States,California,Los Angeles,90012,Southern California,34.058417,-118.246265
9762-YAQAA,United States,California,Los Angeles,90001,Southern California,33.956963,-118.265783
5949-EBSQK,United States,California,San Diego,92101,Southern California,32.697674,-117.168857
5473-KHBPS,United States,California,Los Angeles,90012,Southern California,34.074275,-118.234781
0100-DUVFC,United States,California,Sacramento,95814,Northern California,38.601253,-121.486557
5397-TUPSH,United States,California,Los Angeles,90012,Southern California,34.047232,-118.225054
8950-MTZNV,United States,California,San Jose,95113,Bay Area,37.324075,-121.907286
0326-VDYXE,United States,California,Sacramento,95814,Northern California,38.563231,-121.514274
6773-LQTVT,United States,California,San Francisco,94102,Bay Area,37.761438,-122.400787
7274-RTAPZ,United States,California,Sacramento,95814,Northern California,38.583309,-121.50169
0436-TWFFZ,United States,California,San Francisco,94110,Bay Area,37.766524,-122.40501
8566-YPRGL,United States,California,Los Angeles,90012,Southern California,34.050983,-118.250207
0311-UNPFF,United States,California,Long Beach,90802,Southern California,33.766434,-118.199916
6609-MXJHJ,United States,California,Los Angeles,90001,Southern California,33.962909,-118.263265
2669-OIDSD,United States,California,Long Beach,90802,Southern California,33.778212,-118.212635
8400-WZICQ,United States,California,Los Angeles,90001,Southern California,33.97736,-118.266594
3834-XUIFC,United States,California,San Diego,92101,Southern California,32.699833,-117.16908
9576-SYUHJ,United States,California,San Diego,92101,Southern California,32.718247,-117.163222
0410-IPFTY,United States,California,San Francisco,94102,Bay Area,37.78061,-122.419947
2831-EBWRN,United States,California,Los Angeles,90012,Southern California,34.045218,-118.240527
9430-NKQLY,United States,California,Los Angeles,90001,Southern California,33.969467,-118.258051
8414-MYSHR,United States,California,San Jose,95113,Bay Area,37.344583,-121.895028
0247-SLUJI,United States,California,San Francisco,94110,Bay Area,37.740817,-122.425131
9402-ORRAH,United States,California,San Francisco,94102,Bay Area,37.767671,-122.423336
6483-OATDN,United States,California,Fresno,93721,Central Valley,36.722273,-119.768402
1293-HHSHJ,United States,California,Los Angeles,90001,Southern California,33.984171,-118.237846
4840-ORQXB,United States,California,Los Angeles,90001,Southern California,33.961014,-118.241671
7599-FKVXZ,United States,California,Anaheim,92805,Southern California,33.846605,-117.923337
3982-DQLUS,United States,California,Los Angeles,90012,Southern California,34.070994,-118.237007
8610-ZIKJJ,United States,California,Los Angeles,90012,Southern California,34.044588,-118.231102
3756-VNWDH,United States,California,San Francisco,94102,Bay Area,37.798971,-122.426895
7801-KICAO,United States,California,Los Angeles,90012,Southern California,34.050042,-118.235618
7673-LPRNY,United States,California,San Diego,92101,Southern California,32.715173,-117.169775
8229-TNIQA,United States,California,Oakland,94612,Bay Area,37.805423,-122.285627
6060-QBMGV,United States,California,Los Angeles,90012,Southern California,34.068982,-118.2472
7339-POGZN,United States,California,Los Angeles,90012,Southern California,34.058012,-118.246702
2828-SLQPF,United States,California,Los Angeles,90001,Southern California,33.977304,-118.244257
4465-VDKIQ,United States,California,Los Angeles,90012,Southern California,34.080745,-118.222689
2921-XWDJH,United States,California,Los Angeles,90012,Southern California,34.07818,-118.250351
6221-AVQYL,United States,California,San Jose,95113,Bay Area,37.341278,-121.901399
2558-BUOZZ,United States,California,Los Angeles,90001,Southern California,33.977249,-118.265181
9257-AZMTZ,United States,California,San Diego,92101,Southern California,32.710564,-117.142602
0003-MKNFE,United States,California,San Diego,92101,Southern California,32.731195,-117.160689
0975-UYDTX,United States,California,Los Angeles,90012,Southern California,34.071076,-118.234601
7743-EXURX,United States,California,Bakersfield,93301,Central Valley,35.356174,-119.026384
4682-BLBUC,United States,California,Oakland,94612,Bay Area,37.785452,-122.275796
0975-VOOVL,United States,California,Oakland,94612,Bay Area,37.813505,-122.29099
5968-VXZLG,United States,California,San Diego,92101,Southern California,32.728852,-117.179076
5569-KGJHX,United States,California,Los Angeles,90012,Southern California,34.066626,-118.238085
4988-IQIGL,United States,California,Los Angeles,90001,Southern California,33.9647,-118.250105
5201-FRKKS,United States,California,Los Angeles,90012,Southern California,34.057135,-118.251628
9799-CAYJJ,United States,California,Los Angeles,90012,Southern California,34.062909,-118.237055
7730-IUTDZ,United States,California,Sacramento,95814,Northern California,38.599887,-121.4823
0426-TIRNE,United States,California,San Diego,92101,Southern California,32.729225,-117.163608
5443-SCMKX,United States,California,Los Angeles,90001,Southern California,33.977221,-118.255674
8295-KMENE,United States,California,Sacramento,95814,Northern California,38.573142,-121.47635
6738-ISCBM,United States,California,San Francisco,94102,Bay Area,37.765817,-122.401753
9821-BESNZ,United States,California,San Jose,95113,Bay Area,37.317565,-121.901164
3678-MNGZX,United States,California,Fresno,93721,Central Valley,36.746954,-119.773109
1335-NTIUC,United States,California,Bakersfield,93301,Central Valley,35.376968,-119.001998
2916-BQZLN,United States,California,Anaheim,92805,Southern California,33.840634,-117.930244
4558-CGYCZ,United States,California,San Francisco,94110,Bay Area,37.734447,-122.432315
2368-GAKKQ,United States,California,San Francisco,94102,Bay Area,37.782998,-122.433533
8710-YGLWG,United States,California,San Francisco,94102,Bay Area,37.797774,-122.419752
3199-XGZCY,United States,California,San Jose,95113,Bay Area,37.34538,-121.905279
3785-KTYSH,United States,California,San Francisco,94102,Bay Area,37.780337,-122.402094
6814-ZPWFQ,United States,California,Los Angeles,90001,Southern California,33.983786,-118.234963
4063-EIKNQ,United States,California,Sacramento,95814,Northern California,38.569277,-121.487101
6993-YCOBK,United States,California,San Francisco,94102,Bay Area,37.799131,-122.428544
5206-HPJKM,United States,California,Long Beach,90802,Southern California,33.75481,-118.177433
7587-RZNME,United States,California,San Francisco,94102,Bay Area,37.762057,-122.408331
0748-RDGGM,United States,California,Anaheim,92805,Southern California,33.842082,-117.901156
8393-JMVMB,United States,California,Los Angeles,90001,Southern California,33.95329,-118.232986
5019-GQVCR,United States,California,San Francisco,94110,Bay Area,37.751111,-122.433043
6036-TTFYU,United States,California,Los Angeles,90012,Southern California,34.056441,-118.255746
2550-AEVRU,United States,California,Los Angeles,90012,Southern California,34.059382,-118.243587
0969-RGKCU,United States,California,San Jose,95113,Bay Area,37.350805,-121.879844
0378-CJKPV,United States,California,Long Beach,90802,Southern California,33.767743,-118.177223
4706-AXVKM,United States,California,San Francisco,94110,Bay Area,37.739656,-122.39772
5889-JTMUL,United States,California,San Francisco,94102,Bay Area,37.78333,-122.439207
9026-RNUJS,United States,California,San Jose,95113,Bay Area,37.338589,-121.875903
3746-EUBYR,United States,California,Los Angeles,90012,Southern California,34.063173,-118.24408
2332-EFBJY,United States,California,Anaheim,92805,Southern California,33.854799,-117.915535
2880-FPNAE,United States,California,Sacramento,95814,Northern California,38.585397,-121.503533
1703-MGIAB,United States,California,Sacramento,95814,Northern California,38.590634,-121.484598
4311-QTTAI,United States,California,Long Beach,90802,Southern California,33.755264,-118.176774
9474-PHLYD,United States,California,San Francisco,94110,Bay Area,37.746417,-122.421681
4318-RAJVY,United States,California,Los Angeles,90001,Southern California,33.969128,-118.238208
2165-VOEGB,United States,California,Los Angeles,90012,Southern California,34.057959,-118.232328
3612-YUNGG,United States,California,Los Angeles,90012,Southern California,34.069317,-118.25361
2254-DLXRI,United States,California,Los Angeles,90001,Southern California,33.990614,-118.24988
5062-CJJKH,United States,California,Los Angeles,90012,Southern California,34.068896,-118.231135
9028-LIHRP,United States,California,Long Beach,90802,Southern California,33.75124,-118.199122
2219-MVUSO,United States,California,San Francisco,94102,Bay Area,37.794341,-122.417249
1053-MXTTK,United States,California,San Diego,92101,Southern California,32.71032,-117.159645
1530-ZTDOZ,United States,California,Los Angeles,90001,Southern California,33.958167,-118.229154
1301-LOPVR,United States,California,Los Angeles,90001,Southern California,33.982193,-118.264423
0853-TWRVK,United States,California,Los Angeles,90001,Southern California,33.990359,-118.257079
8914-RBTSB,United States,California,San Francisco,94102,Bay Area,37.791135,-122.403265
6212-ATMLK,United States,California,Anaheim,92805,Southern California,33.843856,-117.910163
8200-LGKSR,United States,California,San Diego,92101,Southern California,32.733748,-117.173524
1568-BEKZM,United States,California,San Francisco,94102,Bay Area,37.786207,-122.436998
0670-ANMUU,United States,California,Oakland,94612,Bay Area,37.821991,-122.287064
6897-RWMUB,United States,California,San Diego,92101,Southern California,32.704092,-117.17355
0963-ZBDRN,United States,California,San Jose,95113,Bay Area,37.332141,-121.89674
7594-RQHXR,United States,California,Los Angeles,90001,Southern California,33.976563,-118.26777
6999-CHVCF,United States,California,San Francisco,94110,Bay Area,37.763083,-122.426597
6134-KWTBV,United States,California,Anaheim,92805,Southern California,33.829464,-117.928603
1077-HUUJM,United States,California,Sacramento,95814,Northern California,38.581982,-121.480077
6331-EWIEB,United States,California,San Francisco,94102,Bay Area,37.782055,-122.411495
0895-LNKRC,United States,California,Sacramento,95814,Northern California,38.601221,-121.510614
2045-BMBTJ,United States,California,Bakersfield,93301,Central Valley,35.360871,-119.015148
8417-GSODA,United States,California,San Jose,95113,Bay Area,37.325752,-121.883587
5171-EPLKN,United States,California,Bakersfield,93301,Central Valley,35.388476,-119.004867
4452-QIIEB,United States,California,San Jose,95113,Bay Area,37.320159,-121.905023
5998-VVEJY,United States,California,Oakland,94612,Bay Area,37.814125,-122.289624
1624-NALOJ,United States,California,San Francisco,94102,Bay Area,37.789488,-122.425029
6741-EGCBI,United States,California,Sacramento,95814,Northern California,38.583904,-121.513924
7820-ZYGNY,United States,California,Oakland,94612,Bay Area,37.811948,-122.280425
4317-VTEOA,United States,California,San Francisco,94102,Bay Area,37.775832,-122.438705
9677-AVKED,United States,California,Los Angeles,90012,Southern California,34.053798,-118.220065
1670-SVOWZ,United States,California,Bakersfield,93301,Central Valley,35.376162,-119.03128
2227-JRSJX,United States,California,Sacramento,95814,Northern California,38.574285,-121.490923
9847-HNVGP,United States,California,Los Angeles,90012,Southern California,34.071481,-118.22323
6696-YDAYZ,United States,California,San Francisco,94102,Bay Area,37.780734,-122.423336
8980-WQFWL,United States,California,Los Angeles,90001,Southern California,33.986022,-118.249068
1730-ZMAME,United States,California,Los Angeles,90012,Southern California,34.075327,-118.25105
6506-EYCNH,United States,California,Los Angeles,90001,Southern California,33.968367,-118.267512
4634-JLRJT,United States,California,Oakland,94612,Bay Area,37.80732,-122.288592
9501-UKKNL,United States,California,Los Angeles,90012,Southern California,34.051506,-118.230691
2560-QTSBS,United States,California,San Diego,92101,Southern California,32.722132,-117.1469
7541-YLXCL,United States,California,San Francisco,94102,Bay Area,37.796962,-122.414675
4795-WRNVT,United States,California,San Francisco,94110,Bay Area,37.767142,-122.405804
6080-TCMYC,United States,California,Long Beach,90802,Southern California,33.773418,-118.198151
0260-ZDLGK,United States,California,Los Angeles,90001,Southern California,33.988385,-118.231652
7860-UXCRM,United States,California,Los Angeles,90012,Southern California,34.072918,-118.257405
6357-JJPQT,United States,California,Los Angeles,90001,Southern California,33.984353,-118.241546
2292-XQWSV,United States,California,Sacramento,95814,Northern California,38.586366,-121.485567
9552-TGUZV,United States,California,Los Angeles,90001,Southern California,33.955741,-118.244848
5913-INRQV,United States,California,Long Beach,90802,Southern California,33.760664,-118.175399
8722-NGNBH,United States,California,Los Angeles,90012,Southern California,34.051914,-118.22525
6210-KBBPI,United States,California,Sacramento,95814,Northern California,38.593952,-121.508788
9643-YBLUR,United States,California,Los Angeles,90012,Southern California,34.054035,-118.235021
8734-FNWVH,United States,California,Los Angeles,90001,Southern California,33.981309,-118.252006
9447-YPTBX,United States,California,Los Angeles,90012,Southern California,34.051807,-118.219167
0133-BMFZO,United States,California,Long Beach,90802,Southern California,33.783947,-118.182883
6128-CZOMY,United States,California,San Diego,92101,Southern California,32.711656,-117.156663
9540-JYROE,United States,California,Los Angeles,90012,Southern California,34.07303,-118.247781
9026-LHEVG,United States,California,Fresno,93721,Central Valley,36.745983,-119.771296
2260-USTRB,United States,California,San Diego,92101,Southern California,32.732232,-117.15544
3656-TKRVZ,United States,California,Los Angeles,90001,Southern California,33.990763,-118.266791
7011-CVEUC,United States,California,Los Angeles,90012,Southern California,34.069217,-118.225092
6185-TASNN,United States,California,Los Angeles,90001,Southern California,33.961417,-118.241842
7925-PNRGI,United States,California,San Diego,92101,Southern California,32.727215,-117.175528
8623-TMRBY,United States,California,Los Angeles,90012,Southern California,34.045328,-118.23247
1552-CZCLL,United States,California,San Jose,95113,Bay Area,37.343017,-121.896087
3038-PQIUY,United States,California,Los Angeles,90001,Southern California,33.965455,-118.265853
1501-SGHBW,United States,California,Bakersfield,93301,Central Valley,35.38226,-119.014372
9313-CDOGY,United States,California,Anaheim,92805,Southern California,33.828448,-117.908019
8148-BPLZQ,United States,California,Los Angeles,90012,Southern California,34.063162,-118.252415
2623-DRYAM,United States,California,San Jose,95113,Bay Area,37.33687,-121.873324
9987-LUTYD,United States,California,Los Angeles,90001,Southern California,33.975094,-118.228178
3208-YPIOE,United States,California,San Jose,95113,Bay Area,37.351118,-121.896576
4488-KQFDT,United States,California,Los Angeles,90001,Southern California,33.979978,-118.228449
2612-RANWT,United States,California,Los Angeles,90012,Southern California,34.061108,-118.238068
5693-PIPCS,United States,California,Oakland,94612,Bay Area,37.810326,-122.289508
0491-KAPQG,United States,California,Los Angeles,90012,Southern California,34.070989,-118.253972
1925-LFCZZ,United States,California,Fresno,93721,Central Valley,36.73646,-119.794387
8039-EQPIM,United States,California,Los Angeles,90012,Southern California,34.053029,-118.221466
6900-PXRMS,United States,California,Los Angeles,90001,Southern California,33.983502,-118.259403
8707-RMEZH,United States,California,San Francisco,94102,Bay Area,37.764161,-122.413827
3346-BRMIS,United States,California,Los Angeles,90012,Southern California,34.075029,-118.257993
3209-ZPKFI,United States,California,Fresno,93721,Central Valley,36.741959,-119.806701
6479-VDGRK,United States,California,Los Angeles,90001,Southern California,33.987084,-118.228519
9373-WSLOY,United States,California,San Francisco,94102,Bay Area,37.772355,-122.40813
2933-FILNV,United States,California,San Francisco,94102,Bay Area,37.781265,-122.426156
3569-JFODW,United States,California,Sacramento,95814,Northern California,38.574762,-121.486018
9819-FBNSV,United States,California,San Diego,92101,Southern California,32.696188,-117.15284
9544-PYPSJ,United States,California,San Jose,95113,Bay Area,37.337563,-121.9008
1591-XWLGB,United States,California,Los Angeles,90001,Southern California,33.968072,-118.235811
0396-UKGAI,United States,California,Los Angeles,90012,Southern California,34.080617,-118.254568
3243-ZHOHY,United States,California,Los Angeles,90001,Southern California,33.98373,-118.267658
5186-EJEGL,United States,California,Sacramento,95814,Northern California,38.565831,-121.476247
7527-QNRUS,United States,California,San Francisco,94110,Bay Area,37.731657,-122.41319
9986-BONCE,United States,California,Los Angeles,90001,Southern California,33.986831,-118.242979
2722-JMONI,United States,California,San Francisco,94102,Bay Area,37.769361,-122.431247
2203-GHNWN,United States,California,Los Angeles,90012,Southern California,34.06528,-118.231144
3878-AVSOQ,United States,California,San Diego,92101,Southern California,32.724351,-117.150578
3258-SYSWS,United States,California,Los Angeles,90012,Southern California,34.051431,-118.23655
5296-PSYVW,United States,California,Sacramento,95814,Northern California,38.599047,-121.481004
6319-QSUSR,United States,California,San Francisco,94110,Bay Area,37.744174,-122.404189
4083-EUGRJ,United States,California,Oakland,94612,Bay Area,37.795388,-122.275578
7579-OOPEC,United States,California,Fresno,93721,Central Valley,36.727869,-119.800004
0512-FLFDW,United States,California,Sacramento,95814,Northern California,38.563022,-121.478928
1771-OADNZ,United States,California,Los Angeles,90012,Southern California,34.041654,-118.220423
0487-CRLZF,United States,California,Los Angeles,90012,Southern California,34.068871,-118.258453
2107-FBPTK,United States,California,Los Angeles,90001,Southern California,33.95551,-118.251305
9451-WLYRI,United States,California,Los Angeles,90001,Southern California,33.956966,-118.252959
8219-VYBVI,United States,California,San Jose,95113,Bay Area,37.34328,-121.878534
1991-VOPLL,United States,California,Los Angeles,90012,Southern California,34.050795,-118.254427
9738-QLWTP,United States,California,San Francisco,94102,Bay Area,37.765879,-122.418319
1016-DJTSV,United States,California,Sacramento,95814,Northern California,38.598857,-121.476337
9419-IPPBE,United States,California,Los Angeles,90012,Southern California,34.042274,-118.238352
0174-QRVVY,United States,California,Oakland,94612,Bay Area,37.803596,-122.277881
5699-BNCAS,United States,California,San Francisco,94102,Bay Area,37.76979,-122.413959
2900-PHPLN,United States,California,San Francisco,94102,Bay Area,37.774571,-122.425585
0612-RTZZA,United States,California,Los Angeles,90001,Southern California,33.979548,-118.267581
8106-GWQOK,United States,California,Oakland,94612,Bay Area,37.820932,-122.274992
8751-EDEKA,United States,California,Fresno,93721,Central Valley,36.718143,-119.781399
6878-GGDWG,United States,California,San Jose,95113,Bay Area,37.353371,-121.896528
4039-PIMHX,United States,California,San Diego,92101,Southern California,32.702953,-117.154688
8450-LUGUK,United States,California,Los Angeles,90012,Southern California,34.043929,-118.24461
3604-WLABM,United States,California,Los Angeles,90001,Southern California,33.97202,-118.259454
0795-GMVQO,United States,California,San Jose,95113,Bay Area,37.329373,-121.880114
2259-OUUSZ,United States,California,Los Angeles,90012,Southern California,34.062458,-118.221116
1142-IHLOO,United States,California,San Francisco,94102,Bay Area,37.79006,-122.429526
6410-LEFEN,United States,California,Sacramento,95814,Northern California,38.579896,-121.504111
4633-MKHYU,United States,California,San Diego,92101,Southern California,32.725522,-117.172905
6257-RJOHI,United States,California,San Francisco,94110,Bay Area,37.770172,-122.406682
1545-JFUML,United States,California,San Jose,95113,Bay Area,37.351038,-121.877058
3194-ORPIK,United States,California,Sacramento,95814,Northern California,38.568292,-121.477992
7826-VVKWT,United States,California,Los Angeles,90001,Southern California,33.99284,-118.241626
1353-GHZOS,United States,California,San Francisco,94110,Bay Area,37.738145,-122.401245
2587-EKXTS,United States,California,Oakland,94612,Bay Area,37.806294,-122.274122
5442-BXVND,United States,California,San Francisco,94102,Bay Area,37.771728,-122.428815
8816-VXNZD,United States,California,San Diego,92101,Southern California,32.71522,-117.14608
9378-FXTIZ,United States,California,Los Angeles,90001,Southern California,33.976687,-118.239134
1723-HKXJQ,United States,California,Bakersfield,93301,Central Valley,35.385194,-119.003254
7825-GKXMW,United States,California,Los Angeles,90012,Southern California,34.056525,-118.258278
9753-OYLBX,United States,California,San Francisco,94102,Bay Area,37.796435,-122.421402
2364-UFROM,United States,California,Los Angeles,90001,Southern California,33.956136,-118.256023
6656-JWRQX,United States,California,San Jose,95113,Bay Area,37.338259,-121.90981
6473-ULUHT,United States,California,Los Angeles,90012,Southern California,34.049826,-118.238826
1240-KNSEZ,United States,California,Los Angeles,90012,Southern California,34.060014,-118.246468
0836-SEYLU,United States,California,San Francisco,94110,Bay Area,37.761736,-122.403936
4433-JCGCG,United States,California,San Francisco,94110,Bay Area,37.762163,-122.419969
3716-BDVDB,United States,California,Fresno,93721,Central Valley,36.74812,-119.801203
7688-AWMDX,United States,California,Anaheim,92805,Southern California,33.833025,-117.897374
2842-BCQGE,United States,California,San Diego,92101,Southern California,32.720164,-117.174285
7244-QWYHG,United States,California,San Francisco,94102,Bay Area,37.786197,-122.437077
5899-MQZZL,United States,California,San Francisco,94102,Bay Area,37.779736,-122.432012
6849-OYAMU,United States,California,San Francisco,94102,Bay Area,37.795935,-122.401627
5312-UXESG,United States,California,Los Angeles,90012,Southern California,34.077784,-118.23622
9488-HGMJH,United States,California,Oakland,94612,Bay Area,37.801517,-122.268651
6038-GCYEC,United States,California,Los Angeles,90001,Southern California,33.966494,-118.265397
2150-WLKUW,United States,California,Los Angeles,90001,Southern California,33.96689,-118.252274
7159-FVYPK,United States,California,Los Angeles,90001,Southern California,33.960498,-118.260796
7032-LMBHI,United States,California,Los Angeles,90001,Southern California,33.972826,-118.237068
1150-WFARN,United States,California,San Diego,92101,Southern California,32.725556,-117.156153
6088-BXMRG,United States,California,San Francisco,94102,Bay Area,37.776089,-122.423542
3144-AUDBS,United States,California,Oakland,94612,Bay Area,37.793295,-122.28708
4821-SJHJV,United States,California,San Francisco,94102,Bay Area,37.770179,-122.407736
7346-MEDWM,United States,California,Long Beach,90802,Southern California,33.776291,-118.174486
1137-DGOWI,United States,California,Long Beach,90802,Southern California,33.770863,-118.180813
5616-PRTNT,United States,California,Los Angeles,90012,Southern California,34.069819,-118.250344
3812-LRZIR,United States,California,Los Angeles,90012,Southern California,34.052866,-118.243373
4818-QIUFN,United States,California,Bakersfield,93301,Central Valley,35.363757,-118.999679
9483-GCPWE,United States,California,Los Angeles,90012,Southern California,34.059514,-118.254876
4227-OJHAL,United States,California,San Francisco,94102,Bay Area,37.760812,-122.42896
9220-CXRSC,United States,California,San Francisco,94110,Bay Area,37.748312,-122.395488
4993-JCRGJ,United States,California,San Diego,92101,Southern California,32.718959,-117.167067
9537-JALFH,United States,California,Los Angeles,90001,Southern California,33.983618,-118.246946
6698-OXETB,United States,California,Los Angeles,90001,Southern California,33.962062,-118.237849
2103-ZRXFN,United States,California,San Francisco,94110,Bay Area,37.759135,-122.407468
3724-BSCVH,United States,California,Long Beach,90802,Southern California,33.756569,-118.208054
4877-TSOFF,United States,California,San Jose,95113,Bay Area,37.330024,-121.875888
9209-NWPGU,United States,California,Fresno,93721,Central Valley,36.741869,-119.77301
6961-VCPMC,United States,California,Los Angeles,90001,Southern California,33.959517,-118.258613
7306-YDSOI,United States,California,Los Angeles,90012,Southern California,34.062858,-118.252939
5288-AHOUP,United States,California,San Diego,92101,Southern California,32.718693,-117.167646
6688-UZPWD,United States,California,Sacramento,95814,Northern California,38.601312,-121.505406
0655-YDGFJ,United States,California,San Francisco,94102,Bay Area,37.763924,-122.42543
8468-EHYJA,United States,California,San Francisco,94102,Bay Area,37.769313,-122.408995
6823-SIDFQ,United States,California,Oakland,94612,Bay Area,37.797679,-122.277183
1097-FSPVW,United States,California,Los Angeles,90001,Southern California,33.962126,-118.246339
2839-RFSQE,United States,California,San Francisco,94102,Bay Area,37.787148,-122.432091
8328-SKJNO,United States,California,Los Angeles,90012,Southern California,34.062095,-118.226093
7010-ZMVBF,United States,California,San Francisco,94102,Bay Area,37.786426,-122.399374
5201-CBWYG,United States,California,Long Beach,90802,Southern California,33.76008,-118.209201
0968-GSIKN,United States,California,San Francisco,94102,Bay Area,37.764434,-122.429042
1965-DDBWU,United States,California,San Diego,92101,Southern California,32.702199,-117.166407
9057-SIHCH,United States,California,Los Angeles,90001,Southern California,33.988334,-118.248412
6352-GIGGQ,United States,California,San Diego,92101,Southern California,32.733334,-117.150598
3635-QQRQD,United States,California,Los Angeles,90001,Southern California,33.982628,-118.230805
6771-XWBDM,United States,California,Bakersfield,93301,Central Valley,35.355133,-119.008679
2897-DOVND,United States,California,Fresno,93721,Central Valley,36.739524,-119.799645
3082-YVEKW,United States,California,San Francisco,94102,Bay Area,37.78108,-122.433762
0191-EQUUH,United States,California,Fresno,93721,Central Valley,36.725456,-119.767438
7134-HBPBS,United States,California,Los Angeles,90012,Southern California,34.054463,-118.220852
3489-HHPFY,United States,California,Los Angeles,90001,Southern California,33.984226,-118.258993
2926-JEJJC,United States,California,Anaheim,92805,Southern California,33.820857,-117.926255
8601-QACRS,United States,California,Fresno,93721,Central Valley,36.741389,-119.804989
4950-BDEUX,United States,California,Los Angeles,90001,Southern California,33.971249,-118.255077
5789-LDFXO,United States,California,San Jose,95113,Bay Area,37.342923,-121.897101
0508-OOLTO,United States,California,Los Angeles,90012,Southern California,34.047513,-118.226887
2984-TBYKU,United States,California,Los Angeles,90001,Southern California,33.9899,-118.250331
9822-WMWVG,United States,California,Oakland,94612,Bay Area,37.82352,-122.282625
2391-SOORI,United States,California,Los Angeles,90012,Southern California,34.080685,-118.221882
9040-KZVWO,United States,California,Sacramento,95814,Northern California,38.574704,-121.503975
2645-QTLMB,United States,California,San Diego,92101,Southern California,32.708099,-117.177423
4806-HIPDW,United States,California,San Diego,92101,Southern California,32.726798,-117.177646
1548-ARAGG,United States,California,Fresno,93721,Central Valley,36.75072,-119.800279
6339-RZCBJ,United States,California,Long Beach,90802,Southern California,33.768538,-118.188222
4424-TKOPW,United States,California,San Francisco,94110,Bay Area,37.756946,-122.405155
4415-WNGVR,United States,California,Oakland,94612,Bay Area,37.797404,-122.25529
2522-AHJXR,United States,California,Los Angeles,90001,Southern California,33.985283,-118.232339
0412-UCCNP,United States,California,Long Beach,90802,Southern California,33.776242,-118.19133
1816-FLZDK,United States,California,Sacramento,95814,Northern California,38.581314,-121.483657
7096-UCLNH,United States,California,Los Angeles,90001,Southern California,33.95937,-118.240094
8443-ZRDBZ,United States,California,Los Angeles,90001,Southern California,33.980356,-118.236454
9136-ALYBR,United States,California,Sacramento,95814,Northern California,38.594978,-121.485275
4615-PIVVU,United States,California,San Francisco,94102,Bay Area,37.761265,-122.415917
8885-QSQBX,United States,California,Long Beach,90802,Southern California,33.777918,-118.193718
7479-NITWS,United States,California,Sacramento,95814,Northern California,38.562819,-121.49861
8617-ENBDS,United States,California,Bakersfield,93301,Central Valley,35.359455,-119.011748
9385-NXKDA,United States,California,Los Angeles,90001,Southern California,33.958252,-118.237422
0430-IHCDJ,United States,California,San Diego,92101,Southern California,32.701966,-117.172011
2959-MJHIC,United States,California,Fresno,93721,Central Valley,36.738128,-119.800599
6674-KVJHG,United States,California,Los Angeles,90001,Southern California,33.959253,-118.246888
1814-DKOLC,United States,California,Oakland,94612,Bay Area,37.807391,-122.252883
4201-JMNGR,United States,California,Fresno,93721,Central Valley,36.721831,-119.780105
9351-HXDMR,United States,California,Los Angeles,90001,Southern California,33.976784,-118.230775
3537-HPKQT,United States,California,Los Angeles,90012,Southern California,34.056803,-118.22488
2129-ALKBS,United States,California,Fresno,93721,Central Valley,36.754292,-119.778501
5821-MMEIL,United States,California,Anaheim,92805,Southern California,33.84596,-117.928618
5960-WPXQM,United States,California,Los Angeles,90012,Southern California,34.076347,-118.229096
0684-AOSIH,United States,California,Los Angeles,90012,Southern California,34.080515,-118.239736
8260-NGFNY,United States,California,Oakland,94612,Bay Area,37.80119,-122.254797
1309-XGFSN,United States,California,Los Angeles,90012,Southern California,34.06245,-118.24387
1866-RZZQS,United States,California,Anaheim,92805,Southern California,33.834902,-117.918997
6968-URWQU,United States,California,San Francisco,94102,Bay Area,37.771658,-122.424867
4742-TXUEX,United States,California,Los Angeles,90012,Southern California,34.066875,-118.240473
9631-XEYKE,United States,California,San Diego,92101,Southern California,32.733086,-117.170103
8631-NBHFZ,United States,California,Los Angeles,90001,Southern California,33.983372,-118.247632
1335-MXCSE,United States,California,Bakersfield,93301,Central Valley,35.377717,-119.000519
8873-TMKGR,United States,California,Los Angeles,90001,Southern California,33.9697,-118.267565
8800-JOOCF,United States,California,Sacramento,95814,Northern California,38.585861,-121.478317
1469-LBJQJ,United States,California,San Francisco,94110,Bay Area,37.738173,-122.419238
4958-XCBDQ,United States,California,San Francisco,94102,Bay Area,37.787256,-122.411763
8337-UPOAQ,United States,California,Long Beach,90802,Southern California,33.771159,-118.175045
0064-YIJGF,United States,California,Sacramento,95814,Northern California,38.575299,-121.514007
2386-OWURY,United States,California,San Jose,95113,Bay Area,37.338655,-121.895777
1725-IQNIY,United States,California,San Jose,95113,Bay Area,37.339779,-121.874819
0310-VQXAM,United States,California,San Jose,95113,Bay Area,37.338328,-121.906974
6598-RFFVI,United States,California,San Diego,92101,Southern California,32.700295,-117.175247
3453-RTHJQ,United States,California,Los Angeles,90001,Southern California,33.961733,-118.252881
6712-OAWRH,United States,California,San Francisco,94110,Bay Area,37.74993,-122.404152
6278-FEPBZ,United States,California,Los Angeles,90001,Southern California,33.98437,-118.255035
4280-DLSHD,United States,California,Los Angeles,90012,Southern California,34.044701,-118.222816
1508-DFXCU,United States,California,Los Angeles,90012,Southern California,34.072438,-118.256037
8614-VGMMV,United States,California,Anaheim,92805,Southern California,33.855753,-117.899315
7868-BGSZA,United States,California,San Francisco,94102,Bay Area,37.794416,-122.434161
2800-QQUSO,United States,California,Fresno,93721,Central Valley,36.737901,-119.769653
2930-UOTMB,United States,California,Los Angeles,90001,Southern California,33.962243,-118.263966
7973-DZRKH,United States,California,Los Angeles,90012,Southern California,34.052525,-118.226869
5914-DVBWJ,United States,California,San Diego,92101,Southern California,32.696454,-117.172575
7698-YFGEZ,United States,California,San Francisco,94102,Bay Area,37.763948,-122.406763
2533-QVMSK,United States,California,Los Angeles,90012,Southern California,34.055967,-118.257341
9773-PEQBZ,United States,California,Los Angeles,90012,Southern California,34.065306,-118.222527
8644-XLFBW,United States,California,San Jose,95113,Bay Area,37.339307,-121.88193
0650-BWOZN,United States,California,San Jose,95113,Bay Area,37.321345,-121.885188
8625-AZYZY,United States,California,San Francisco,94110,Bay Area,37.76114,-122.41039
7785-RDVIG,United States,California,San Jose,95113,Bay Area,37.323015,-121.882965
9602-WCXPI,United States,California,Los Angeles,90012,Southern California,34.044108,-118.230543
2903-YYTBW,United States,California,Anaheim,92805,Southern California,33.847073,-117.928964
3620-MWJNE,United States,California,Los Angeles,90001,Southern California,33.979046,-118.266848
8573-JGCZW,United States,California,Oakland,94612,Bay Area,37.802156,-122.264815
6837-HAEVO,United States,California,San Diego,92101,Southern California,32.711982,-117.16475
6701-YVNQG,United States,California,San Francisco,94110,Bay Area,37.733701,-122.411618
9306-CPCBC,United States,California,Los Angeles,90001,Southern California,33.990452,-118.249874
4304-XUMGI,United States,California,San Francisco,94110,Bay Area,37.760606,-122.426243
9504-YAZWB,United States,California,San Diego,92101,Southern California,32.721462,-117.141389
8819-ZBYNA,United States,California,Fresno,93721,Central Valley,36.737693,-119.785262
6174-NRBTZ,United States,California,Los Angeles,90001,Southern California,33.978833,-118.246944
9481-IEBZY,United States,California,Los Angeles,90001,Southern California,33.956076,-118.254675
1833-VGRUM,United States,California,Oakland,94612,Bay Area,37.787769,-122.275965
6137-NICCO,United States,California,Sacramento,95814,Northern California,38.595195,-121.481951
9065-ZCPQX,United States,California,Los Angeles,90001,Southern California,33.977851,-118.264562
6402-EJMWF,United States,California,Long Beach,90802,Southern California,33.769589,-118.192471
3620-EHIMZ,United States,California,Long Beach,90802,Southern California,33.766158,-118.188189
3213-VVOLG,United States,California,San Diego,92101,Southern California,32.708699,-117.157161
6870-ECSHE,United States,California,Anaheim,92805,Southern California,33.845577,-117.916448
8747-UDCOI,United States,California,Los Angeles,90012,Southern California,34.074405,-118.23095
8374-XGEJJ,United States,California,Los Angeles,90001,Southern California,33.98213,-118.236675
2656-TABEH,United States,California,Fresno,93721,Central Valley,36.732686,-119.80527
6946-LMSQS,United States,California,San Francisco,94102,Bay Area,37.762772,-122.433218
4626-OZDTJ,United States,California,San Francisco,94102,Bay Area,37.77179,-122.420186
9169-BSVIN,United States,California,San Diego,92101,Southern California,32.724916,-117.164332
2325-ZUSFD,United States,California,San Jose,95113,Bay Area,37.324963,-121.874022
8194-PEEBY,United States,California,Los Angeles,90001,Southern California,33.97172,-118.253863
6872-HXFNF,United States,California,Long Beach,90802,Southern California,33.764779,-118.1924
3932-CMDTD,United States,California,Los Angeles,90001,Southern California,33.960774,-118.231189
7714-YXSMB,United States,California,San Jose,95113,Bay Area,37.350154,-121.884514
8387-UGUSU,United States,California,Los Angeles,90001,Southern California,33.963572,-118.258246
1080-BWSYE,United States,California,San Diego,92101,Southern California,32.697124,-117.154793
4039-HEUNW,United States,California,San Francisco,94102,Bay Area,37.767077,-122.435952
1194-HVAIF,United States,California,Long Beach,90802,Southern California,33.770614,-118.173953
0812-WUPTB,United States,California,Fresno,93721,Central Valley,36.751896,-119.782289
3594-UVONA,United States,California,Los Angeles,90012,Southern California,34.076545,-118.229936
0004-TLHLJ,United States,California,San Francisco,94110,Bay Area,37.747588,-122.40942
1767-TGTKO,United States,California,Los Angeles,90012,Southern California,34.062267,-118.247575
8439-LTUGF,United States,California,Anaheim,92805,Southern California,33.820426,-117.914989
8805-JNRAZ,United States,California,San Francisco,94102,Bay Area,37.778789,-122.408125
5089-IFSDP,United States,California,Los Angeles,90001,Southern California,33.968276,-118.233116
6418-HNFED,United States,California,Los Angeles,90001,Southern California,33.989133,-118.236534
0206-OYVOC,United States,California,San Francisco,94102,Bay Area,37.791273,-122.42566
7291-CDTMJ,United States,California,Sacramento,95814,Northern California,38.583263,-121.506273
7128-GGCNO,United States,California,San Jose,95113,Bay Area,37.338664,-121.891971
0237-YFUTL,United States,California,Los Angeles,90012,Southern California,34.046674,-118.22882
7691-KGKGP,United States,California,Los Angeles,90001,Southern California,33.9913,-118.24237
6710-HSJRD,United States,California,Bakersfield,93301,Central Valley,35.356893,-119.036669
3675-EQOZA,United States,California,Bakersfield,93301,Central Valley,35.385636,-119.017481
0840-DCNZE,United States,California,Los Angeles,90001,Southern California,33.977584,-118.262784
1732-FEKLD,United States,California,San Francisco,94110,Bay Area,37.762097,-122.412082
9862-KJTYK,United States,California,San Francisco,94110,Bay Area,37.751301,-122.405774
0479-HMSWA,United States,California,Fresno,93721,Central Valley,36.751742,-119.772815
5854-KSRBJ,United States,California,Fresno,93721,Central Valley,36.743882,-119.785241
0365-BZUWY,United States,California,San Francisco,94110,Bay Area,37.767891,-122.411309
4817-VYYWS,United States,California,San Francisco,94102,Bay Area,37.788165,-122.399719
5701-SVCWR,United States,California,Los Angeles,90001,Southern California,33.954384,-118.253961
3129-AAQOU,United States,California,Los Angeles,90012,Southern California,34.076175,-118.234772
4922-CVPDX,United States,California,San Jose,95113,Bay Area,37.33473,-121.89509
1396-QWFBJ,United States,California,San Francisco,94110,Bay Area,37.740147,-122.427994
1357-BIJKI,United States,California,Long Beach,90802,Southern California,33.771493,-118.205877
1099-BTKWT,United States,California,San Jose,95113,Bay Area,37.328577,-121.899135
5299-SJCZT,United States,California,San Jose,95113,Bay Area,37.329347,-121.89892
2018-PZKMU,United States,California,San Francisco,94110,Bay Area,37.763661,-122.425153
7340-KEFQE,United States,California,Fresno,93721,Central Valley,36.740946,-119.788895
4570-QHXHL,United States,California,San Jose,95113,Bay Area,37.325315,-121.900669
2403-BCASL,United States,California,San Jose,95113,Bay Area,37.329413,-121.871926
7392-YYPYJ,United States,California,Los Angeles,90001,Southern California,33.956361,-118.235122
2898-LSJGD,United States,California,Fresno,93721,Central Valley,36.730341,-119.802727
2223-GDSHL,United States,California,Fresno,93721,Central Valley,36.731823,-119.792166
7359-PTSXY,United States,California,Anaheim,92805,Southern California,33.816604,-117.926295
9470-RTWDV,United States,California,San Francisco,94102,Bay Area,37.795925,-122.439107
2176-OSJUV,United States,California,San Francisco,94102,Bay Area,37.764902,-122.425054
9348-YVOMK,United States,California,San Diego,92101,Southern California,32.718431,-117.160992
8104-OSKWT,United States,California,San Jose,95113,Bay Area,37.345185,-121.893047
4521-YEEHE,United States,California,San Francisco,94102,Bay Area,37.767135,-122.406329
4090-KPJIP,United States,California,Sacramento,95814,Northern California,38.589624,-121.490639
3786-WOVKF,United States,California,Anaheim,92805,Southern California,33.849629,-117.933516
4503-BDXBD,United States,California,San Francisco,94102,Bay Area,37.775467,-122.430519
6086-ESGRL,United States,California,San Jose,95113,Bay Area,37.322369,-121.902658
2592-HODOV,United States,California,Los Angeles,90012,Southern California,34.050335,-118.220111
3886-CERTZ,United States,California,Los Angeles,90001,Southern California,33.980177,-118.24367
7995-ZHHNZ,United States,California,Bakersfield,93301,Central Valley,35.362354,-119.019216
3824-RHKVR,United States,California,San Jose,95113,Bay Area,37.314319,-121.90663
5816-SCGFC,United States,California,San Francisco,94110,Bay Area,37.759142,-122.417243
5989-AXPUC,United States,California,Oakland,94612,Bay Area,37.789835,-122.270899
4979-HPRFL,United States,California,San Diego,92101,Southern California,32.707212,-117.156447
8590-OHDIW,United States,California,Los Angeles,90012,Southern California,34.050519,-118.249195
8015-IHCGW,United States,California,Bakersfield,93301,Central Valley,35.360044,-119.004647
2332-TODQS,United States,California,Los Angeles,90001,Southern California,33.970735,-118.250986
9278-VZKCD,United States,California,San Diego,92101,Southern California,32.717225,-117.147044
8008-OTEZX,United States,California,Los Angeles,90012,Southern California,34.058442,-118.222354
2773-OVBPK,United States,California,San Francisco,94110,Bay Area,37.747654,-122.404
5999-LCXAO,United States,California,Fresno,93721,Central Valley,36.740779,-119.789916
5206-XZZQI,United States,California,Los Angeles,90012,Southern California,34.055721,-118.241535
4803-LBYPN,United States,California,San Francisco,94102,Bay Area,37.790033,-122.438103
5759-RCVCB,United States,California,Los Angeles,90001,Southern California,33.988332,-118.239475
6372-RFVNS,United States,California,Los Angeles,90001,Southern California,33.982434,-118.246805
2139-FQHLM,United States,California,Sacramento,95814,Northern California,38.563374,-121.474943
8261-GWDBQ,United States,California,Los Angeles,90001,Southern California,33.977948,-118.261196
1093-YSWCA,United States,California,San Diego,92101,Southern California,32.728045,-117.179257
8938-UMKPI,United States,California,Fresno,93721,Central Valley,36.740556,-119.772006
0991-BRRFB,United States,California,San Diego,92101,Southern California,32.707813,-117.180081
3882-IYOIJ,United States,California,San Francisco,94110,Bay Area,37.747118,-122.41
8749-TZYEC,United States,California,Los Angeles,90012,Southern California,34.078081,-118.244449
1755-FZQEC,United States,California,San Francisco,94102,Bay Area,37.793285,-122.409081
3115-JPJDD,United States,California,San Jose,95113,Bay Area,37.34795,-121.89489
5600-KTXFM,United States,California,Los Angeles,90001,Southern California,33.984121,-118.24454
3871-IKPYH,United States,California,Anaheim,92805,Southern California,33.820917,-117.900839
6319-IEJWJ,United States,California,Los Angeles,90012,Southern California,34.080688,-118.219504
9025-AOMKI,United States,California,San Jose,95113,Bay Area,37.318862,-121.909034
6339-TBELP,United States,California,Bakersfield,93301,Central Valley,35.391897,-119.022352
7964-YESJC,United States,California,Los Angeles,90001,Southern California,33.953552,-118.265846
6173-GOLSU,United States,California,Los Angeles,90001,Southern California,33.983344,-118.265605
5275-SQEIZ,United States,California,Long Beach,90802,Southern California,33.75457,-118.193177
7716-YTYHG,United States,California,San Jose,95113,Bay Area,37.313764,-121.897251
9938-ZREHM,United States,California,San Diego,92101,Southern California,32.700606,-117.147386
7950-XWOVN,United States,California,Los Angeles,90001,Southern California,33.964031,-118.234478
4390-KYULV,United States,California,Long Beach,90802,Southern California,33.772005,-118.180671
4647-MUZON,United States,California,San Francisco,94110,Bay Area,37.765019,-122.431269
9702-AIUJO,United States,California,Los Angeles,90012,Southern California,34.041516,-118.248973
8849-PRIQJ,United States,California,Long Beach,90802,Southern California,33.788655,-118.186343
8851-RAGOV,United States,California,Long Beach,90802,Southern California,33.78136,-118.194799
1304-NECVQ,United States,California,Los Angeles,90012,Southern California,34.071826,-118.221657
5396-IZEPB,United States,California,San Francisco,94102,Bay Area,37.780328,-122.418725
1729-VLAZJ,United States,California,Oakland,94612,Bay Area,37.804898,-122.273557
8285-ABVLB,United States,California,San Diego,92101,Southern California,32.735103,-117.15943
0701-TJSEF,United States,California,San Francisco,94102,Bay Area,37.777837,-122.406686
5712-VBOXD,United States,California,San Diego,92101,Southern California,32.718011,-117.141679
6629-LADHQ,United States,California,San Diego,92101,Southern California,32.727889,-117.174289
8945-GRKHX,United States,California,Los Angeles,90012,Southern California,34.072345,-118.232298
1559-DTODC,United States,California,San Diego,92101,Southern California,32.721179,-117.14708
4797-MIWUM,United States,California,San Francisco,94102,Bay Area,37.772122,-122.400152
6959-UWKHF,United States,California,Bakersfield,93301,Central Valley,35.374867,-119.003737
8720-RQSBJ,United States,California,Bakersfield,93301,Central Valley,35.367181,-119.025907
4537-CIBHB,United States,California,Bakersfield,93301,Central Valley,35.374966,-119.020964
3815-SLMEF,United States,California,San Jose,95113,Bay Area,37.322656,-121.876029
5154-VEKBL,United States,California,San Francisco,94110,Bay Area,37.734819,-122.417707
4324-AHJKS,United States,California,San Francisco,94110,Bay Area,37.744723,-122.410947
4355-CVPVS,United States,California,Sacramento,95814,Northern California,38.590755,-121.481269
4495-LHSSK,United States,California,Sacramento,95814,Northern California,38.583694,-121.481157
5655-JSMZM,United States,California,Los Angeles,90012,Southern California,34.073588,-118.255812
5915-ANOEI,United States,California,Sacramento,95814,Northern California,38.573889,-121.498972
9861-PDSZP,United States,California,San Francisco,94110,Bay Area,37.759727,-122.399089
4505-EXZHB,United States,California,Oakland,94612,Bay Area,37.822869,-122.261207
7225-CBZPL,United States,California,Los Angeles,90001,Southern California,33.967204,-118.227966
6704-UTUKK,United States,California,Fresno,93721,Central Valley,36.756898,-119.779756
4587-VVTOX,United States,California,Los Angeles,90001,Southern California,33.984965,-118.240132
2019-HDCZY,United States,California,San Francisco,94110,Bay Area,37.743209,-122.4348
4652-NNHNY,United States,California,Los Angeles,90001,Southern California,33.986927,-118.264751
8788-DOXSU,United States,California,Los Angeles,90001,Southern California,33.984683,-118.240479
7404-JLKQG,United States,California,Los Angeles,90001,Southern California,33.968226,-118.260924
7421-ZLUPA,United States,California,Los Angeles,90012,Southern California,34.048038,-118.232811
8972-HJWNV,United States,California,Los Angeles,90012,Southern California,34.08057,-118.238058
3274-NSDWE,United States,California,Los Angeles,90001,Southern California,33.955856,-118.235487
2632-IVXVF,United States,California,San Francisco,94110,Bay Area,37.758042,-122.403881
3692-JHONH,United States,California,Los Angeles,90001,Southern California,33.966606,-118.252217
8915-NNTRC,United States,California,Los Angeles,90001,Southern California,33.968795,-118.265401
5914-GXMDA,United States,California,San Francisco,94102,Bay Area,37.787123,-122.430017
7463-IFMQU,United States,California,San Francisco,94110,Bay Area,37.739583,-122.425264
2920-RNCEZ,United States,California,Los Angeles,90001,Southern California,33.989117,-118.254736
2541-YGPKE,United States,California,Long Beach,90802,Southern California,33.762192,-118.190478
8515-OCTJS,United States,California,Los Angeles,90001,Southern California,33.988142,-118.242905
5382-TEMLV,United States,California,Long Beach,90802,Southern California,33.765013,-118.198211
3441-CGZJH,United States,California,San Francisco,94102,Bay Area,37.795855,-122.420201
9592-ERDKV,United States,California,Los Angeles,90001,Southern California,33.990516,-118.238926
2860-RANUS,United States,California,San Diego,92101,Southern California,32.707575,-117.16481
5261-QSHQM,United States,California,San Francisco,94102,Bay Area,37.785007,-122.423598
4778-IZARL,United States,California,San Francisco,94102,Bay Area,37.771745,-122.413758
0432-CAJZV,United States,California,San Jose,95113,Bay Area,37.321958,-121.874156
7008-LZVOZ,United States,California,Los Angeles,90012,Southern California,34.048995,-118.2269
8868-WOZGU,United States,California,Los Angeles,90001,Southern California,33.991041,-118.238145
1200-TUZHR,United States,California,Anaheim,92805,Southern California,33.820283,-117.903151
9365-CSLBQ,United States,California,San Francisco,94102,Bay Area,37.79647,-122.425881
1334-FJSVR,United States,California,Long Beach,90802,Southern California,33.785,-118.198658
5884-FBCTL,United States,California,San Francisco,94102,Bay Area,37.770493,-122.435243
7130-CTCUS,United States,California,Oakland,94612,Bay Area,37.798771,-122.269519
6242-FEGFD,United States,California,Los Angeles,90001,Southern California,33.98882,-118.241511
7625-XCQRH,United States,California,Anaheim,92805,Southern California,33.823991,-117.924364
6194-HBGQN,United States,California,San Jose,95113,Bay Area,37.332246,-121.871506
7634-WSWDB,United States,California,Los Angeles,90012,Southern California,34.06851,-118.253528
6986-IXNDM,United States,California,Los Angeles,90012,Southern California,34.07584,-118.22747
1731-TVIUK,United States,California,Los Angeles,90001,Southern California,33.963552,-118.251501
2987-BJXIK,United States,California,Oakland,94612,Bay Area,37.816762,-122.276326
9769-TSBZE,United States,California,San Jose,95113,Bay Area,37.349289,-121.903151
0406-BPDVR,United States,California,Sacramento,95814,Northern California,38.562112,-121.494578
0618-XWMSS,United States,California,Bakersfield,93301,Central Valley,35.365422,-119.00422
1395-WSWXR,United States,California,San Francisco,94102,Bay Area,37.780875,-122.432034
6023-GSSXW,United States,California,Sacramento,95814,Northern California,38.593867,-121.485728
6752-APNJL,United States,California,San Jose,95113,Bay Area,37.352447,-121.870923
5276-KQWHG,United States,California,San Diego,92101,Southern California,32.697348,-117.158487
0420-HLGXF,United States,California,Los Angeles,90012,Southern California,34.075539,-118.240837
7446-KQISO,United States,California,Bakersfield,93301,Central Valley,35.369246,-119.031568
9823-EALYC,United States,California,San Francisco,94102,Bay Area,37.793795,-122.430176
0582-AVCLN,United States,California,San Francisco,94102,Bay Area,37.768143,-122.41292
5803-NQJZO,United States,California,Los Angeles,90012,Southern California,34.054191,-118.243712
2565-JSLRY,United States,California,Fresno,93721,Central Valley,36.744148,-119.785189
2607-DHDAK,United States,California,San Francisco,94102,Bay Area,37.775848,-122.401699
1073-XXCZD,United States,California,San Diego,92101,Southern California,32.721443,-117.169692
0743-HRVFF,United States,California,Los Angeles,90001,Southern California,33.990916,-118.258851
4006-HKYHO,United States,California,San Jose,95113,Bay Area,37.345563,-121.881081
3727-JEZTU,United States,California,Oakland,94612,Bay Area,37.807838,-122.263173
8143-ETQTI,United States,California,Sacramento,95814,Northern California,38.572889,-121.513258
6689-KXGBO,United States,California,San Diego,92101,Southern California,32.700965,-117.17617
9667-TKTVZ,United States,California,Los Angeles,90012,Southern California,34.053549,-118.235854
3657-COGMW,United States,California,Long Beach,90802,Southern California,33.771446,-118.213139
8570-KLJYJ,United States,California,Los Angeles,90012,Southern California,34.043207,-118.227977
7754-IXRMC,United States,California,San Jose,95113,Bay Area,37.322001,-121.901504
9473-CBZOP,United States,California,Fresno,93721,Central Valley,36.722607,-119.771496
2969-WGHQO,United States,California,San Jose,95113,Bay Area,37.329566,-121.898314
6615-NGGZJ,United States,California,Sacramento,95814,Northern California,38.589668,-121.511177
4334-HOWRP,United States,California,Bakersfield,93301,Central Valley,35.363274,-119.035674
4255-DDUOU,United States,California,Los Angeles,90012,Southern California,34.071506,-118.234844
5863-OOKCL,United States,California,Los Angeles,90001,Southern California,33.965359,-118.26556
1686-STUHN,United States,California,San Diego,92101,Southern California,32.706668,-117.15555
1329-VHWNP,United States,California,Fresno,93721,Central Valley,36.729915,-119.785407
2984-MIIZL,United States,California,Oakland,94612,Bay Area,37.801768,-122.283229
0266-GMEAO,United States,California,Los Angeles,90012,Southern California,34.074092,-118.234508
5590-YRFJT,United States,California,Sacramento,95814,Northern California,38.585507,-121.484446
5574-NXZIU,United States,California,San Jose,95113,Bay Area,37.336935,-121.890484
0019-GFNTW,United States,California,Long Beach,90802,Southern California,33.753999,-118.197356
4256-ZWTZI,United States,California,Fresno,93721,Central Valley,36.724225,-119.782252
8309-PPCED,United States,California,Los Angeles,90001,Southern California,33.965182,-118.2559
4098-NAUKP,United States,California,Los Angeles,90012,Southern California,34.070165,-118.218536
5196-WPYOW,United States,California,San Francisco,94102,Bay Area,37.796445,-122.417469
4608-LCIMN,United States,California,San Diego,92101,Southern California,32.699982,-117.155542
1485-YDHMM,United States,California,Sacramento,95814,Northern California,38.563334,-121.490039
4054-CUMIA,United States,California,Los Angeles,90001,Southern California,33.978826,-118.243653
0603-TPMIB,United States,California,Los Angeles,90001,Southern California,33.954378,-118.264452
2525-GVKQU,United States,California,Oakland,94612,Bay Area,37.824349,-122.285262
8161-QYMTT,United States,California,San Francisco,94110,Bay Area,37.767348,-122.404769
9581-GVBXT,United States,California,San Francisco,94110,Bay Area,37.75116,-122.405838
5862-BRIXZ,United States,California,San Francisco,94102,Bay Area,37.782182,-122.403034
5404-GGUKR,United States,California,San Francisco,94102,Bay Area,37.798854,-122.431572
3308-JSGML,United States,California,Los Angeles,90001,Southern California,33.969745,-118.261576
2126-GSEGL,United States,California,Los Angeles,90001,Southern California,33.981393,-118.248302
3677-TNKIO,United States,California,San Diego,92101,Southern California,32.7176,-117.157166
0440-QEXBZ,United States,California,Los Angeles,90012,Southern California,34.060554,-118.246814
2434-EEVDB,United States,California,Los Angeles,90012,Southern California,34.081234,-118.232859
6762-QVYJO,United States,California,San Francisco,94110,Bay Area,37.761095,-122.427991
6199-IWKGC,United States,California,Los Angeles,90012,Southern California,34.048115,-118.237209
2675-DHUTR,United States,California,San Jose,95113,Bay Area,37.334201,-121.891193
8152-VETUR,United States,California,Long Beach,90802,Southern California,33.769185,-118.209249
9667-EQRXU,United States,California,San Diego,92101,Southern California,32.716312,-117.18017
7446-YPODE,United States,California,San Jose,95113,Bay Area,37.317138,-121.885904
9522-BNTHX,United States,California,San Diego,92101,Southern California,32.713707,-117.16355
4676-WLUHT,United States,California,San Francisco,94110,Bay Area,37.76238,-122.412048
3329-WDIOK,United States,California,Los Angeles,90012,Southern California,34.043201,-118.227773
7980-MHFLQ,United States,California,San Francisco,94110,Bay Area,37.755531,-122.433735
2873-ZLIWT,United States,California,San Diego,92101,Southern California,32.733285,-117.170023
3415-TAILE,United States,California,Oakland,94612,Bay Area,37.807534,-122.264497
0757-WCUUZ,United States,California,Sacramento,95814,Northern California,38.594868,-121.514268
1629-DQQVB,United States,California,San Francisco,94102,Bay Area,37.783381,-122.429757
1915-IOFGU,United States,California,San Diego,92101,Southern California,32.722479,-117.165012
3045-XETSH,United States,California,San Jose,95113,Bay Area,37.314867,-121.888502
0374-AACSZ,United States,California,Los Angeles,90012,Southern California,34.077588,-118.234924
7239-HZZCX,United States,California,San Francisco,94110,Bay Area,37.736544,-122.39683
4872-VXRIL,United States,California,San Jose,95113,Bay Area,37.344191,-121.877276
9140-CZQZZ,United States,California,San Francisco,94102,Bay Area,37.763534,-122.408937
3423-HHXAO,United States,California,San Francisco,94102,Bay Area,37.767658,-122.413379
9938-TKDGL,United States,California,San Jose,95113,Bay Area,37.338568,-121.891855
0531-ZZJWQ,United States,California,Los Angeles,90012,Southern California,34.043678,-118.257708
6537-QLGEX,United States,California,San Francisco,94102,Bay Area,37.785583,-122.419782
2688-BHGOG,United States,California,Bakersfield,93301,Central Valley,35.37951,-119.02372
7683-CBDKJ,United States,California,Los Angeles,90001,Southern California,33.953791,-118.240174
0946-CLJTI,United States,California,San Francisco,94102,Bay Area,37.769438,-122.418419
3160-TYXLT,United States,California,Los Angeles,90001,Southern California,33.966654,-118.253233
1325-USMEC,United States,California,Oakland,94612,Bay Area,37.818939,-122.266751
0916-QOFDP,United States,California,Los Angeles,90001,Southern California,33.980633,-118.239947
0628-CNQRM,United States,California,Los Angeles,90001,Southern California,33.965729,-118.259012
5606-AMZBO,United States,California,Sacramento,95814,Northern California,38.588804,-121.476854
6199-IPCAO,United States,California,Los Angeles,90001,Southern California,33.965063,-118.241282
7665-TOALD,United States,California,San Francisco,94102,Bay Area,37.773335,-122.436155
0112-QWPNC,United States,California,Long Beach,90802,Southern California,33.779045,-118.200963
0324-BRPCJ,United States,California,Los Angeles,90001,Southern California,33.975928,-118.239574
2777-PHDEI,United States,California,San Diego,92101,Southern California,32.733695,-117.16536
5640-CAXOA,United States,California,Los Angeles,90001,Southern California,33.963879,-118.256688
2235-EZAIK,United States,California,Los Angeles,90012,Southern California,34.065014,-118.221267
3847-BAERP,United States,California,Bakersfield,93301,Central Valley,35.359035,-119.012899
1196-AMORA,United States,California,San Jose,95113,Bay Area,37.347862,-121.900548
4282-YMKNA,United States,California,San Francisco,94102,Bay Area,37.773824,-122.409606
1453-RZFON,United States,California,San Jose,95113,Bay Area,37.338684,-121.892837
8263-OKETD,United States,California,San Francisco,94102,Bay Area,37.794671,-122.419666
0670-KDOMA,United States,California,Los Angeles,90012,Southern California,34.046676,-118.240781
2476-YGEFM,United States,California,Los Angeles,90001,Southern California,33.984423,-118.267205
8687-BAFGU,United States,California,Los Angeles,90001,Southern California,33.984542,-118.252622
0641-EVBOJ,United States,California,San Jose,95113,Bay Area,37.336457,-121.874644
0829-XXPLX,United States,California,San Francisco,94102,Bay Area,37.790194,-122.408035
9974-JFBHQ,United States,California,Los Angeles,90001,Southern California,33.953331,-118.255066
5356-RHIPP,United States,California,San Diego,92101,Southern California,32.735637,-117.142122
6624-JDRDS,United States,California,San Jose,95113,Bay Area,37.330484,-121.898206
0608-JDVEC,United States,California,San Francisco,94102,Bay Area,37.791822,-122.436295
9780-FKVVF,United States,California,Fresno,93721,Central Valley,36.728176,-119.769094
1919-RTPQD,United States,California,San Jose,95113,Bay Area,37.340949,-121.910441
5214-NLTIT,United States,California,Los Angeles,90012,Southern California,34.059934,-118.23167
3345-PBBFH,United States,California,Sacramento,95814,Northern California,38.582281,-121.505962
5055-BRMNE,United States,California,Anaheim,92805,Southern California,33.818352,-117.897741
9189-JWSHV,United States,California,San Jose,95113,Bay Area,37.345676,-121.900639
2190-PHBHR,United States,California,San Diego,92101,Southern California,32.719826,-117.148198
2650-GYRYL,United States,California,Sacramento,95814,Northern California,38.572834,-121.499495
0746-JTRFU,United States,California,Los Angeles,90001,Southern California,33.964949,-118.257248
5208-FVQKB,United States,California,San Diego,92101,Southern California,32.71748,-117.143478
7184-LRUUR,United States,California,Los Angeles,90012,Southern California,34.053878,-118.219194
6627-CFOSN,United States,California,Los Angeles,90001,Southern California,33.982039,-118.242145
3982-JGSFD,United States,California,San Jose,95113,Bay Area,37.340801,-121.910634
1574-DYCWE,United States,California,San Diego,92101,Southern California,32.698061,-117.150024
7247-XOZPB,United States,California,Oakland,94612,Bay Area,37.804711,-122.252306
2466-FCCPT,United States,California,Los Angeles,90001,Southern California,33.987453,-118.247556
6211-WWLTF,United States,California,Los Angeles,90012,Southern California,34.049479,-118.231845
4826-TZEVA,United States,California,Bakersfield,93301,Central Valley,35.368946,-119.023614
6016-NXBNJ,United States,California,San Francisco,94102,Bay Area,37.763283,-122.409712
9138-EFSMO,United States,California,Los Angeles,90001,Southern California,33.960213,-118.250459
0576-WNXXC,United States,California,San Francisco,94102,Bay Area,37.761034,-122.419759
4632-XJMEX,United States,California,Oakland,94612,Bay Area,37.821639,-122.275241
8910-LEDAG,United States,California,San Jose,95113,Bay Area,37.338487,-121.881457
3452-GWUIN,United States,California,Los Angeles,90012,Southern California,34.061102,-118.221831
2716-GFZOR,United States,California,San Jose,95113,Bay Area,37.318258,-121.886182
3724-UCSHY,United States,California,Los Angeles,90012,Southern California,34.079774,-118.253432
8626-XHBIE,United States,California,Sacramento,95814,Northern California,38.569236,-121.501167
4628-CTTLA,United States,California,Los Angeles,90001,Southern California,33.978613,-118.239561
3192-LNKRK,United States,California,San Jose,95113,Bay Area,37.338288,-121.871301
4439-YRNVD,United States,California,Fresno,93721,Central Valley,36.737149,-119.794858
2876-VBBBL,United States,California,San Francisco,94102,Bay Area,37.767283,-122.425107
6834-NXDCA,United States,California,Los Angeles,90001,Southern California,33.957266,-118.261243
2208-UGTGR,United States,California,Oakland,94612,Bay Area,37.797565,-122.266695
3005-TYFRD,United States,California,Sacramento,95814,Northern California,38.596652,-121.483635
8670-MEFCP,United States,California,San Francisco,94102,Bay Area,37.765958,-122.435732
3079-BCHLN,United States,California,Los Angeles,90001,Southern California,33.973648,-118.234657
7777-UNYHB,United States,California,Los Angeles,90001,Southern California,33.992912,-118.256472
5597-GLBUC,United States,California,San Jose,95113,Bay Area,37.339744,-121.874241
7278-CKDNC,United States,California,Sacramento,95814,Northern California,38.591037,-121.50023
2748-MYRVK,United States,California,San Francisco,94102,Bay Area,37.7981,-122.407489
8450-UYIBU,United States,California,San Francisco,94102,Bay Area,37.773457,-122.40175
2969-VAPYH,United States,California,Los Angeles,90001,Southern California,33.982646,-118.259131
4822-YCXMX,United States,California,Los Angeles,90001,Southern California,33.95868,-118.232153
7181-OQCUT,United States,California,Bakersfield,93301,Central Valley,35.383425,-119.005327
8474-UMLNT,United States,California,Sacramento,95814,Northern California,38.574396,-121.476345
9821-POOTN,United States,California,San Jose,95113,Bay Area,37.351942,-121.87533
3836-FZSDJ,United States,California,Los Angeles,90001,Southern California,33.970325,-118.250728
9142-XMYJH,United States,California,Los Angeles,90001,Southern California,33.967073,-118.233498
6559-ILWKJ,United States,California,San Jose,95113,Bay Area,37.3283,-121.88128
0187-QSXOE,United States,California,San Francisco,94102,Bay Area,37.784579,-122.405235
7733-UDMTP,United States,California,San Diego,92101,Southern California,32.707842,-117.174628
2649-HWLYB,United States,California,San Francisco,94110,Bay Area,37.742448,-122.418509
5214-CHIWJ,United States,California,Anaheim,92805,Southern California,33.850616,-117.92188
4229-CZMLL,United States,California,Los Angeles,90001,Southern California,33.956695,-118.266102
6904-JLBGY,United States,California,San Diego,92101,Southern California,32.720223,-117.167254
2465-BLLEU,United States,California,San Diego,92101,Southern California,32.730638,-117.155765
1685-VAYJF,United States,California,San Francisco,94102,Bay Area,37.797266,-122.438449
8874-EJNSR,United States,California,San Jose,95113,Bay Area,37.339975,-121.875776
6917-YACBP,United States,California,San Jose,95113,Bay Area,37.341357,-121.90872
5049-MUBWG,United States,California,San Francisco,94110,Bay Area,37.76747,-122.405518
4223-WOZCM,United States,California,Fresno,93721,Central Valley,36.723025,-119.800032
0769-MURVM,United States,California,San Francisco,94102,Bay Area,37.779351,-122.403847
9253-VIFJQ,United States,California,San Francisco,94110,Bay Area,37.735804,-122.407814
7030-FZTFM,United States,California,Long Beach,90802,Southern California,33.782986,-118.193239
9741-YLNTD,United States,California,San Diego,92101,Southern California,32.731791,-117.154784
5917-RYRMG,United States,California,Los Angeles,90012,Southern California,34.059182,-118.234063
5120-ZBLAI,United States,California,Los Angeles,90001,Southern California,33.953306,-118.229836
1194-BHJYC,United States,California,Los Angeles,90001,Southern California,33.958026,-118.251783
3663-MITLP,United States,California,Anaheim,92805,Southern California,33.853265,-117.895171
0906-QVPMS,United States,California,Oakland,94612,Bay Area,37.814111,-122.252705
9025-ZRPVR,United States,California,San Jose,95113,Bay Area,37.327214,-121.893852
1905-OEILC,United States,California,Los Angeles,90001,Southern California,33.992852,-118.252776
7858-GTZSP,United States,California,Los Angeles,90001,Southern California,33.990022,-118.229797
3285-UCQVC,United States,California,San Francisco,94110,Bay Area,37.750707,-122.434637
6248-BSHKG,United States,California,Los Angeles,90001,Southern California,33.99086,-118.249189
4685-TFLLS,United States,California,San Francisco,94102,Bay Area,37.793517,-122.437208
3470-BTGQO,United States,California,Los Angeles,90012,Southern California,34.055961,-118.225454
1209-VFFOC,United States,California,San Francisco,94102,Bay Area,37.769757,-122.414689
8224-DWCKX,United States,California,San Jose,95113,Bay Area,37.329658,-121.89535
5482-PLVPE,United States,California,San Jose,95113,Bay Area,37.343121,-121.903199
4553-DVPZG,United States,California,Long Beach,90802,Southern California,33.752163,-118.178911
4902-OHLSK,United States,California,Los Angeles,90012,Southern California,34.042459,-118.236042
6917-IAYHD,United States,California,Oakland,94612,Bay Area,37.791117,-122.278542
0495-ZBNGW,United States,California,Anaheim,92805,Southern California,33.855789,-117.913491
8620-RJPZN,United States,California,Los Angeles,90001,Southern California,33.966601,-118.239605
7572-KPVKK,United States,California,Sacramento,95814,Northern California,38.576423,-121.506538
2642-MAWLJ,United States,California,San Jose,95113,Bay Area,37.32846,-121.875761
2357-COQEK,United States,California,San Francisco,94110,Bay Area,37.733221,-122.415879
7103-ZGVNT,United States,California,Bakersfield,93301,Central Valley,35.365866,-119.034694
3737-GCSPV,United States,California,Fresno,93721,Central Valley,36.734014,-119.787252
2027-WKXMW,United States,California,Los Angeles,90001,Southern California,33.96547,-118.243765
7137-NAXML,United States,California,Long Beach,90802,Southern California,33.750289,-118.209871
2428-ZMCTB,United States,California,Long Beach,90802,Southern California,33.783501,-118.193225
2961-VNFKL,United States,California,Los Angeles,90001,Southern California,33.959797,-118.231204
1768-HNVGJ,United States,California,Sacramento,95814,Northern California,38.565247,-121.505044
6963-KQYQB,United States,California,San Francisco,94110,Bay Area,37.745897,-122.429178
5934-RMPOV,United States,California,Los Angeles,90001,Southern California,33.982355,-118.262287
1207-BLKSA,United States,California,San Francisco,94102,Bay Area,37.797503,-122.409574
4088-YLDSU,United States,California,San Jose,95113,Bay Area,37.337363,-121.906632
8316-BBQAY,United States,California,Fresno,93721,Central Valley,36.750672,-119.79182
1166-PQLGG,United States,California,Los Angeles,90012,Southern California,34.058991,-118.254801
3146-JTQHR,United States,California,San Francisco,94102,Bay Area,37.780985,-122.417891
4291-YZODP,United States,California,San Jose,95113,Bay Area,37.344529,-121.873646
4395-PZMSN,United States,California,Fresno,93721,Central Valley,36.740092,-119.788222
6427-FEFIG,United States,California,San Jose,95113,Bay Area,37.317283,-121.891322
0017-IUDMW,United States,California,Los Angeles,90001,Southern California,33.972409,-118.256461
8706-HRADD,United States,California,San Diego,92101,Southern California,32.713162,-117.180887
9955-QOPOY,United States,California,Los Angeles,90012,Southern California,34.072736,-118.252088
4385-ZKVNW,United States,California,Bakersfield,93301,Central Valley,35.375092,-119.020863
5446-DKWYW,United States,California,San Francisco,94102,Bay Area,37.760961,-122.41378
2034-CGRHZ,United States,California,Anaheim,92805,Southern California,33.846934,-117.913815
5797-APWZC,United States,California,Bakersfield,93301,Central Valley,35.373665,-119.015475
3683-QKIUE,United States,California,San Francisco,94110,Bay Area,37.742499,-122.398542
4228-ZGYUW,United States,California,Los Angeles,90001,Southern California,33.980726,-118.249395
9031-ZVQPT,United States,California,San Francisco,94102,Bay Area,37.799195,-122.405169
2990-IAJSV,United States,California,San Francisco,94110,Bay Area,37.765235,-122.405483
8107-KNCIM,United States,California,Los Angeles,90012,Southern California,34.076253,-118.242693
9027-YFHQJ,United States,California,San Francisco,94110,Bay Area,37.758853,-122.410714
5176-LDKUH,United States,California,Sacramento,95814,Northern California,38.596714,-121.484185
4644-OBGFZ,United States,California,San Francisco,94110,Bay Area,37.760006,-122.401711
7926-IJOOU,United States,California,Los Angeles,90001,Southern California,33.990309,-118.250504
6480-YAGIY,United States,California,Los Angeles,90001,Southern California,33.967022,-118.232696
4029-HPFVY,United States,California,Oakland,94612,Bay Area,37.786234,-122.262353
7602-DBTOU,United States,California,Los Angeles,90012,Southern California,34.062231,-118.25286
5345-BMKWB,United States,California,Los Angeles,90001,Southern California,33.955152,-118.240396
3519-ZKXGG,United States,California,Los Angeles,90012,Southern California,34.045082,-118.231626
5457-COLHT,United States,California,Los Angeles,90001,Southern California,33.981974,-118.251365
6416-TVAIH,United States,California,Los Angeles,90012,Southern California,34.046313,-118.256033
5451-YHYPW,United States,California,Los Angeles,90001,Southern California,33.976533,-118.256035
5108-ADXWO,United States,California,San Jose,95113,Bay Area,37.343803,-121.902551
7998-WNZEM,United States,California,San Francisco,94110,Bay Area,37.758181,-122.426372
3066-RRJIO,United States,California,Oakland,94612,Bay Area,37.818101,-122.289777
4664-NJCMS,United States,California,Bakersfield,93301,Central Valley,35.387753,-119.024902
0307-BCOPK,United States,California,San Jose,95113,Bay Area,37.316755,-121.886814
7629-WFGLW,United States,California,Los Angeles,90001,Southern California,33.954242,-118.250604
2542-HYGIQ,United States,California,Los Angeles,90001,Southern California,33.956499,-118.256271
6715-OFDBP,United States,California,Los Angeles,90001,Southern California,33.960019,-118.264188
5016-LIPDW,United States,California,Oakland,94612,Bay Area,37.818706,-122.26759
6481-LXPWL,United States,California,Fresno,93721,Central Valley,36.741981,-119.795809
1567-DSCIC,United States,California,San Jose,95113,Bay Area,37.327898,-121.893411
2150-UWTFY,United States,California,Bakersfield,93301,Central Valley,35.354325,-119.032251
6124-ACRHJ,United States,California,Los Angeles,90012,Southern California,34.076218,-118.242326
9362-MWODR,United States,California,Los Angeles,90001,Southern California,33.977783,-118.233468
9975-GPKZU,United States,California,San Francisco,94110,Bay Area,37.765471,-122.39945
9625-RZFUK,United States,California,Fresno,93721,Central Valley,36.726568,-119.767657
5153-LXKDT,United States,California,San Francisco,94110,Bay Area,37.740395,-122.405508
5161-UBZXI,United States,California,Los Angeles,90001,Southern California,33.959256,-118.244258
1020-JPQOW,United States,California,Los Angeles,90012,Southern California,34.064396,-118.256067
7919-ZODZZ,United States,California,Los Angeles,90001,Southern California,33.957472,-118.228547
0565-JUPYD,United States,California,Los Angeles,90001,Southern California,33.980081,-118.240451
6867-ACCZI,United States,California,San Diego,92101,Southern California,32.720844,-117.141877
5939-XAIXZ,United States,California,San Diego,92101,Southern California,32.709261,-117.167841
9054-FOWNV,United States,California,San Francisco,94110,Bay Area,37.755924,-122.426625
2683-BPJSO,United States,California,Oakland,94612,Bay Area,37.812104,-122.282988
2157-MXBJS,United States,California,Bakersfield,93301,Central Valley,35.389847,-119.029427
8207-VVMYB,United States,California,San Jose,95113,Bay Area,37.347169,-121.87572
9732-EQMWY,United States,California,San Diego,92101,Southern California,32.717337,-117.16305
9360-AHGNL,United States,California,San Francisco,94110,Bay Area,37.762521,-122.405253
1087-UDSIH,United States,California,Anaheim,92805,Southern California,33.832903,-117.917435
5269-NRGDP,United States,California,San Francisco,94102,Bay Area,37.782637,-122.40741
6195-MELTI,United States,California,Los Angeles,90001,Southern California,33.992913,-118.267163
5485-WUYWF,United States,California,Anaheim,92805,Southern California,33.845249,-117.909404
2121-JAFOM,United States,California,Los Angeles,90012,Southern California,34.060695,-118.22261
8818-DOPVL,United States,California,San Francisco,94102,Bay Area,37.766248,-122.401854
2632-UCGVD,United States,California,Long Beach,90802,Southern California,33.773172,-118.186571
5445-PZWGX,United States,California,Los Angeles,90012,Southern California,34.045936,-118.224629
1227-UDMZR,United States,California,San Diego,92101,Southern California,32.708506,-117.151711
5198-HQAEN,United States,California,Los Angeles,90001,Southern California,33.95534,-118.258338
9170-CCKOU,United States,California,Los Angeles,90001,Southern California,33.960502,-118.247405
2167-FQSTQ,United States,California,Los Angeles,90001,Southern California,33.985522,-118.244895
2819-GWENI,United States,California,Fresno,93721,Central Valley,36.746588,-119.799941
1043-YCUTE,United States,California,Oakland,94612,Bay Area,37.822006,-122.266163
3814-MLAXC,United States,California,Los Angeles,90012,Southern California,34.045184,-118.242894
3572-UUHRS,United States,California,Los Angeles,90001,Southern California,33.964581,-118.23329
2692-PFYTJ,United States,California,Los Angeles,90012,Southern California,34.066463,-118.230995
1226-UDFZR,United States,California,San Francisco,94110,Bay Area,37.769559,-122.396463
5955-EPOAZ,United States,California,San Francisco,94110,Bay Area,37.761983,-122.402074
6821-JPCDC,United States,California,Oakland,94612,Bay Area,37.812856,-122.274388
8815-LMFLX,United States,California,Fresno,93721,Central Valley,36.738272,-119.806775
9135-HSWOC,United States,California,San Jose,95113,Bay Area,37.330126,-121.899719
8582-KRHPJ,United States,California,San Diego,92101,Southern California,32.734518,-117.176213
5811-IWXYM,United States,California,Oakland,94612,Bay Area,37.785765,-122.285003
7044-YAACC,United States,California,Los Angeles,90001,Southern California,33.964454,-118.233973
8189-XRIKE,United States,California,San Francisco,94102,Bay Area,37.790396,-122.41652
1506-YJTYT,United States,California,Long Beach,90802,Southern California,33.784913,-118.183459
4123-DVHPH,United States,California,Los Angeles,90012,Southern California,34.071473,-118.248589
6425-YQLLO,United States,California,San Diego,92101,Southern California,32.72245,-117.17144
5442-UTCVD,United States,California,Los Angeles,90001,Southern California,33.986718,-118.261959
2228-BZDEE,United States,California,Los Angeles,90001,Southern California,33.992319,-118.260206
7734-DBOAI,United States,California,Sacramento,95814,Northern California,38.598156,-121.51299
2789-CZANW,United States,California,Anaheim,92805,Southern California,33.8384,-117.931628
2091-RFFBA,United States,California,San Francisco,94102,Bay Area,37.780935,-122.429835
2114-MGINA,United States,California,Anaheim,92805,Southern California,33.837146,-117.914714
7596-LDUXP,United States,California,Bakersfield,93301,Central Valley,35.390521,-119.019601
3740-RLMVT,United States,California,Los Angeles,90001,Southern California,33.96778,-118.25831
4489-SNOJF,United States,California,Sacramento,95814,Northern California,38.565778,-121.5017
2192-OZITF,United States,California,Los Angeles,90001,Southern California,33.970261,-118.241151
5651-CPDND,United States,California,San Francisco,94110,Bay Area,37.738744,-122.401886
2186-QZEYA,United States,California,Los Angeles,90001,Southern California,33.981964,-118.254934
1131-ALZWV,United States,California,Long Beach,90802,Southern California,33.76083,-118.189238
7729-XBTWX,United States,California,Oakland,94612,Bay Area,37.794105,-122.255065
9134-WYRVP,United States,California,San Jose,95113,Bay Area,37.318473,-121.901334
3284-SVCRO,United States,California,Fresno,93721,Central Valley,36.755598,-119.773699
9732-OUYRN,United States,California,Long Beach,90802,Southern California,33.766643,-118.212738
0559-CKHUS,United States,California,San Francisco,94110,Bay Area,37.747009,-122.407888
2931-SVLTV,United States,California,San Francisco,94102,Bay Area,37.785843,-122.422211
6899-PPEEA,United States,California,San Jose,95113,Bay Area,37.317506,-121.88726
7504-UWHNB,United States,California,San Jose,95113,Bay Area,37.349829,-121.886437
2582-FFFZR,United States,California,Los Angeles,90001,Southern California,33.962393,-118.253095
8908-NMQTX,United States,California,San Francisco,94110,Bay Area,37.750026,-122.410583
2187-LZGPL,United States,California,San Francisco,94102,Bay Area,37.7743,-122.42799
1431-AIDJQ,United States,California,San Francisco,94102,Bay Area,37.793425,-122.427523
6288-LBEAR,United States,California,San Francisco,94110,Bay Area,37.77084,-122.40378
4597-NUCQV,United States,California,San Francisco,94110,Bay Area,37.75032,-122.423739
9019-QVLZD,United States,California,Long Beach,90802,Southern California,33.767971,-118.180734
8413-YNHNV,United States,California,Los Angeles,90001,Southern California,33.975691,-118.232415
5808-TOTXO,United States,California,San Diego,92101,Southern California,32.716574,-117.159658
4369-NYSCF,United States,California,San Francisco,94102,Bay Area,37.774434,-122.434029
6333-YDVLT,United States,California,Long Beach,90802,Southern California,33.769793,-118.207765
5324-KTGCG,United States,California,San Jose,95113,Bay Area,37.344746,-121.881363
5599-HVLTW,United States,California,San Jose,95113,Bay Area,37.327419,-121.89735
7394-LWLYN,United States,California,San Diego,92101,Southern California,32.699897,-117.169033
3707-LRWZD,United States,California,San Francisco,94102,Bay Area,37.759906,-122.427503
6873-UDNLD,United States,California,Los Angeles,90001,Southern California,33.970903,-118.254788
2700-LUEVA,United States,California,San Jose,95113,Bay Area,37.338626,-121.880095
1455-ESIQH,United States,California,Long Beach,90802,Southern California,33.751254,-118.187774
0958-YHXGP,United States,California,San Jose,95113,Bay Area,37.346298,-121.900396
1101-SSWAG,United States,California,Los Angeles,90012,Southern California,34.042928,-118.242099
2979-SXESE,United States,California,Los Angeles,90001,Southern California,33.991423,-118.265789
4013-TLDHQ,United States,California,San Francisco,94110,Bay Area,37.740892,-122.408646
5743-KHMNA,United States,California,San Diego,92101,Southern California,32.704601,-117.173273
4194-FJARJ,United States,California,San Francisco,94102,Bay Area,37.792158,-122.410751
5325-UWTWJ,United States,California,Los Angeles,90012,Southern California,34.047866,-118.242961
3969-GYXEL,United States,California,Los Angeles,90001,Southern California,33.992694,-118.266866
9208-OLGAQ,United States,California,Sacramento,95814,Northern California,38.591773,-121.485066
3244-CQPHU,United States,California,Los Angeles,90001,Southern California,33.99146,-118.229912
2674-MLXMN,United States,California,Los Angeles,90001,Southern California,33.992933,-118.239086
9708-HPXWZ,United States,California,San Diego,92101,Southern California,32.705197,-117.14234
6992-TKNYO,United States,California,San Francisco,94102,Bay Area,37.767166,-122.433097
4468-YDOVK,United States,California,San Francisco,94110,Bay Area,37.755959,-122.428503
3754-DXMRT,United States,California,Los Angeles,90001,Southern California,33.960312,-118.262694
5792-JALQC,United States,California,Los Angeles,90001,Southern California,33.955336,-118.24875
7130-VTEWQ,United States,California,San Francisco,94102,Bay Area,37.781872,-122.424311
2200-DSAAL,United States,California,San Jose,95113,Bay Area,37.319379,-121.886419
4302-ZYFEL,United States,California,Los Angeles,90012,Southern California,34.057647,-118.223408
9351-LZYGF,United States,California,Los Angeles,90012,Southern California,34.070367,-118.240939
4366-CTOUZ,United States,California,Los Angeles,90001,Southern California,33.981258,-118.239275
6121-VZNQB,United States,California,San Jose,95113,Bay Area,37.353422,-121.876232
7903-CMPEY,United States,California,San Jose,95113,Bay Area,37.346422,-121.89711
1518-OMDIK,United States,California,San Jose,95113,Bay Area,37.326751,-121.87348
6671-NGWON,United States,California,San Francisco,94102,Bay Area,37.779945,-122.402618
0595-ITUDF,United States,California,Los Angeles,90001,Southern California,33.986271,-118.266676
6996-KNSML,United States,California,Bakersfield,93301,Central Valley,35.366543,-119.030032
1955-IBMMB,United States,California,Anaheim,92805,Southern California,33.837886,-117.916019
0096-BXERS,United States,California,Los Angeles,90001,Southern California,33.967136,-118.230513
3806-YAZOV,United States,California,Los Angeles,90012,Southern California,34.067768,-118.223581
7998-ZLXWN,United States,California,Los Angeles,90001,Southern California,33.977387,-118.230202
6253-WRFHY,United States,California,Anaheim,92805,Southern California,33.83811,-117.894414
9133-AYJZG,United States,California,San Diego,92101,Southern California,32.711192,-117.154511
2675-OTVVJ,United States,California,San Diego,92101,Southern California,32.717397,-117.161658
8680-CGLTP,United States,California,Los Angeles,90001,Southern California,33.968163,-118.235736
8430-TWCBX,United States,California,San Diego,92101,Southern California,32.728562,-117.15129
5018-GWURO,United States,California,San Jose,95113,Bay Area,37.315238,-121.884442
6741-QRLUP,United States,California,Los Angeles,90001,Southern California,33.9676,-118.241405
4737-HOBAX,United States,California,Los Angeles,90012,Southern California,34.05727,-118.221094
0537-QYZZN,United States,California,Fresno,93721,Central Valley,36.732349,-119.793124
3340-QBBFM,United States,California,San Francisco,94102,Bay Area,37.796545,-122.409575
1704-NRWYE,United States,California,San Francisco,94102,Bay Area,37.763511,-122.40045
2592-SEIFQ,United States,California,San Francisco,94102,Bay Area,37.765266,-122.407956
8200-KLNYW,United States,California,Los Angeles,90012,Southern California,34.057553,-118.257495
3372-CDXFJ,United States,California,Long Beach,90802,Southern California,33.763875,-118.198575
4781-ZXYGU,United States,California,Los Angeles,90001,Southern California,33.96263,-118.231347
7632-YUTXB,United States,California,San Francisco,94102,Bay Area,37.767624,-122.43696
2718-YSKCS,United States,California,San Jose,95113,Bay Area,37.339062,-121.890529
9896-UYMIE,United States,California,Los Angeles,90001,Southern California,33.953894,-118.260064
0853-NWIFK,United States,California,Los Angeles,90001,Southern California,33.982044,-118.245532
8212-CRQXP,United States,California,Los Angeles,90012,Southern California,34.074956,-118.222268
6980-CDGFC,United States,California,San Francisco,94102,Bay Area,37.777637,-122.433431
7691-XVTZH,United States,California,Long Beach,90802,Southern California,33.762485,-118.187063
2520-SGTTA,United States,California,Fresno,93721,Central Valley,36.74097,-119.77166
7481-ATQQS,United States,California,Los Angeles,90012,Southern California,34.064602,-118.226861
2277-VWCNI,United States,California,San Francisco,94102,Bay Area,37.798884,-122.399489
1088-CNNKB,United States,California,Los Angeles,90012,Southern California,34.050215,-118.243866
8642-GVWRF,United States,California,Los Angeles,90001,Southern California,33.988064,-118.235083
1930-BZLHI,United States,California,Los Angeles,90001,Southern California,33.992638,-118.248258
3400-ESFUW,United States,California,San Diego,92101,Southern California,32.721693,-117.148622
5868-YTYKS,United States,California,Los Angeles,90001,Southern California,33.961624,-118.236686
3525-DVKFN,United States,California,Los Angeles,90012,Southern California,34.071415,-118.235792
1482-OXZSY,United States,California,Fresno,93721,Central Valley,36.750644,-119.768975
0377-JBKKT,United States,California,San Francisco,94110,Bay Area,37.735966,-122.398515
5778-BVOFB,United States,California,Oakland,94612,Bay Area,37.813784,-122.286601
3373-YZZYM,United States,California,Los Angeles,90012,Southern California,34.053126,-118.247234
2057-ZBLPD,United States,California,San Diego,92101,Southern California,32.72425,-117.147317
0228-MAUWC,United States,California,Oakland,94612,Bay Area,37.795033,-122.278006
5502-RLUYV,United States,California,Los Angeles,90012,Southern California,34.07406,-118.243255
0023-HGHWL,United States,California,San Diego,92101,Southern California,32.701241,-117.172204
7663-YJHSN,United States,California,San Diego,92101,Southern California,32.726261,-117.143973
4915-BFSXL,United States,California,Bakersfield,93301,Central Valley,35.388681,-119.036439
3086-RUCRN,United States,California,Los Angeles,90001,Southern California,33.971475,-118.24836
5215-LNLDJ,United States,California,Los Angeles,90001,Southern California,33.973173,-118.257092
7576-JMYWV,United States,California,San Francisco,94110,Bay Area,37.733842,-122.402683
9039-RBEEE,United States,California,Los Angeles,90001,Southern California,33.956166,-118.250714
0257-KXZGU,United States,California,Oakland,94612,Bay Area,37.817768,-122.282471
1307-ATKGB,United States,California,San Francisco,94110,Bay Area,37.762017,-122.42537
8417-FMLZI,United States,California,Fresno,93721,Central Valley,36.74454,-119.806588
3714-XPXBW,United States,California,Los Angeles,90012,Southern California,34.067649,-118.254755
1850-AKQEP,United States,California,Los Angeles,90012,Southern California,34.04346,-118.227891
2824-DXNKN,United States,California,San Francisco,94102,Bay Area,37.782077,-122.423945
5227-JSCFE,United States,California,Los Angeles,90012,Southern California,34.051523,-118.252624
0848-ZGQIJ,United States,California,Los Angeles,90001,Southern California,33.958171,-118.267707
3621-CHYVB,United States,California,San Diego,92101,Southern California,32.720074,-117.160034
8042-RNLKO,United States,California,Los Angeles,90001,Southern California,33.970966,-118.264016
1792-UXAFY,United States,California,Long Beach,90802,Southern California,33.773794,-118.209949
5372-FBKBN,United States,California,Los Angeles,90001,Southern California,33.963993,-118.232459
0420-TXVSG,United States,California,San Francisco,94102,Bay Area,37.794389,-122.425268
6217-TOWGS,United States,California,Sacramento,95814,Northern California,38.583204,-121.488286
0515-YPMCW,United States,California,Los Angeles,90001,Southern California,33.986277,-118.249125
0378-XSZPU,United States,California,Fresno,93721,Central Valley,36.727542,-119.792952
1045-LTCYT,United States,California,San Francisco,94102,Bay Area,37.763624,-122.426284
1544-JJMYL,United States,California,San Francisco,94110,Bay Area,37.75444,-122.396336
4636-JGAAI,United States,California,Sacramento,95814,Northern California,38.586883,-121.488008
6874-SGLHU,United States,California,Los Angeles,90012,Southern California,34.056909,-118.255274
5951-AOFIH,United States,California,Anaheim,92805,Southern California,33.836877,-117.895564
4729-XKASR,United States,California,San Diego,92101,Southern California,32.707934,-117.148672
3059-NGMXB,United States,California,San Francisco,94110,Bay Area,37.753017,-122.419371
8652-YHIYU,United States,California,Bakersfield,93301,Central Valley,35.392261,-119.013072
5278-PNYOX,United States,California,Sacramento,95814,Northern California,38.593659,-121.496258
5449-FIBXJ,United States,California,San Francisco,94110,Bay Area,37.767462,-122.41026
3486-HOOGQ,United States,California,Long Beach,90802,Southern California,33.774978,-118.200019
5061-PBXFW,United States,California,San Diego,92101,Southern California,32.721965,-117.177436
8630-FJLIB,United States,California,Los Angeles,90001,Southern California,33.954628,-118.238471
3891-NLXJB,United States,California,San Diego,92101,Southern California,32.734236,-117.168153
4749-OJKQU,United States,California,San Jose,95113,Bay Area,37.353306,-121.893617
0577-WHMEV,United States,California,Sacramento,95814,Northern California,38.576186,-121.500836
5453-AXEPF,United States,California,Fresno,93721,Central Valley,36.747542,-119.774447
3639-XJHKQ,United States,California,San Francisco,94102,Bay Area,37.759899,-122.42554
3716-LRGXK,United States,California,San Diego,92101,Southern California,32.700559,-117.168938
2263-SFSQZ,United States,California,Long Beach,90802,Southern California,33.760155,-118.183132
9950-MTGYX,United States,California,Los Angeles,90001,Southern California,33.963406,-118.249271
3397-AVTKU,United States,California,Sacramento,95814,Northern California,38.596015,-121.494423
4825-FUREZ,United States,California,San Francisco,94102,Bay Area,37.79454,-122.417
9837-BMCLM,United States,California,San Jose,95113,Bay Area,37.332296,-121.875754
2672-OJQZP,United States,California,Fresno,93721,Central Valley,36.74039,-119.792773
0137-UDEUO,United States,California,Los Angeles,90001,Southern California,33.962341,-118.237902
3134-DSHVC,United States,California,Los Angeles,90012,Southern California,34.062278,-118.250068
6161-UUUTA,United States,California,Sacramento,95814,Northern California,38.561846,-121.48743
7821-DPRQE,United States,California,San Francisco,94110,Bay Area,37.752406,-122.409774
6543-XRMYR,United States,California,Los Angeles,90001,Southern California,33.980199,-118.239713
2001-EWBQU,United States,California,Los Angeles,90012,Southern California,34.073365,-118.237586
4925-LMHOK,United States,California,Anaheim,92805,Southern California,33.820946,-117.920182
1608-GMEWB,United States,California,San Jose,95113,Bay Area,37.348162,-121.908247
6695-AMZUF,United States,California,Los Angeles,90012,Southern California,34.066926,-118.249218
1455-UGQVH,United States,California,Los Angeles,90001,Southern California,33.988433,-118.263267
8410-BGQXN,United States,California,Los Angeles,90001,Southern California,33.954365,-118.244
8280-MQRQN,United States,California,Los Angeles,90001,Southern California,33.988039,-118.241971
1619-YWUBB,United States,California,Los Angeles,90001,Southern California,33.976806,-118.252996
7611-YKYTC,United States,California,Los Angeles,90012,Southern California,34.059879,-118.248337
2037-SGXHH,United States,California,Anaheim,92805,Southern California,33.819986,-117.901366
3178-FESZO,United States,California,San Diego,92101,Southern California,32.716935,-117.169744
0365-GXEZS,United States,California,San Jose,95113,Bay Area,37.321478,-121.886088
0082-OQIQY,United States,California,Los Angeles,90001,Southern California,33.978439,-118.256696
6087-MVHJH,United States,California,Los Angeles,90001,Southern California,33.955207,-118.250026
4603-JANFB,United States,California,San Diego,92101,Southern California,32.717723,-117.166515
3018-TFTSU,United States,California,Bakersfield,93301,Central Valley,35.36762,-119.019041
3606-SBKRY,United States,California,Los Angeles,90001,Southern California,33.975926,-118.232487
4806-KEXQR,United States,California,Los Angeles,90012,Southern California,34.068341,-118.24968
0667-NSRGI,United States,California,Los Angeles,90001,Southern California,33.959841,-118.254035
7083-YNSKY,United States,California,San Francisco,94102,Bay Area,37.766525,-122.426909
6893-ODYYE,United States,California,San Francisco,94110,Bay Area,37.73158,-122.433504
8242-JSVBO,United States,California,San Francisco,94102,Bay Area,37.764194,-122.435334
2479-BRAMR,United States,California,Los Angeles,90012,Southern California,34.068658,-118.248361
9541-ZPSEA,United States,California,Los Angeles,90001,Southern California,33.975895,-118.237045
2665-NPTGL,United States,California,San Jose,95113,Bay Area,37.321728,-121.905725
1139-WUOAH,United States,California,San Francisco,94102,Bay Area,37.799295,-122.416249
4693-VWVBO,United States,California,Anaheim,92805,Southern California,33.850172,-117.906255
7434-SHXLS,United States,California,Los Angeles,90001,Southern California,33.977641,-118.23047
6937-GCDGQ,United States,California,Fresno,93721,Central Valley,36.740984,-119.789857
0988-JRWWP,United States,California,Los Angeles,90001,Southern California,33.972407,-118.240782
5075-JSDKI,United States,California,Los Angeles,90012,Southern California,34.065017,-118.235075
7908-QCBCA,United States,California,San Francisco,94102,Bay Area,37.789553,-122.424408
8644-XYTSV,United States,California,Los Angeles,90001,Southern California,33.95601,-118.239101
6711-FLDFB,United States,California,San Jose,95113,Bay Area,37.324058,-121.907645
3873-WOSBC,United States,California,San Francisco,94102,Bay Area,37.799014,-122.417165
7465-ZZRVX,United States,California,San Francisco,94102,Bay Area,37.78705,-122.411522
7975-JMZNT,United States,California,San Jose,95113,Bay Area,37.352284,-121.904409
7251-XFOIL,United States,California,Los Angeles,90012,Southern California,34.07437,-118.25042
4116-IQRFR,United States,California,Bakersfield,93301,Central Valley,35.362465,-119.006646
3714-JTVOV,United States,California,Los Angeles,90001,Southern California,33.974035,-118.232785
8259-DZLIZ,United States,California,Los Angeles,90001,Southern California,33.977531,-118.233319
0442-ZXKVS,United States,California,San Jose,95113,Bay Area,37.329538,-121.874011
7853-WNZSY,United States,California,Los Angeles,90001,Southern California,33.967677,-118.256048
3120-FAZKD,United States,California,San Francisco,94102,Bay Area,37.788216,-122.418484
8606-OEGQZ,United States,California,Sacramento,95814,Northern California,38.582445,-121.50562
0225-ZORZP,United States,California,Los Angeles,90012,Southern California,34.061032,-118.226665
4702-IOQDC,United States,California,Long Beach,90802,Southern California,33.75957,-118.194578
9489-JMTTN,United States,California,San Francisco,94102,Bay Area,37.763977,-122.434662
0575-CUQOV,United States,California,San Francisco,94102,Bay Area,37.796924,-122.419551
0967-BMLBD,United States,California,San Francisco,94102,Bay Area,37.775552,-122.437533
6178-KFNHS,United States,California,San Francisco,94110,Bay Area,37.748461,-122.39749
2830-LEWOA,United States,California,Los Angeles,90001,Southern California,33.970562,-118.260526
5006-MXVRN,United States,California,San Jose,95113,Bay Area,37.328269,-121.89582
1264-BYWMS,United States,California,Fresno,93721,Central Valley,36.751561,-119.806477
9658-WYUFB,United States,California,Bakersfield,93301,Central Valley,35.362081,-119.010025
8327-WKMIE,United States,California,Los Angeles,90001,Southern California,33.97799,-118.245787
6917-FIJHC,United States,California,Oakland,94612,Bay Area,37.819862,-122.281324
5329-KRDTM,United States,California,Los Angeles,90001,Southern California,33.968043,-118.250783
7797-EJMDP,United States,California,Los Angeles,90001,Southern California,33.978587,-118.242798
3530-VWVGU,United States,California,Los Angeles,90012,Southern California,34.058073,-118.235715
2013-SGDXK,United States,California,Los Angeles,90001,Southern California,33.970882,-118.250909
6368-NWMCE,United States,California,San Francisco,94102,Bay Area,37.78105,-122.416829
3633-CDBUW,United States,California,Los Angeles,90012,Southern California,34.046947,-118.253554
0707-HOVVN,United States,California,Los Angeles,90001,Southern California,33.95849,-118.26725
8580-QVLOC,United States,California,San Francisco,94102,Bay Area,37.780694,-122.423741
3956-MGXOG,United States,California,Los Angeles,90001,Southern California,33.982904,-118.257552
9274-UARKJ,United States,California,Los Angeles,90012,Southern California,34.078432,-118.241267
4077-HWUYD,United States,California,Los Angeles,90001,Southern California,33.957991,-118.256822
2012-NWRPA,United States,California,San Diego,92101,Southern California,32.734734,-117.166486
8808-ELEHO,United States,California,Los Angeles,90012,Southern California,34.056686,-118.243817
0103-CSITQ,United States,California,San Francisco,94110,Bay Area,37.767615,-122.429429
3506-LCJDC,United States,California,San Francisco,94110,Bay Area,37.745304,-122.41173
8671-KKKOS,United States,California,San Francisco,94102,Bay Area,37.767869,-122.411525
7305-ZWMAJ,United States,California,Los Angeles,90012,Southern California,34.078025,-118.243378
9518-XXBXE,United States,California,San Francisco,94110,Bay Area,37.733513,-122.416237
3934-HXCFZ,United States,California,Los Angeles,90012,Southern California,34.042775,-118.240451
6578-KRMAW,United States,California,San Francisco,94110,Bay Area,37.744494,-122.41442
4860-IJUDE,United States,California,San Francisco,94102,Bay Area,37.762303,-122.431086
7666-WKRON,United States,California,Bakersfield,93301,Central Valley,35.372542,-119.019849
9688-YGXVR,United States,California,San Francisco,94102,Bay Area,37.761126,-122.433209
0423-UDIJQ,United States,California,Los Angeles,90012,Southern California,34.076006,-118.22702
1945-XISKS,United States,California,Fresno,93721,Central Valley,36.733078,-119.785331
4910-AQFFX,United States,California,San Jose,95113,Bay Area,37.344244,-121.906632
2154-KVJFF,United States,California,Long Beach,90802,Southern California,33.789265,-118.189969
5360-LJCNJ,United States,California,Long Beach,90802,Southern California,33.750703,-118.184347
2607-FBDFF,United States,California,San Francisco,94102,Bay Area,37.771101,-122.399991
9647-ERGBE,United States,California,Los Angeles,90001,Southern California,33.989402,-118.243395
3428-XZMAZ,United States,California,Los Angeles,90012,Southern California,34.046609,-118.239329
1100-DDVRV,United States,California,San Jose,95113,Bay Area,37.349181,-121.875143
0378-TOVMS,United States,California,Los Angeles,90012,Southern California,34.048525,-118.234289
4355-HBJHH,United States,California,San Francisco,94102,Bay Area,37.763067,-122.405107
6728-WYQBC,United States,California,San Francisco,94102,Bay Area,37.793453,-122.410555
9058-CBREO,United States,California,Los Angeles,90012,Southern California,34.071325,-118.255776
9029-FEGVJ,United States,California,Bakersfield,93301,Central Valley,35.387212,-119.011348
7216-KAOID,United States,California,Fresno,93721,Central Valley,36.737374,-119.775289
0318-QUUOB,United States,California,Sacramento,95814,Northern California,38.581774,-121.485829
6145-NNPNO,United States,California,San Diego,92101,Southern California,32.73042,-117.171727
5520-FVEWJ,United States,California,Long Beach,90802,Southern California,33.763065,-118.204369
5339-TJFEK,United States,California,Sacramento,95814,Northern California,38.580881,-121.509839
5572-ZDXHY,United States,California,Los Angeles,90012,Southern California,34.041973,-118.232489
2074-GUHPQ,United States,California,San Francisco,94110,Bay Area,37.757737,-122.428796
4625-XMOYM,United States,California,San Francisco,94110,Bay Area,37.734385,-122.398041
5827-MWCZK,United States,California,Bakersfield,93301,Central Valley,35.372787,-119.029241
1385-TQOZW,United States,California,Sacramento,95814,Northern California,38.592529,-121.506088
5914-XRFQB,United States,California,San Francisco,94102,Bay Area,37.775935,-122.427342
4329-YPDDQ,United States,California,Los Angeles,90001,Southern California,33.978624,-118.232857
4804-NCPET,United States,California,Bakersfield,93301,Central Valley,35.363423,-119.01801
3750-CKVKH,United States,California,Los Angeles,90001,Southern California,33.962999,-118.2426
5944-UGLLK,United States,California,Los Angeles,90001,Southern California,33.954726,-118.263468
8063-GBATB,United States,California,San Francisco,94110,Bay Area,37.747658,-122.423348
7787-BNTZM,United States,California,Los Angeles,90012,Southern California,34.046709,-118.251718
2252-ISRNH,United States,California,San Diego,92101,Southern California,32.697005,-117.171795
9415-TPKRV,United States,California,Los Angeles,90001,Southern California,33.958789,-118.259555
5322-TEUJK,United States,California,Los Angeles,90001,Southern California,33.981029,-118.266372
4547-KQRTM,United States,California,Los Angeles,90001,Southern California,33.95396,-118.241766
4877-EVATK,United States,California,San Jose,95113,Bay Area,37.315747,-121.885613
1866-DIOQZ,United States,California,San Francisco,94102,Bay Area,37.795943,-122.429636
8375-KVTHK,United States,California,Sacramento,95814,Northern California,38.579207,-121.483105
2697-NQBPF,United States,California,San Francisco,94110,Bay Area,37.74667,-122.42733
3709-OIJEA,United States,California,Anaheim,92805,Southern California,33.852836,-117.905202
7639-SUPCW,United States,California,Los Angeles,90001,Southern California,33.989653,-118.250653
1386-ZIKUV,United States,California,Sacramento,95814,Northern California,38.579859,-121.494416
0599-XNYDO,United States,California,Fresno,93721,Central Valley,36.739645,-119.792735
6377-WHAOX,United States,California,Sacramento,95814,Northern California,38.598566,-121.491181
6855-VLGOS,United States,California,San Diego,92101,Southern California,32.7213,-117.155831
8999-XXGNS,United States,California,San Jose,95113,Bay Area,37.336546,-121.894498
8746-OQQRW,United States,California,Los Angeles,90001,Southern California,33.989221,-118.235724
3181-MIZBN,United States,California,Sacramento,95814,Northern California,38.58913,-121.507844
0471-ARVMX,United States,California,Long Beach,90802,Southern California,33.782523,-118.189612
7766-CLTIC,United States,California,Long Beach,90802,Southern California,33.776953,-118.206271
5650-YLIBA,United States,California,Los Angeles,90001,Southern California,33.961535,-118.245515
0825-CPPQH,United States,California,Long Beach,90802,Southern California,33.766804,-118.179776
9084-OAYKL,United States,California,Los Angeles,90012,Southern California,34.069925,-118.236029
6122-LJADA,United States,California,Los Angeles,90001,Southern California,33.976124,-118.239514
2400-XIWIO,United States,California,San Jose,95113,Bay Area,37.350582,-121.903993
7524-VRLPL,United States,California,Bakersfield,93301,Central Valley,35.381563,-119.03518
1069-XAIEM,United States,California,San Diego,92101,Southern California,32.728485,-117.142556
7569-NMZYQ,United States,California,Los Angeles,90012,Southern California,34.072625,-118.244671
5201-USSQZ,United States,California,Bakersfield,93301,Central Valley,35.363861,-119.007157
2105-PHWON,United States,California,San Francisco,94102,Bay Area,37.783196,-122.413977
1494-EJZDW,United States,California,Los Angeles,90001,Southern California,33.987481,-118.248924
4884-TVUQF,United States,California,Los Angeles,90001,Southern California,33.984498,-118.255297
8003-EWNDZ,United States,California,Bakersfield,93301,Central Valley,35.382725,-119.031937
1897-RCFUM,United States,California,Long Beach,90802,Southern California,33.770896,-118.208949
9256-JTBNZ,United States,California,Sacramento,95814,Northern California,38.581397,-121.496825
4658-HCOHW,United States,California,Fresno,93721,Central Valley,36.739844,-119.799062
2211-RMNHO,United States,California,Long Beach,90802,Southern California,33.753065,-118.185105
2432-TFSMK,United States,California,San Jose,95113,Bay Area,37.341227,-121.879925
3440-JPSCL,United States,California,Los Angeles,90001,Southern California,33.963582,-118.229915
4929-ROART,United States,California,Sacramento,95814,Northern California,38.563026,-121.489357
1834-ABKHQ,United States,California,Los Angeles,90012,Southern California,34.067818,-118.228638
1741-WTPON,United States,California,Anaheim,92805,Southern California,33.832128,-117.898219
3932-IJWDZ,United States,California,San Francisco,94110,Bay Area,37.738281,-122.409303
1240-HCBOH,United States,California,Fresno,93721,Central Valley,36.75779,-119.790905
3594-KADLU,United States,California,Long Beach,90802,Southern California,33.771584,-118.192666
8065-BVEPF,United States,California,Los Angeles,90001,Southern California,33.966902,-118.243871
3796-ENZGF,United States,California,Long Beach,90802,Southern California,33.770857,-118.184763
1734-ZMNTZ,United States,California,Sacramento,95814,Northern California,38.599769,-121.502081
2853-CWQFQ,United States,California,Los Angeles,90001,Southern California,33.95915,-118.231454
0813-TAXXS,United States,California,Los Angeles,90001,Southern California,33.95436,-118.247198
2519-TWKFS,United States,California,Los Angeles,90012,Southern California,34.05878,-118.258201
2889-FPWRM,United States,California,San Jose,95113,Bay Area,37.342228,-121.894689
0626-QXNGV,United States,California,San Francisco,94102,Bay Area,37.784686,-122.419437
6723-CEGQI,United States,California,Los Angeles,90001,Southern California,33.986969,-118.233635
6987-XQSJT,United States,California,Los Angeles,90012,Southern California,34.065179,-118.244751
4732-RRJZC,United States,California,San Francisco,94110,Bay Area,37.734098,-122.43452
9499-XPZXM,United States,California,Los Angeles,90012,Southern California,34.073314,-118.242976
4338-EYCER,United States,California,Long Beach,90802,Southern California,33.782873,-118.213116
3007-FDPEA,United States,California,Los Angeles,90012,Southern California,34.070878,-118.241004
6350-XFYGW,United States,California,Fresno,93721,Central Valley,36.725835,-119.797892
4290-BSXUX,United States,California,San Jose,95113,Bay Area,37.327584,-121.894794
8513-OLYGY,United States,California,San Diego,92101,Southern California,32.701128,-117.180921
0311-QYWSS,United States,California,Long Beach,90802,Southern California,33.784139,-118.183198
8705-DWKTI,United States,California,Fresno,93721,Central Valley,36.734486,-119.767795
8755-IWJHN,United States,California,Los Angeles,90012,Southern California,34.074017,-118.232178
0325-XBFAC,United States,California,San Francisco,94102,Bay Area,37.785649,-122.429702
4480-QQRHC,United States,California,San Jose,95113,Bay Area,37.333084,-121.895983
0929-PECLO,United States,California,San Diego,92101,Southern California,32.72808,-117.159077
3680-CTHUH,United States,California,Los Angeles,90012,Southern California,34.051786,-118.234465
1202-KKGFU,United States,California,San Francisco,94110,Bay Area,37.739065,-122.402356
6112-KTHFQ,United States,California,Los Angeles,90001,Southern California,33.990219,-118.233135
1852-XEMDW,United States,California,San Francisco,94110,Bay Area,37.743802,-122.421526
2462-XIIJB,United States,California,San Francisco,94110,Bay Area,37.755684,-122.414936
4760-XOHVN,United States,California,Los Angeles,90001,Southern California,33.954068,-118.266523
1820-DJFPH,United States,California,Los Angeles,90012,Southern California,34.054582,-118.235366
9426-SXNHE,United States,California,Bakersfield,93301,Central Valley,35.367622,-119.02288
9068-FHQHD,United States,California,San Francisco,94102,Bay Area,37.792275,-122.420083
1269-FOYWN,United States,California,Sacramento,95814,Northern California,38.576596,-121.492166
9470-YFUYI,United States,California,Los Angeles,90012,Southern California,34.06657,-118.239336
7817-BOQPW,United States,California,Los Angeles,90001,Southern California,33.97577,-118.257645
7402-EYFXX,United States,California,San Diego,92101,Southern California,32.718611,-117.149848
1853-UDXBW,United States,California,Los Angeles,90012,Southern California,34.071045,-118.229634
9895-VFOXH,United States,California,Los Angeles,90001,Southern California,33.977048,-118.250415
5458-CQJTA,United States,California,Long Beach,90802,Southern California,33.787557,-118.210327
1230-QAJDW,United States,California,Los Angeles,90012,Southern California,34.05359,-118.253181
5701-ZIKJE,United States,California,San Francisco,94110,Bay Area,37.759273,-122.399531
5219-YIPTK,United States,California,Los Angeles,90001,Southern California,33.978999,-118.243744
5032-MIYKT,United States,California,Los Angeles,90001,Southern California,33.966939,-118.247708
7396-VJUZB,United States,California,San Jose,95113,Bay Area,37.339792,-121.899995
9717-QEBGU,United States,California,Fresno,93721,Central Valley,36.727672,-119.769406
5172-RKOCB,United States,California,San Francisco,94110,Bay Area,37.755732,-122.421841
6509-TSGWN,United States,California,Los Angeles,90001,Southern California,33.979377,-118.249345
3540-RZJYU,United States,California,Los Angeles,90012,Southern California,34.079647,-118.220102
3178-CIFOT,United States,California,Los Angeles,90012,Southern California,34.074324,-118.227124
2091-MJTFX,United States,California,Los Angeles,90012,Southern California,34.058784,-118.258164
4530-NDRKU,United States,California,San Jose,95113,Bay Area,37.322434,-121.901282
5985-TBABQ,United States,California,Los Angeles,90001,Southern California,33.961015,-118.253469
9800-ONTFE,United States,California,Los Angeles,90001,Southern California,33.990133,-118.253902
6743-HHQPF,United States,California,San Diego,92101,Southern California,32.719919,-117.149427
8455-HIRAQ,United States,California,Sacramento,95814,Northern California,38.593626,-121.507945
6616-AALSR,United States,California,Los Angeles,90001,Southern California,33.956029,-118.234694
0883-EIBTI,United States,California,Bakersfield,93301,Central Valley,35.38885,-119.009953
9415-ZNBSX,United States,California,Oakland,94612,Bay Area,37.805601,-122.253222
4018-KJYUY,United States,California,San Jose,95113,Bay Area,37.333108,-121.884904
0722-TROQR,United States,California,Oakland,94612,Bay Area,37.800708,-122.279169
7571-YXDAD,United States,California,San Diego,92101,Southern California,32.703198,-117.177486
3884-UEBXB,United States,California,San Jose,95113,Bay Area,37.323015,-121.905651
8780-RSYYU,United States,California,Bakersfield,93301,Central Valley,35.374583,-119.033804
5537-UXXVS,United States,California,San Francisco,94102,Bay Area,37.788706,-122.4078
1791-PQHBB,United States,California,San Francisco,94102,Bay Area,37.767196,-122.416503
8701-DGLVH,United States,California,Fresno,93721,Central Valley,36.754195,-119.794186
8741-LQOBK,United States,California,Los Angeles,90001,Southern California,33.980098,-118.238081
3393-FMZPV,United States,California,Los Angeles,90012,Southern California,34.043376,-118.233131
8082-GHXOP,United States,California,Fresno,93721,Central Valley,36.723423,-119.791329
6402-ZFPPI,United States,California,Los Angeles,90012,Southern California,34.050589,-118.246008
0980-FEXWF,United States,California,San Jose,95113,Bay Area,37.331873,-121.898535
7486-KSRVI,United States,California,Los Angeles,90012,Southern California,34.051431,-118.236599
3011-WQKSZ,United States,California,Long Beach,90802,Southern California,33.762065,-118.183397
8443-WVPSS,United States,California,San Jose,95113,Bay Area,37.348868,-121.896372
3006-XIMLN,United States,California,Los Angeles,90012,Southern California,34.045422,-118.25514
8218-FFJDS,United States,California,Los Angeles,90001,Southern California,33.970056,-118.25345
1986-PHGZF,United States,California,San Francisco,94110,Bay Area,37.765034,-122.398341
9965-YOKZB,United States,California,Oakland,94612,Bay Area,37.795127,-122.286347
0504-HHAPI,United States,California,Los Angeles,90001,Southern California,33.968057,-118.2606
9360-OMDZZ,United States,California,Los Angeles,90012,Southern California,34.044019,-118.25696
6305-YLBMM,United States,California,Fresno,93721,Central Valley,36.746602,-119.801431
0345-XMMUG,United States,California,Los Angeles,90001,Southern California,33.956813,-118.255207
8024-XNAFQ,United States,California,Los Angeles,90012,Southern California,34.064928,-118.218671
3647-GMGDH,United States,California,Los Angeles,90001,Southern California,33.966479,-118.257756
2988-GBIVW,United States,California,Los Angeles,90001,Southern California,33.98145,-118.256318
2832-SCUCO,United States,California,Los Angeles,90012,Southern California,34.067954,-118.227933
7036-ZZKBD,United States,California,San Francisco,94102,Bay Area,37.776692,-122.40606
3791-LGQCY,United States,California,San Diego,92101,Southern California,32.735534,-117.178918
0265-PSUAE,United States,California,Los Angeles,90001,Southern California,33.966152,-118.249644
0463-TXOAK,United States,California,Los Angeles,90012,Southern California,34.05635,-118.240802
0594-UFTUL,United States,California,Los Angeles,90001,Southern California,33.975806,-118.253133
9509-MPYOD,United States,California,San Francisco,94102,Bay Area,37.799216,-122.430675
9128-CPXKI,United States,California,Fresno,93721,Central Valley,36.751912,-119.802942
0129-KPTWJ,United States,California,San Diego,92101,Southern California,32.697783,-117.154909
8166-ZZTFS,United States,California,Long Beach,90802,Southern California,33.761601,-118.189543
5855-EIBDE,United States,California,Los Angeles,90001,Southern California,33.958147,-118.241736
5365-LLFYV,United States,California,Los Angeles,90012,Southern California,34.066771,-118.239488
5956-YHHRX,United States,California,San Francisco,94102,Bay Area,37.796401,-122.429255
6008-NAIXK,United States,California,San Jose,95113,Bay Area,37.336653,-121.903599
2956-GGUCQ,United States,California,San Francisco,94102,Bay Area,37.795265,-122.435777
1928-BXYIV,United States,California,Sacramento,95814,Northern California,38.569825,-121.489412
5760-FXFVO,United States,California,Los Angeles,90012,Southern California,34.055311,-118.255677
6595-COKXZ,United States,California,Los Angeles,90012,Southern California,34.048122,-118.230529
0961-ZWLVI,United States,California,San Francisco,94102,Bay Area,37.787703,-122.41937
5181-OABFK,United States,California,San Diego,92101,Southern California,32.726171,-117.178692
4007-NHVHI,United States,California,Los Angeles,90001,Southern California,33.967483,-118.231142
7816-VGHTO,United States,California,Anaheim,92805,Southern California,33.850475,-117.933866
5871-DGTXZ,United States,California,Sacramento,95814,Northern California,38.565873,-121.511319
7550-WIQVA,United States,California,San Francisco,94102,Bay Area,37.788694,-122.403593
7544-ZVIKX,United States,California,Los Angeles,90012,Southern California,34.059193,-118.249284
0016-QLJIS,United States,California,Anaheim,92805,Southern California,33.824684,-117.905624
7508-DQAKK,United States,California,San Jose,95113,Bay Area,37.348624,-121.88959
5176-OLSKT,United States,California,San Francisco,94102,Bay Area,37.767579,-122.417383
9356-AXGMP,United States,California,San Francisco,94102,Bay Area,37.770673,-122.405074
3556-BVQGL,United States,California,San Diego,92101,Southern California,32.709118,-117.170382
0362-ZBZWJ,United States,California,Los Angeles,90012,Southern California,34.068681,-118.252137
8979-CAMGB,United States,California,Bakersfield,93301,Central Valley,35.375897,-119.000226
4211-MMAZN,United States,California,Los Angeles,90001,Southern California,33.96846,-118.257497
7581-EBBOU,United States,California,Bakersfield,93301,Central Valley,35.367331,-119.011358
4274-OWWYO,United States,California,Los Angeles,90001,Southern California,33.970267,-118.238706
5073-RZGBK,United States,California,Los Angeles,90012,Southern California,34.055974,-118.244396
1541-ETJZO,United States,California,Oakland,94612,Bay Area,37.800135,-122.257963
2192-CKRLV,United States,California,San Diego,92101,Southern California,32.706802,-117.152688
3154-HMWUU,United States,California,Los Angeles,90001,Southern California,33.96079,-118.231889
6119-SPUDB,United States,California,San Diego,92101,Southern California,32.720901,-117.17118
6522-OIQSX,United States,California,San Diego,92101,Southern California,32.729622,-117.179943
7813-ZGGAW,United States,California,San Diego,92101,Southern California,32.699827,-117.174896
8748-HFWBO,United States,California,Los Angeles,90001,Southern California,33.983883,-118.253648
1052-QJIBV,United States,California,Los Angeles,90012,Southern California,34.061254,-118.249915
1319-YLZJG,United States,California,San Francisco,94110,Bay Area,37.738673,-122.432089
4106-HADHQ,United States,California,San Jose,95113,Bay Area,37.317601,-121.873712
0723-FDLAY,United States,California,Long Beach,90802,Southern California,33.782553,-118.210674
3050-RLLXC,United States,California,Los Angeles,90001,Southern California,33.991587,-118.252409
9298-WGMRW,United States,California,Los Angeles,90012,Southern California,34.057062,-118.232615
2369-UAPKZ,United States,California,Los Angeles,90001,Southern California,33.97422,-118.231551
3088-LHEFH,United States,California,Los Angeles,90012,Southern California,34.077606,-118.237973
2778-OCLGR,United States,California,Anaheim,92805,Southern California,33.821038,-117.902456
6583-KQJLK,United States,California,Long Beach,90802,Southern California,33.7729,-118.198547
8544-JNBOX,United States,California,San Francisco,94102,Bay Area,37.763072,-122.400288
6681-ZSEXG,United States,California,San Francisco,94102,Bay Area,37.776316,-122.410376
6139-ZZRBQ,United States,California,San Francisco,94110,Bay Area,37.731987,-122.426019
6116-RFVHN,United States,California,Sacramento,95814,Northern California,38.60046,-121.487991
0637-KVDLV,United States,California,Los Angeles,90012,Southern California,34.048133,-118.227302
8884-FEEWR,United States,California,Los Angeles,90012,Southern California,34.052503,-118.220065
3125-RAHBV,United States,California,Los Angeles,90001,Southern California,33.981918,-118.253572
6633-MPWBS,United States,California,Los Angeles,90001,Southern California,33.97375,-118.246522
0373-AIVNJ,United States,California,Long Beach,90802,Southern California,33.755568,-118.19977
8785-EPNCG,United States,California,San Francisco,94102,Bay Area,37.777955,-122.425793
1682-VCOIO,United States,California,San Francisco,94102,Bay Area,37.763624,-122.418519
5729-KLZAR,United States,California,Los Angeles,90001,Southern California,33.991592,-118.250116
2072-ZVJJX,United States,California,Los Angeles,90012,Southern California,34.06707,-118.225713
8849-AYPTR,United States,California,San Francisco,94102,Bay Area,37.782828,-122.410813
9518-IMLHK,United States,California,Los Angeles,90012,Southern California,34.054585,-118.228305
1582-RAFML,United States,California,Los Angeles,90001,Southern California,33.954535,-118.256055
3646-ITDGM,United States,California,San Francisco,94102,Bay Area,37.794534,-122.413822
8740-CRYFY,United States,California,Los Angeles,90012,Southern California,34.076214,-118.231343
3569-VLDHH,United States,California,San Jose,95113,Bay Area,37.341268,-121.907189
8224-KDLKN,United States,California,San Diego,92101,Southern California,32.720072,-117.163269
7594-LZNWR,United States,California,San Francisco,94102,Bay Area,37.787736,-122.409527
4001-TSBTV,United States,California,San Francisco,94102,Bay Area,37.770381,-122.414655
2962-XPMCQ,United States,California,Los Angeles,90001,Southern California,33.982828,-118.229197
8727-XDPUD,United States,California,Los Angeles,90001,Southern California,33.987458,-118.245369
1043-UXOVO,United States,California,San Francisco,94102,Bay Area,37.762047,-122.410133
1064-FBXNK,United States,California,Los Angeles,90001,Southern California,33.990886,-118.253162
3996-ZNWYK,United States,California,Oakland,94612,Bay Area,37.8212,-122.281188
2878-DHMIN,United States,California,San Francisco,94110,Bay Area,37.733639,-122.417391
7762-ONLJY,United States,California,San Francisco,94102,Bay Area,37.797253,-122.406282
1678-FYZOW,United States,California,Bakersfield,93301,Central Valley,35.380464,-119.027908
5795-BKOYE,United States,California,San Francisco,94102,Bay Area,37.786138,-122.412372
8627-EHGIP,United States,California,San Francisco,94110,Bay Area,37.731746,-122.414883
7402-PWYJJ,United States,California,San Jose,95113,Bay Area,37.323806,-121.896234
5480-TBGPH,United States,California,Los Angeles,90001,Southern California,33.987451,-118.251884
0018-NYROU,United States,California,San Francisco,94102,Bay Area,37.77206,-122.41318
7501-VTYLJ,United States,California,Los Angeles,90001,Southern California,33.980506,-118.239976
7608-RGIRO,United States,California,Los Angeles,90012,Southern California,34.050276,-118.248233
0480-BIXDE,United States,California,Los Angeles,90001,Southern California,33.975119,-118.236866
5895-QSXOD,United States,California,San Francisco,94102,Bay Area,37.770417,-122.420873
9814-AOUDH,United States,California,San Francisco,94102,Bay Area,37.795046,-122.406676
6175-IRFIT,United States,California,Bakersfield,93301,Central Valley,35.388176,-119.035593
8760-ZRHKE,United States,California,San Diego,92101,Southern California,32.73182,-117.142726
1622-HSHSF,United States,California,Oakland,94612,Bay Area,37.808793,-122.277938
8854-CCVSQ,United States,California,Los Angeles,90012,Southern California,34.066554,-118.24084
6749-UTDVX,United States,California,San Francisco,94102,Bay Area,37.78338,-122.403544
5542-DHSXL,United States,California,Los Angeles,90001,Southern California,33.957713,-118.247506
9102-OXKFY,United States,California,Anaheim,92805,Southern California,33.828437,-117.924153
0511-JTEOY,United States,California,Los Angeles,90001,Southern California,33.975147,-118.240232
5216-WASFJ,United States,California,Los Angeles,90012,Southern California,34.072977,-118.242764
7808-DVWEP,United States,California,Los Angeles,90001,Southern California,33.959733,-118.25938
7067-KSAZT,United States,California,San Diego,92101,Southern California,32.699127,-117.143505
2284-VFLKH,United States,California,Los Angeles,90012,Southern California,34.052911,-118.234227
0366-NQSHS,United States,California,Sacramento,95814,Northern California,38.593458,-121.512695
6532-YLWSI,United States,California,Long Beach,90802,Southern California,33.751095,-118.183712
3807-BPOMJ,United States,California,Bakersfield,93301,Central Valley,35.380042,-119.014141
3892-NXAZG,United States,California,San Francisco,94102,Bay Area,37.768794,-122.430199
4948-WBBKL,United States,California,Los Angeles,90012,Southern California,34.057334,-118.222472
4182-BGSIQ,United States,California,San Francisco,94102,Bay Area,37.797889,-122.409186
9300-AGZNL,United States,California,San Francisco,94110,Bay Area,37.742474,-122.418394
0988-AADSA,United States,California,Los Angeles,90012,Southern California,34.061059,-118.25368
9972-NKTFD,United States,California,Sacramento,95814,Northern California,38.577005,-121.508929
3717-LNXKW,United States,California,San Francisco,94110,Bay Area,37.749519,-122.416266
5734-EJKXG,United States,California,Bakersfield,93301,Central Valley,35.379392,-119.00716
2207-RYYRL,United States,California,San Diego,92101,Southern California,32.729075,-117.153356
6729-FZWSY,United States,California,Long Beach,90802,Southern California,33.758589,-118.203764
9695-IDRZR,United States,California,San Francisco,94110,Bay Area,37.733533,-122.412589
8144-DGHXP,United States,California,Los Angeles,90001,Southern California,33.97935,-118.232714
7814-LEEVE,United States,California,Anaheim,92805,Southern California,33.820796,-117.925845
1112-CUNAO,United States,California,Fresno,93721,Central Valley,36.751896,-119.791283
5175-AOBHI,United States,California,Fresno,93721,Central Valley,36.718257,-119.768494
5174-RNGBH,United States,California,Los Angeles,90012,Southern California,34.053714,-118.230446
8631-WUXGY,United States,California,Sacramento,95814,Northern California,38.600071,-121.508275
7270-BDIOA,United States,California,San Francisco,94102,Bay Area,37.78502,-122.410851
9565-JSNFM,United States,California,Los Angeles,90001,Southern California,33.969686,-118.247619
5906-DVAPM,United States,California,Long Beach,90802,Southern California,33.779451,-118.208852
6654-QGBZZ,United States,California,San Diego,92101,Southern California,32.718053,-117.17892
8348-JLBUG,United States,California,Los Angeles,90012,Southern California,34.060712,-118.219654
0607-DAAHE,United States,California,Long Beach,90802,Southern California,33.759216,-118.204387
5641-DMBFJ,United States,California,San Diego,92101,Southern California,32.731347,-117.149932
9200-NLNPD,United States,California,Anaheim,92805,Southern California,33.825564,-117.922547
2664-XJZNO,United States,California,Fresno,93721,Central Valley,36.728147,-119.794443
9732-KPKBW,United States,California,San Francisco,94110,Bay Area,37.751068,-122.411627
3339-EAQNV,United States,California,Los Angeles,90001,Southern California,33.966034,-118.248496
0921-OHLVP,United States,California,Los Angeles,90001,Southern California,33.956096,-118.261869
3389-YGYAI,United States,California,Los Angeles,90012,Southern California,34.076654,-118.256876
9560-ARGQJ,United States,California,Los Angeles,90001,Southern California,33.976198,-118.267767
8350-NYMVI,United States,California,Los Angeles,90012,Southern California,34.070162,-118.247378
1600-DILPE,United States,California,San Diego,92101,Southern California,32.727035,-117.173379
0536-ESJEP,United States,California,San Francisco,94110,Bay Area,37.739298,-122.418038
4654-GGUII,United States,California,San Diego,92101,Southern California,32.710559,-117.159705
6478-HRRCZ,United States,California,San Francisco,94102,Bay Area,37.772913,-122.409566
8510-BBWMU,United States,California,Bakersfield,93301,Central Valley,35.375548,-119.004237
6857-TKDJV,United States,California,Los Angeles,90001,Southern California,33.982175,-118.235498
2360-RDGRO,United States,California,Sacramento,95814,Northern California,38.590102,-121.506011
0584-BJQGZ,United States,California,Long Beach,90802,Southern California,33.78357,-118.196825
5134-IKDAY,United States,California,Oakland,94612,Bay Area,37.805343,-122.26174
1360-XFJMR,United States,California,San Jose,95113,Bay Area,37.323637,-121.898003
3070-DVEYC,United States,California,San Francisco,94102,Bay Area,37.779293,-122.434368
5730-RIITO,United States,California,Bakersfield,93301,Central Valley,35.370169,-119.0019
9058-MJLZC,United States,California,San Francisco,94102,Bay Area,37.795546,-122.435852
5707-ORNDZ,United States,California,San Francisco,94110,Bay Area,37.765346,-122.405828
0902-XKXPN,United States,California,Los Angeles,90012,Southern California,34.042575,-118.232865
5177-RVZNU,United States,California,Los Angeles,90012,Southern California,34.079133,-118.244457
0056-EPFBG,United States,California,Los Angeles,90012,Southern California,34.073933,-118.239106
8993-IZEUX,United States,California,Oakland,94612,Bay Area,37.813693,-122.271002
8696-JKZNU,United States,California,San Francisco,94102,Bay Area,37.788256,-122.409288
5380-AFSSK,United States,California,San Francisco,94102,Bay Area,37.78591,-122.428254
8190-ZTQFB,United States,California,San Jose,95113,Bay Area,37.333672,-121.889656
0931-MHTEM,United States,California,Fresno,93721,Central Valley,36.728058,-119.76902
2055-PDADH,United States,California,Bakersfield,93301,Central Valley,35.391823,-119.030553
7515-LODFU,United States,California,Los Angeles,90001,Southern California,33.978728,-118.266708
0440-UEDAI,United States,California,Oakland,94612,Bay Area,37.824076,-122.26161
1337-BOZWO,United States,California,San Francisco,94110,Bay Area,37.765754,-122.407589
0868-VJRDR,United States,California,San Diego,92101,Southern California,32.707693,-117.175964
8714-EUHJO,United States,California,Los Angeles,90012,Southern California,34.071524,-118.258035
6344-SFJVH,United States,California,San Francisco,94102,Bay Area,37.789145,-122.407502
3950-VPYJB,United States,California,Los Angeles,90001,Southern California,33.987607,-118.242538
8041-TMEID,United States,California,San Diego,92101,Southern California,32.723934,-117.174385
7321-ZNSLA,United States,California,Los Angeles,90012,Southern California,34.044926,-118.256429
6941-KXRRV,United States,California,Los Angeles,90001,Southern California,33.991945,-118.263828
3721-CNEYS,United States,California,San Francisco,94110,Bay Area,37.747195,-122.424053
8727-JQFHV,United States,California,Fresno,93721,Central Valley,36.737006,-119.803882
9475-NNDGC,United States,California,Sacramento,95814,Northern California,38.566779,-121.490925
1355-KUSBG,United States,California,San Francisco,94110,Bay Area,37.734871,-122.421716
3688-FTHLT,United States,California,Fresno,93721,Central Valley,36.72459,-119.781148
0899-LIIBW,United States,California,Los Angeles,90001,Southern California,33.976804,-118.240058
2568-OIADY,United States,California,San Francisco,94102,Bay Area,37.798223,-122.404765
1384-RCUXW,United States,California,Fresno,93721,Central Valley,36.731811,-119.791052
5825-XJOCM,United States,California,Fresno,93721,Central Valley,36.739919,-119.791767
6848-YLDFR,United States,California,San Jose,95113,Bay Area,37.324625,-121.87163
8125-QPFJD,United States,California,Long Beach,90802,Southern California,33.752614,-118.196733
2320-YKQBO,United States,California,Los Angeles,90012,Southern California,34.052763,-118.233041
1193-RTSLK,United States,California,Oakland,94612,Bay Area,37.810693,-122.262238
2302-ANTDP,United States,California,San Diego,92101,Southern California,32.698279,-117.15231
5923-GXUOC,United States,California,San Francisco,94110,Bay Area,37.738293,-122.407475
4973-RLZVI,United States,California,San Francisco,94110,Bay Area,37.745916,-122.418193
7869-ZYDST,United States,California,Los Angeles,90001,Southern California,33.972085,-118.229804
4501-UYKBC,United States,California,San Diego,92101,Southern California,32.719161,-117.179231
1215-EXRMO,United States,California,Los Angeles,90001,Southern California,33.958264,-118.232216
2305-MRGLV,United States,California,Los Angeles,90012,Southern California,34.070211,-118.249406
8404-VIOMB,United States,California,Long Beach,90802,Southern California,33.769193,-118.196573
5233-GEEAX,United States,California,San Francisco,94102,Bay Area,37.77529,-122.411763
2359-KLTEK,United States,California,Los Angeles,90012,Southern California,34.044636,-118.239797
5304-EFJLP,United States,California,San Diego,92101,Southern California,32.705504,-117.160089
2673-ZALNP,United States,California,San Francisco,94110,Bay Area,37.738588,-122.413025
9184-GALIL,United States,California,San Jose,95113,Bay Area,37.317501,-121.897014
4393-RYCRE,United States,California,San Francisco,94110,Bay Area,37.74315,-122.434904
9746-MDMBK,United States,California,Los Angeles,90012,Southern California,34.061898,-118.236057
3162-ZJZFU,United States,California,Bakersfield,93301,Central Valley,35.371282,-119.028206
8404-GFGCZ,United States,California,Los Angeles,90001,Southern California,33.953776,-118.241719
8875-AKBYH,United States,California,San Francisco,94110,Bay Area,37.76422,-122.415235
4432-ADRLB,United States,California,Oakland,94612,Bay Area,37.800604,-122.264862
0533-UCAAU,United States,California,San Francisco,94102,Bay Area,37.77951,-122.436704
1394-SUIUH,United States,California,Los Angeles,90001,Southern California,33.990293,-118.233926
3521-MNKLV,United States,California,Los Angeles,90001,Southern California,33.972879,-118.259732
2533-TIBIX,United States,California,Los Angeles,90001,Southern California,33.961698,-118.266839
8993-PHFWD,United States,California,San Diego,92101,Southern California,32.707629,-117.169283
1565-RHDJD,United States,California,Los Angeles,90012,Southern California,34.075675,-118.22712
7137-RYLPP,United States,California,Los Angeles,90001,Southern California,33.96629,-118.249586
3765-JXVKY,United States,California,San Francisco,94102,Bay Area,37.783599,-122.404664
5092-STPKP,United States,California,San Jose,95113,Bay Area,37.329084,-121.910143
7330-WZLNC,United States,California,Los Angeles,90001,Southern California,33.984163,-118.245934
0114-PEGZZ,United States,California,San Diego,92101,Southern California,32.702907,-117.174139
3359-DSRKA,United States,California,Los Angeles,90001,Southern California,33.971897,-118.230003
8639-NHQEI,United States,California,San Diego,92101,Southern California,32.720188,-117.159726
7161-DFHUF,United States,California,San Francisco,94102,Bay Area,37.788074,-122.426759
3957-LXOLK,United States,California,Los Angeles,90001,Southern California,33.962483,-118.258281
3720-DBRWL,United States,California,Los Angeles,90001,Southern California,33.991323,-118.228089
6635-MYYYZ,United States,California,San Francisco,94102,Bay Area,37.774197,-122.413771
8565-WUXZU,United States,California,San Diego,92101,Southern California,32.69892,-117.165474
5281-BUZGT,United States,California,Los Angeles,90012,Southern California,34.067878,-118.23053
4994-OBRSZ,United States,California,San Francisco,94102,Bay Area,37.793108,-122.428048
0562-FGDCR,United States,California,Los Angeles,90012,Southern California,34.05675,-118.249694
2436-QBZFP,United States,California,San Jose,95113,Bay Area,37.328345,-121.88291
3420-YJLQT,United States,California,Los Angeles,90001,Southern California,33.954622,-118.231072
6040-CGACY,United States,California,Los Angeles,90001,Southern California,33.969745,-118.259575
6582-PLFUU,United States,California,Los Angeles,90001,Southern California,33.965601,-118.262327
8242-PDSGJ,United States,California,San Francisco,94102,Bay Area,37.776446,-122.402834
0264-CNITK,United States,California,San Jose,95113,Bay Area,37.345455,-121.887801
0089-IIQKO,United States,California,San Francisco,94102,Bay Area,37.79645,-122.414463
7839-NUIAA,United States,California,San Francisco,94102,Bay Area,37.767741,-122.436397
6075-QMNRR,United States,California,Los Angeles,90012,Southern California,34.047518,-118.257421
5378-IKEEG,United States,California,Los Angeles,90012,Southern California,34.078608,-118.25208
5966-EMAZU,United States,California,Fresno,93721,Central Valley,36.751193,-119.791132
0440-EKDCF,United States,California,San Diego,92101,Southern California,32.698829,-117.180796
4774-HHGGS,United States,California,San Jose,95113,Bay Area,37.345359,-121.894366
2718-GAXQD,United States,California,San Diego,92101,Southern California,32.726247,-117.168956
2055-BFOCC,United States,California,San Francisco,94102,Bay Area,37.759591,-122.401612
8180-AKMJV,United States,California,Los Angeles,90001,Southern California,33.991861,-118.248661
4298-OYIFC,United States,California,San Diego,92101,Southern California,32.710751,-117.17473
5566-SOEZD,United States,California,Long Beach,90802,Southern California,33.756855,-118.192199
9842-EFSYY,United States,California,Bakersfield,93301,Central Valley,35.362691,-119.000128
2272-WUSPA,United States,California,Bakersfield,93301,Central Valley,35.375361,-119.010862
4584-LBNMK,United States,California,Anaheim,92805,Southern California,33.848303,-117.93018
3898-GUYTS,United States,California,Los Angeles,90001,Southern California,33.971433,-118.263472
0930-EHUZA,United States,California,San Diego,92101,Southern California,32.722379,-117.154579
6413-XKKPU,United States,California,Los Angeles,90001,Southern California,33.960143,-118.245484
9975-SKRNR,United States,California,San Francisco,94102,Bay Area,37.766726,-122.438582
3703-KBKZP,United States,California,Sacramento,95814,Northern California,38.588613,-121.490618
1449-XQEMT,United States,California,Los Angeles,90001,Southern California,33.959115,-118.25192
2626-URJFX,United States,California,Sacramento,95814,Northern California,38.582605,-121.497086
4973-MGTON,United States,California,San Diego,92101,Southern California,32.708845,-117.14357
3682-YEUWS,United States,California,Los Angeles,90001,Southern California,33.987513,-118.267742
1223-UNPKS,United States,California,Los Angeles,90012,Southern California,34.077691,-118.242406
2612-RRIDN,United States,California,San Francisco,94110,Bay Area,37.761905,-122.428047
4735-ASGMA,United States,California,San Francisco,94102,Bay Area,37.787339,-122.39968
3446-QDSZF,United States,California,Long Beach,90802,Southern California,33.784141,-118.201822
3669-LVWZB,United States,California,Los Angeles,90001,Southern California,33.954791,-118.25953
6892-EZDTG,United States,California,San Jose,95113,Bay Area,37.325672,-121.882042
5117-IFGPS,United States,California,Los Angeles,90012,Southern California,34.064052,-118.226212
7379-FNIUJ,United States,California,Los Angeles,90012,Southern California,34.073144,-118.241534
1627-AFWVJ,United States,California,Los Angeles,90012,Southern California,34.071149,-118.235325
9725-SCPZG,United States,California,Anaheim,92805,Southern California,33.825354,-117.914528
5884-GCYMI,United States,California,Bakersfield,93301,Central Valley,35.3798,-119.035836
3217-FZDMN,United States,California,Anaheim,92805,Southern California,33.845245,-117.895334
4486-EFAEB,United States,California,Fresno,93721,Central Valley,36.754963,-119.790243
0060-FUALY,United States,California,Long Beach,90802,Southern California,33.779448,-118.188165
7853-GVUDZ,United States,California,Los Angeles,90001,Southern California,33.958946,-118.242493
7480-QNVZJ,United States,California,Los Angeles,90001,Southern California,33.955736,-118.229948
6954-OOYZZ,United States,California,Anaheim,92805,Southern California,33.834522,-117.92184
7088-FBAWU,United States,California,Los Angeles,90001,Southern California,33.955743,-118.239151
8313-AFGBW,United States,California,San Francisco,94102,Bay Area,37.762475,-122.434622
3943-KDREE,United States,California,Los Angeles,90012,Southern California,34.068668,-118.254082
9239-ZBZZV,United States,California,San Diego,92101,Southern California,32.704851,-117.164218
3097-IDVPU,United States,California,Anaheim,92805,Southern California,33.840858,-117.916424
4398-HSCJH,United States,California,San Francisco,94102,Bay Area,37.765074,-122.399391
2197-OMWGI,United States,California,Long Beach,90802,Southern California,33.784951,-118.187536
2303-PJYHN,United States,California,Los Angeles,90001,Southern California,33.96591,-118.253747
9795-VOWON,United States,California,San Jose,95113,Bay Area,37.337543,-121.878271
1237-WIYYZ,United States,California,Anaheim,92805,Southern California,33.831966,-117.923445
1987-AUELQ,United States,California,Oakland,94612,Bay Area,37.816739,-122.27275
7852-LECYP,United States,California,Oakland,94612,Bay Area,37.811555,-122.281287
4430-UZIPO,United States,California,Fresno,93721,Central Valley,36.73589,-119.791129
4822-LPTYJ,United States,California,San Diego,92101,Southern California,32.728958,-117.150493
8165-CBKXO,United States,California,Los Angeles,90001,Southern California,33.979649,-118.242134
6527-PZFPV,United States,California,Los Angeles,90012,Southern California,34.080101,-118.251146
4855-SNKMY,United States,California,Los Angeles,90012,Southern California,34.075823,-118.232753
9593-CVZKR,United States,California,Los Angeles,90012,Southern California,34.042288,-118.235205
8595-SIZNC,United States,California,San Diego,92101,Southern California,32.733484,-117.158359
8008-HAWED,United States,California,Los Angeles,90012,Southern California,34.06421,-118.227687
7124-UGSUR,United States,California,San Francisco,94110,Bay Area,37.744443,-122.411271
1862-SKORY,United States,California,Los Angeles,90001,Southern California,33.987826,-118.241112
5236-XMZJY,United States,California,San Jose,95113,Bay Area,37.331687,-121.904863
4827-DPADN,United States,California,San Francisco,94102,Bay Area,37.787555,-122.410601
2694-CIUMO,United States,California,San Francisco,94110,Bay Area,37.763537,-122.404669
5846-ABOBJ,United States,California,Los Angeles,90012,Southern California,34.064113,-118.245381
1439-LCGVL,United States,California,Sacramento,95814,Northern California,38.581661,-121.483326
0909-SDHNU,United States,California,Los Angeles,90001,Southern California,33.970328,-118.257623
4647-XXZAM,United States,California,San Francisco,94102,Bay Area,37.786763,-122.410247
1502-XFCVR,United States,California,San Francisco,94102,Bay Area,37.777117,-122.437497
7740-KKCXF,United States,California,Los Angeles,90012,Southern California,34.071369,-118.256219
5360-XGYAZ,United States,California,San Francisco,94110,Bay Area,37.76852,-122.426246
9692-TUSXH,United States,California,San Diego,92101,Southern California,32.728663,-117.169991
7912-SYRQT,United States,California,San Diego,92101,Southern California,32.715444,-117.162881
3557-HTYWR,United States,California,Oakland,94612,Bay Area,37.795296,-122.28816
4816-JBHOV,United States,California,San Francisco,94102,Bay Area,37.77427,-122.432772
8920-NAVAY,United States,California,Los Angeles,90012,Southern California,34.055774,-118.252456
1699-TLDLZ,United States,California,Oakland,94612,Bay Area,37.79217,-122.273635
5600-PDUJF,United States,California,Los Angeles,90001,Southern California,33.983215,-118.246654
8292-TYSPY,United States,California,San Francisco,94102,Bay Area,37.794008,-122.418705
0567-XRHCU,United States,California,Los Angeles,90012,Southern California,34.070864,-118.254311
1867-BDVFH,United States,California,San Francisco,94102,Bay Area,37.797944,-122.418207
2067-QYTCF,United States,California,Fresno,93721,Central Valley,36.726708,-119.789134
2359-QWQUL,United States,California,San Jose,95113,Bay Area,37.329208,-121.901377
9103-TCIHJ,United States,California,San Diego,92101,Southern California,32.7123,-117.176098
7407-SUJIZ,United States,California,Los Angeles,90001,Southern California,33.990098,-118.244739
9150-KPBJQ,United States,California,Los Angeles,90012,Southern California,34.043746,-118.247745
0052-DCKON,United States,California,San Francisco,94110,Bay Area,37.758599,-122.408824
3654-ARMGP,United States,California,San Diego,92101,Southern California,32.715884,-117.157109
9699-UBQFS,United States,California,San Jose,95113,Bay Area,37.322751,-121.884193
9367-TCUYN,United States,California,San Diego,92101,Southern California,32.724699,-117.16979
1261-FWTTE,United States,California,Sacramento,95814,Northern California,38.575466,-121.482242
3528-HFRIQ,United States,California,Sacramento,95814,Northern California,38.589635,-121.476893
0708-SJDIS,United States,California,Fresno,93721,Central Valley,36.725168,-119.780923
4140-WJAWW,United States,California,Los Angeles,90001,Southern California,33.972145,-118.266386
2073-QBVBI,United States,California,Oakland,94612,Bay Area,37.817378,-122.253634
6928-ONTRW,United States,California,Bakersfield,93301,Central Valley,35.366759,-119.027935
3320-VEOYC,United States,California,Los Angeles,90012,Southern California,34.069478,-118.22153
5231-FIQPA,United States,California,San Francisco,94102,Bay Area,37.774109,-122.424431
6617-WLBQC,United States,California,Los Angeles,90001,Southern California,33.957499,-118.241446
2599-CIPQE,United States,California,Oakland,94612,Bay Area,37.812913,-122.253423
6653-CBBOM,United States,California,San Jose,95113,Bay Area,37.341876,-121.899887
8774-GSBUN,United States,California,Fresno,93721,Central Valley,36.720648,-119.775308
7326-RIGQZ,United States,California,Los Angeles,90001,Southern California,33.958642,-118.257708
1401-FTHFQ,United States,California,Long Beach,90802,Southern California,33.789398,-118.182933
3247-ZVOUO,United States,California,Long Beach,90802,Southern California,33.780466,-118.192813
0254-FNMCI,United States,California,San Diego,92101,Southern California,32.714223,-117.180199
1848-LBZHY,United States,California,Los Angeles,90012,Southern California,34.057298,-118.255178
6101-IMRMM,United States,California,Fresno,93721,Central Valley,36.747129,-119.793933
8118-TJAFG,United States,California,San Jose,95113,Bay Area,37.335994,-121.902977
5429-LWCMV,United States,California,Anaheim,92805,Southern California,33.82494,-117.922963
7298-IZWLY,United States,California,Fresno,93721,Central Valley,36.736366,-119.773876
9758-MFWGD,United States,California,Oakland,94612,Bay Area,37.823795,-122.264133
3955-JBZZM,United States,California,Los Angeles,90012,Southern California,34.065726,-118.251298
1268-ASBGA,United States,California,Los Angeles,90001,Southern California,33.964821,-118.25375
8943-URTMR,United States,California,Los Angeles,90012,Southern California,34.073704,-118.238706
4815-TUMEQ,United States,California,Long Beach,90802,Southern California,33.771881,-118.201015
4713-LZDRV,United States,California,San Francisco,94102,Bay Area,37.764399,-122.429411
9909-IDLEK,United States,California,Los Angeles,90012,Southern California,34.056361,-118.246649
4092-OFQZS,United States,California,Los Angeles,90001,Southern California,33.975949,-118.24738
1561-BWHIN,United States,California,Los Angeles,90012,Southern California,34.074134,-118.232568
4325-NFSKC,United States,California,San Francisco,94102,Bay Area,37.760669,-122.419885
9927-DSWDF,United States,California,San Jose,95113,Bay Area,37.33778,-121.895359
9500-LTVBP,United States,California,Los Angeles,90012,Southern California,34.047173,-118.229545
7252-NTGSS,United States,California,San Francisco,94102,Bay Area,37.789607,-122.425819
8149-AIQCG,United States,California,Los Angeles,90001,Southern California,33.989359,-118.257139
1360-JYXKQ,United States,California,San Francisco,94110,Bay Area,37.743517,-122.401722
2955-PSXOE,United States,California,Oakland,94612,Bay Area,37.818408,-122.275346
7762-URZQH,United States,California,Fresno,93721,Central Valley,36.737474,-119.775261
0899-WZRSD,United States,California,San Diego,92101,Southern California,32.715675,-117.142732
3255-GRXMG,United States,California,Los Angeles,90001,Southern California,33.978399,-118.250291
4828-FAZPK,United States,California,Los Angeles,90001,Southern California,33.955299,-118.258231
6094-ZIVKX,United States,California,San Diego,92101,Southern California,32.700609,-117.175139
6925-BAYGL,United States,California,Los Angeles,90001,Southern California,33.97977,-118.243979
3262-EIDHV,United States,California,Bakersfield,93301,Central Valley,35.360401,-119.016842
7354-OIJLX,United States,California,Los Angeles,90012,Southern California,34.046583,-118.242801
1376-HHBDV,United States,California,San Francisco,94110,Bay Area,37.755718,-122.42867
6907-NZZIJ,United States,California,Los Angeles,90012,Southern California,34.069512,-118.257413
6133-OZILE,United States,California,San Jose,95113,Bay Area,37.322195,-121.893215
4135-FRWKJ,United States,California,San Jose,95113,Bay Area,37.333457,-121.894841
2911-UREFD,United States,California,Long Beach,90802,Southern California,33.751342,-118.190634
3744-ZRRDZ,United States,California,Long Beach,90802,Southern California,33.76706,-118.211116
5673-TIYIB,United States,California,Long Beach,90802,Southern California,33.782922,-118.201225
6551-ZCOTS,United States,California,Anaheim,92805,Southern California,33.834713,-117.911345
7191-ADRGF,United States,California,Fresno,93721,Central Valley,36.72994,-119.767292
5018-LXQQG,United States,California,San Francisco,94110,Bay Area,37.754281,-122.405533
6892-BOGQE,United States,California,San Francisco,94102,Bay Area,37.760411,-122.432191
1602-IJQQE,United States,California,Oakland,94612,Bay Area,37.797379,-122.253282
4628-WQCQQ,United States,California,San Francisco,94102,Bay Area,37.781031,-122.409274
1746-TGTWV,United States,California,San Jose,95113,Bay Area,37.350006,-121.890078
5995-SNNEW,United States,California,San Francisco,94102,Bay Area,37.798063,-122.435587
8050-WYBND,United States,California,Oakland,94612,Bay Area,37.79158,-122.269329
2821-WARNZ,United States,California,Bakersfield,93301,Central Valley,35.37739,-119.005542
4879-GZLFH,United States,California,Bakersfield,93301,Central Valley,35.382594,-119.000617
1644-IRKSF,United States,California,Los Angeles,90001,Southern California,33.958497,-118.256988
8314-HTWVE,United States,California,Los Angeles,90001,Southern California,33.989915,-118.260455
9402-ROUMJ,United States,California,Los Angeles,90001,Southern California,33.959478,-118.253268
2507-QZPQS,United States,California,Los Angeles,90012,Southern California,34.075331,-118.239271
7159-NOKYQ,United States,California,San Jose,95113,Bay Area,37.341792,-121.888067
5707-ZMDJP,United States,California,Sacramento,95814,Northern California,38.571882,-121.50954
8779-YIQQA,United States,California,San Francisco,94110,Bay Area,37.763472,-122.402421
7136-IHZJA,United States,California,Los Angeles,90012,Southern California,34.055653,-118.221096
8966-OIQHG,United States,California,Anaheim,92805,Southern California,33.850968,-117.895752
7074-STDCN,United States,California,Fresno,93721,Central Valley,36.718033,-119.787355
3705-PSNGL,United States,California,Anaheim,92805,Southern California,33.82523,-117.922249
8739-QOTTN,United States,California,Los Angeles,90001,Southern California,33.961684,-118.229574
1399-OUPJN,United States,California,Los Angeles,90012,Southern California,34.042819,-118.246573
0277-BKSQP,United States,California,San Francisco,94110,Bay Area,37.742143,-122.431023
6502-HCJTI,United States,California,San Jose,95113,Bay Area,37.340437,-121.88706
2606-RMDHZ,United States,California,San Francisco,94102,Bay Area,37.76096,-122.435888
5774-XZTQC,United States,California,Los Angeles,90012,Southern California,34.053421,-118.246675
2676-SSLTO,United States,California,San Francisco,94102,Bay Area,37.771838,-122.435471
6266-QHOJZ,United States,California,San Jose,95113,Bay Area,37.344254,-121.898651
7269-JISCY,United States,California,Sacramento,95814,Northern California,38.586151,-121.482938
0363-SVHYR,United States,California,Los Angeles,90012,Southern California,34.048886,-118.22707
8547-NSBBO,United States,California,Bakersfield,93301,Central Valley,35.382136,-119.037133
8258-GSTJK,United States,California,San Francisco,94110,Bay Area,37.751259,-122.427811
6861-OKBCE,United States,California,Oakland,94612,Bay Area,37.805661,-122.271542
9940-RHLFB,United States,California,San Francisco,94102,Bay Area,37.79044,-122.430674
6591-QGOYB,United States,California,Sacramento,95814,Northern California,38.56709,-121.510837
9070-BCKQP,United States,California,Long Beach,90802,Southern California,33.751315,-118.18492
6421-SZVEM,United States,California,Los Angeles,90001,Southern California,33.960255,-118.229029
1328-EUZHC,United States,California,San Francisco,94102,Bay Area,37.773026,-122.434399
2995-UPRYS,United States,California,Los Angeles,90001,Southern California,33.969997,-118.240389
8878-RYUKI,United States,California,San Diego,92101,Southern California,32.726332,-117.180721
9633-DENPU,United States,California,San Francisco,94110,Bay Area,37.755048,-122.407736
7811-JIVPF,United States,California,San Diego,92101,Southern California,32.721143,-117.160816
7113-HIPFI,United States,California,San Jose,95113,Bay Area,37.33041,-121.907008
8541-QVFKM,United States,California,Bakersfield,93301,Central Valley,35.374492,-119.031365
6686-YPGHK,United States,California,San Diego,92101,Southern California,32.728816,-117.16604
1383-EZRWL,United States,California,Los Angeles,90001,Southern California,33.953916,-118.237566
9258-CNWAC,United States,California,Long Beach,90802,Southern California,33.761812,-118.208244
5371-VYLSX,United States,California,San Francisco,94102,Bay Area,37.783587,-122.41264
6374-AFWOX,United States,California,Sacramento,95814,Northern California,38.596413,-121.513785
4759-TRPLW,United States,California,San Jose,95113,Bay Area,37.342312,-121.902321
5317-FLPJF,United States,California,Los Angeles,90012,Southern California,34.076832,-118.245796
7621-VPNET,United States,California,Oakland,94612,Bay Area,37.809949,-122.265635
6034-YMTOB,United States,California,San Diego,92101,Southern California,32.723855,-117.144766
8563-IIOXK,United States,California,San Francisco,94110,Bay Area,37.741678,-122.417204
4903-CNOZC,United States,California,Bakersfield,93301,Central Valley,35.381138,-119.024265
4353-HYOJD,United States,California,Los Angeles,90001,Southern California,33.954002,-118.235557
8020-BWHYL,United States,California,Los Angeles,90012,Southern California,34.053355,-118.24746
7267-FRMJW,United States,California,Los Angeles,90001,Southern California,33.985799,-118.242723
2982-VPSGI,United States,California,San Diego,92101,Southern California,32.726758,-117.176446
4188-FRABG,United States,California,Long Beach,90802,Southern California,33.789612,-118.19733
8199-ZLLSA,United States,California,Los Angeles,90012,Southern California,34.047801,-118.221366
4128-ETESU,United States,California,San Jose,95113,Bay Area,37.318905,-121.902773
0620-DLSLK,United States,California,Oakland,94612,Bay Area,37.795781,-122.264663
4625-EWPTF,United States,California,Los Angeles,90001,Southern California,33.966144,-118.228795
5980-NOPLP,United States,California,San Jose,95113,Bay Area,37.352786,-121.898878
3850-OKINF,United States,California,Los Angeles,90012,Southern California,34.04166,-118.226159
6892-XPFPU,United States,California,San Jose,95113,Bay Area,37.33456,-121.898372
8010-EZLOU,United States,California,Los Angeles,90001,Southern California,33.979052,-118.243753
1156-ZFYDO,United States,California,San Jose,95113,Bay Area,37.340772,-121.895625
3295-YVUSR,United States,California,San Francisco,94110,Bay Area,37.742408,-122.408342
8016-NCFVO,United States,California,San Jose,95113,Bay Area,37.326749,-121.896371
4119-ZYPZY,United States,California,San Francisco,94110,Bay Area,37.767306,-122.402968
5549-ZGHFB,United States,California,San Francisco,94110,Bay Area,37.731561,-122.416607
7577-SWIFR,United States,California,Los Angeles,90001,Southern California,33.991577,-118.247393
0303-WMMRN,United States,California,Los Angeles,90012,Southern California,34.059714,-118.236129
6408-OTUBZ,United States,California,Sacramento,95814,Northern California,38.579568,-121.51081
5204-HMGYF,United States,California,San Francisco,94102,Bay Area,37.775913,-122.407607
1078-TDCRN,United States,California,Los Angeles,90012,Southern California,34.080327,-118.242572
3727-OVPRY,United States,California,Sacramento,95814,Northern California,38.595082,-121.506524
3797-FKOGQ,United States,California,Los Angeles,90001,Southern California,33.976911,-118.24052
7622-NXQZR,United States,California,San Francisco,94110,Bay Area,37.755616,-122.406155
6196-HBOBZ,United States,California,Long Beach,90802,Southern California,33.784191,-118.205738
3970-XGJDU,United States,California,San Diego,92101,Southern California,32.719265,-117.158359
7017-VFULY,United States,California,Los Angeles,90001,Southern California,33.961995,-118.22846
5562-YJQGT,United States,California,Sacramento,95814,Northern California,38.578032,-121.509298
8807-OPMBM,United States,California,Los Angeles,90001,Southern California,33.964111,-118.235324
5439-WIKXB,United States,California,San Diego,92101,Southern California,32.714694,-117.168402
9874-QLCLH,United States,California,Los Angeles,90001,Southern California,33.956851,-118.244934
8294-UIMBA,United States,California,Oakland,94612,Bay Area,37.806586,-122.267465
8109-YUOHE,United States,California,Fresno,93721,Central Valley,36.730844,-119.787383
5840-NVDCG,United States,California,San Jose,95113,Bay Area,37.332973,-121.886977
8092-NLTGF,United States,California,San Jose,95113,Bay Area,37.332261,-121.906658
5928-QLDHB,United States,California,Sacramento,95814,Northern California,38.573409,-121.50371
9840-EFJQB,United States,California,Los Angeles,90012,Southern California,34.077283,-118.224867
0696-UKTOX,United States,California,San Francisco,94102,Bay Area,37.767438,-122.426685
4801-KFYKL,United States,California,San Jose,95113,Bay Area,37.340032,-121.88147
3472-OAOOR,United States,California,Los Angeles,90012,Southern California,34.06837,-118.253009
6135-OZQVA,United States,California,San Francisco,94110,Bay Area,37.731171,-122.397196
8062-YBDOE,United States,California,Long Beach,90802,Southern California,33.775503,-118.208905
2252-JHJGE,United States,California,Anaheim,92805,Southern California,33.818454,-117.917859
4188-PCPIG,United States,California,Fresno,93721,Central Valley,36.744864,-119.805216
6000-APYLU,United States,California,San Jose,95113,Bay Area,37.328165,-121.907804
7105-BENQF,United States,California,Los Angeles,90001,Southern California,33.975994,-118.2304
7721-DVEKZ,United States,California,Fresno,93721,Central Valley,36.74316,-119.774273
3566-VVORZ,United States,California,Long Beach,90802,Southern California,33.769376,-118.188319
9507-HSMMZ,United States,California,San Jose,95113,Bay Area,37.335113,-121.891712
2480-SQIOB,United States,California,San Francisco,94102,Bay Area,37.79563,-122.414692
0947-IDHRQ,United States,California,Fresno,93721,Central Valley,36.727951,-119.786794
7813-TKCVO,United States,California,Los Angeles,90001,Southern California,33.974244,-118.266938
0128-MKWSG,United States,California,Los Angeles,90012,Southern California,34.077231,-118.244448
3672-YITQD,United States,California,Los Angeles,90001,Southern California,33.970521,-118.267397
4350-ZTLPI,United States,California,San Francisco,94102,Bay Area,37.774472,-122.424793
9048-JVYVF,United States,California,Los Angeles,90012,Southern California,34.064126,-118.241619
0361-HJRDX,United States,California,Bakersfield,93301,Central Valley,35.35778,-119.033088
5727-MYATE,United States,California,San Diego,92101,Southern California,32.72704,-117.161877
3823-KYNQY,United States,California,San Francisco,94102,Bay Area,37.786897,-122.4301
8988-ECPJR,United States,California,San Jose,95113,Bay Area,37.322332,-121.889598
7570-WELNY,United States,California,Los Angeles,90001,Southern California,33.992888,-118.241542
3021-VLNRJ,United States,California,San Francisco,94102,Bay Area,37.76186,-122.402318
3776-EKTKM,United States,California,Los Angeles,90012,Southern California,34.070211,-118.25132
2080-CAZNM,United States,California,Los Angeles,90001,Southern California,33.986511,-118.250736
1028-FFNJK,United States,California,San Francisco,94102,Bay Area,37.777191,-122.416689
6907-FLBER,United States,California,Los Angeles,90001,Southern California,33.956582,-118.233193
3001-UNBTL,United States,California,Bakersfield,93301,Central Valley,35.359285,-119.031513
5982-PSMKW,United States,California,Los Angeles,90001,Southern California,33.973658,-118.228168
3507-GASNP,United States,California,San Francisco,94102,Bay Area,37.772257,-122.411778
7096-ZNBZI,United States,California,Los Angeles,90012,Southern California,34.07753,-118.245612
1902-XBTFB,United States,California,Los Angeles,90012,Southern California,34.080261,-118.240714
1676-MQAOA,United States,California,Los Angeles,90001,Southern California,33.984028,-118.258797
0786-IVLAW,United States,California,Fresno,93721,Central Valley,36.75149,-119.792744
7566-DSRLQ,United States,California,San Francisco,94102,Bay Area,37.759372,-122.422362
0643-OKLRP,United States,California,San Jose,95113,Bay Area,37.31601,-121.895712
7245-JMTTQ,United States,California,Long Beach,90802,Southern California,33.766002,-118.187459
6050-IJRHS,United States,California,Los Angeles,90012,Southern California,34.049869,-118.249222
6202-JVYEU,United States,California,Los Angeles,90012,Southern California,34.062785,-118.224277
8591-TKMZH,United States,California,Long Beach,90802,Southern California,33.788444,-118.178025
0734-OXWBT,United States,California,Los Angeles,90001,Southern California,33.965078,-118.258475
4282-ACRXS,United States,California,Los Angeles,90001,Southern California,33.97212,-118.233621
0365-TRTPY,United States,California,Los Angeles,90001,Southern California,33.96989,-118.257889
7349-ALMUX,United States,California,Sacramento,95814,Northern California,38.576906,-121.509374
9381-NDKME,United States,California,Los Angeles,90012,Southern California,34.058829,-118.221742
6502-KUGLL,United States,California,Los Angeles,90012,Southern California,34.074561,-118.229102
1841-YSJGV,United States,California,Fresno,93721,Central Valley,36.734509,-119.782781
2794-XIMMO,United States,California,Los Angeles,90001,Southern California,33.965511,-118.234918
8382-SHQEH,United States,California,Los Angeles,90012,Southern California,34.049776,-118.23454
3511-BFTJW,United States,California,San Francisco,94110,Bay Area,37.75726,-122.4074
7668-XCFYV,United States,California,Long Beach,90802,Southern California,33.761857,-118.175075
2983-ZANRP,United States,California,Bakersfield,93301,Central Valley,35.370178,-119.014853
7845-URHJN,United States,California,San Diego,92101,Southern California,32.722768,-117.167395
3034-ZBEQN,United States,California,San Francisco,94102,Bay Area,37.77915,-122.425838
5018-HEKFO,United States,California,San Diego,92101,Southern California,32.734519,-117.175929
2923-ARZLG,United States,California,Los Angeles,90012,Southern California,34.056025,-118.226687
3976-NLDEZ,United States,California,San Jose,95113,Bay Area,37.320734,-121.903309
2282-YGNOR,United States,California,Oakland,94612,Bay Area,37.818448,-122.269606
5336-UFNZP,United States,California,San Francisco,94102,Bay Area,37.763048,-122.427729
6854-EXGSF,United States,California,San Jose,95113,Bay Area,37.333046,-121.872184
1241-EZFMJ,United States,California,San Diego,92101,Southern California,32.715628,-117.170111
9233-PSYHO,United States,California,San Jose,95113,Bay Area,37.325326,-121.874403
5376-PCKNB,United States,California,Los Angeles,90001,Southern California,33.988773,-118.23213
8044-BGWPI,United States,California,San Francisco,94110,Bay Area,37.745611,-122.400343
4060-LDNLU,United States,California,Oakland,94612,Bay Area,37.801006,-122.276848
3589-PPVKW,United States,California,Oakland,94612,Bay Area,37.801765,-122.263672
8327-LZKAS,United States,California,San Jose,95113,Bay Area,37.328168,-121.888894
5887-IKKYO,United States,California,San Francisco,94110,Bay Area,37.753618,-122.399214
1075-BGWOH,United States,California,San Diego,92101,Southern California,32.722577,-117.153384
1755-RMCXH,United States,California,Los Angeles,90012,Southern California,34.060048,-118.229017
0302-JOIVN,United States,California,Sacramento,95814,Northern California,38.569503,-121.474505
3858-XHYJO,United States,California,San Diego,92101,Southern California,32.729784,-117.142246
4299-SIMNS,United States,California,Los Angeles,90001,Southern California,33.985098,-118.265534
7025-IWFHT,United States,California,San Francisco,94102,Bay Area,37.770432,-122.414901
6261-LHRTG,United States,California,Los Angeles,90001,Southern California,33.954186,-118.251601
7841-FCRQD,United States,California,Los Angeles,90012,Southern California,34.045812,-118.225953
2056-EVGZL,United States,California,Fresno,93721,Central Valley,36.751795,-119.782433
8777-MBMTS,United States,California,Fresno,93721,Central Valley,36.724096,-119.778536
7753-USQYQ,United States,California,Los Angeles,90012,Southern California,34.079134,-118.230342
5366-IJEQJ,United States,California,Long Beach,90802,Southern California,33.768187,-118.186369
7661-CPURM,United States,California,Sacramento,95814,Northern California,38.562029,-121.483746
6233-HXJMX,United States,California,Los Angeles,90012,Southern California,34.047622,-118.243579
5902-WBLSE,United States,California,Los Angeles,90001,Southern California,33.953422,-118.247737
1981-INRFU,United States,California,San Francisco,94102,Bay Area,37.772048,-122.425479
4971-PUYQO,United States,California,San Francisco,94110,Bay Area,37.76575,-122.409419
3239-TPHPZ,United States,California,Los Angeles,90001,Southern California,33.975911,-118.252816
5115-GZDEL,United States,California,Anaheim,92805,Southern California,33.833587,-117.923032
3338-CVVEH,United States,California,Oakland,94612,Bay Area,37.821575,-122.289166
8485-GJCDN,United States,California,Oakland,94612,Bay Area,37.789734,-122.274773
2615-YVMYX,United States,California,Long Beach,90802,Southern California,33.788746,-118.199795
2851-STERV,United States,California,Los Angeles,90001,Southern California,33.977325,-118.253428
4393-GEADV,United States,California,San Francisco,94102,Bay Area,37.767666,-122.405257
8486-AYEQH,United States,California,Los Angeles,90001,Southern California,33.963494,-118.261118
1527-SXDPN,United States,California,Los Angeles,90001,Southern California,33.969375,-118.260234
6029-WTIPC,United States,California,San Francisco,94110,Bay Area,37.755301,-122.404095
8634-CILSZ,United States,California,Sacramento,95814,Northern California,38.594203,-121.505673
5419-JKZNQ,United States,California,Los Angeles,90001,Southern California,33.988564,-118.230454
2495-KZNFB,United States,California,Los Angeles,90001,Southern California,33.99127,-118.240848
1409-PHXTF,United States,California,Sacramento,95814,Northern California,38.596723,-121.484151
4560-WQAQW,United States,California,San Diego,92101,Southern California,32.716505,-117.14697
9591-YVTEB,United States,California,Los Angeles,90001,Southern California,33.97357,-118.252106
9309-BZGNT,United States,California,Sacramento,95814,Northern California,38.574517,-121.479401
4274-DRSQT,United States,California,San Francisco,94110,Bay Area,37.770813,-122.416677
2027-DNKIV,United States,California,Los Angeles,90001,Southern California,33.971716,-118.257924
8075-GXIUB,United States,California,Fresno,93721,Central Valley,36.729237,-119.779991
2885-HIJDH,United States,California,Los Angeles,90001,Southern California,33.959661,-118.240351
5424-RLQLC,United States,California,Los Angeles,90001,Southern California,33.958704,-118.228691
6682-QJDGB,United States,California,San Diego,92101,Southern California,32.735183,-117.174626
6507-DTJZV,United States,California,Sacramento,95814,Northern California,38.599609,-121.512704
8780-IXSTS,United States,California,Bakersfield,93301,Central Valley,35.371319,-119.004865
7673-BQGKU,United States,California,San Francisco,94102,Bay Area,37.785568,-122.428512
6723-WSNTY,United States,California,Los Angeles,90012,Southern California,34.074972,-118.25463
9530-EHPOH,United States,California,San Jose,95113,Bay Area,37.315643,-121.897783
2725-IWWBA,United States,California,Fresno,93721,Central Valley,36.731698,-119.786906
0345-HKJVM,United States,California,Sacramento,95814,Northern California,38.567378,-121.501167
1061-PNTHC,United States,California,Los Angeles,90012,Southern California,34.069277,-118.242992
0394-YONDK,United States,California,Oakland,94612,Bay Area,37.798106,-122.262434
6574-MCOEH,United States,California,Oakland,94612,Bay Area,37.788804,-122.26923
7399-QHBJS,United States,California,Anaheim,92805,Southern California,33.838735,-117.923451
3049-SOLAY,United States,California,Oakland,94612,Bay Area,37.791464,-122.26713
0997-YTLNY,United States,California,Los Angeles,90012,Southern California,34.049333,-118.247179
3317-HRTNN,United States,California,San Jose,95113,Bay Area,37.325555,-121.878722
9479-HYNYL,United States,California,San Francisco,94110,Bay Area,37.73739,-122.411537
3235-ETOOB,United States,California,Los Angeles,90001,Southern California,33.953908,-118.228967
9708-KFDBY,United States,California,Los Angeles,90001,Southern California,33.970764,-118.229073
8058-INTPH,United States,California,Fresno,93721,Central Valley,36.734628,-119.783796
3642-GKTCT,United States,California,San Francisco,94102,Bay Area,37.798054,-122.407189
0774-RMNUW,United States,California,Los Angeles,90012,Southern California,34.063328,-118.243393
1334-PDUKM,United States,California,San Francisco,94102,Bay Area,37.767283,-122.41121
0756-MPZRL,United States,California,Sacramento,95814,Northern California,38.589278,-121.475018
2242-MFOTG,United States,California,San Francisco,94102,Bay Area,37.785844,-122.436065
2927-CVULT,United States,California,Sacramento,95814,Northern California,38.588474,-121.511896
2144-BFDSO,United States,California,Los Angeles,90001,Southern California,33.992748,-118.26768
8745-PVESG,United States,California,Los Angeles,90001,Southern California,33.963296,-118.247351
7647-GYYKX,United States,California,Sacramento,95814,Northern California,38.57627,-121.510695
5647-FXOTP,United States,California,Los Angeles,90001,Southern California,33.979485,-118.247586
5569-OUICF,United States,California,Oakland,94612,Bay Area,37.811611,-122.251334
8821-XNHVZ,United States,California,San Jose,95113,Bay Area,37.340609,-121.90621
2082-OJVTK,United States,California,Los Angeles,90012,Southern California,34.057362,-118.250241
9700-ISPUP,United States,California,San Francisco,94102,Bay Area,37.762778,-122.416178
9839-ETQOE,United States,California,Los Angeles,90012,Southern California,34.067037,-118.23265
6078-VESFR,United States,California,Anaheim,92805,Southern California,33.848862,-117.917881
9027-TMATR,United States,California,San Francisco,94102,Bay Area,37.785625,-122.42416
5940-NFXKV,United States,California,Los Angeles,90012,Southern California,34.079765,-118.23543
1941-HOSAM,United States,California,San Francisco,94110,Bay Area,37.758734,-122.420699
9110-HSGTV,United States,California,Los Angeles,90012,Southern California,34.078006,-118.25083
0704-VCUMB,United States,California,Los Angeles,90001,Southern California,33.978551,-118.264523
6171-ZTVYB,United States,California,Bakersfield,93301,Central Valley,35.388387,-119.011385
8053-WWDRO,United States,California,San Diego,92101,Southern California,32.717274,-117.177997
9564-KCLHR,United States,California,Los Angeles,90012,Southern California,34.068362,-118.22795
1935-IMVBB,United States,California,San Francisco,94102,Bay Area,37.774784,-122.417429
2535-PBCGC,United States,California,San Francisco,94110,Bay Area,37.746581,-122.405824
2082-CEFLT,United States,California,Los Angeles,90012,Southern California,34.065877,-118.230866
1470-PSXNM,United States,California,Los Angeles,90012,Southern California,34.064181,-118.244538
1213-NGCUN,United States,California,Los Angeles,90012,Southern California,34.075464,-118.236265
2498-XLDZR,United States,California,San Diego,92101,Southern California,32.714353,-117.162018
9866-OCCKE,United States,California,Los Angeles,90001,Southern California,33.966745,-118.232451
5338-YHWYT,United States,California,San Diego,92101,Southern California,32.725165,-117.173659
7718-UPSKJ,United States,California,San Jose,95113,Bay Area,37.344721,-121.892186
8731-WBBMB,United States,California,Fresno,93721,Central Valley,36.730723,-119.799037
1448-CYWKC,United States,California,Sacramento,95814,Northern California,38.58597,-121.499355
7901-IIDQV,United States,California,Los Angeles,90001,Southern California,33.987869,-118.246549
2690-DVRVK,United States,California,San Diego,92101,Southern California,32.701917,-117.167652
5688-KZTSN,United States,California,San Francisco,94110,Bay Area,37.731249,-122.418854
1270-XKUCC,United States,California,Los Angeles,90012,Southern California,34.058111,-118.258377
0334-ZFJSR,United States,California,Long Beach,90802,Southern California,33.789529,-118.184876
2894-QOJRX,United States,California,San Jose,95113,Bay Area,37.340293,-121.897185
5747-PMBSQ,United States,California,Los Angeles,90001,Southern California,33.96416,-118.245348
5583-EJXRD,United States,California,Sacramento,95814,Northern California,38.570478,-121.475146
4565-EVZMJ,United States,California,San Diego,92101,Southern California,32.70875,-117.167999
3143-JQEGI,United States,California,Oakland,94612,Bay Area,37.818594,-122.262398
6386-SZZKH,United States,California,Los Angeles,90012,Southern California,34.044986,-118.247814
3327-YBAKM,United States,California,San Jose,95113,Bay Area,37.318756,-121.881899
9441-QHEVC,United States,California,San Diego,92101,Southern California,32.726567,-117.155666
6705-LNMDD,United States,California,Sacramento,95814,Northern California,38.583598,-121.489125
2580-ASVVY,United States,California,Los Angeles,90012,Southern California,34.054346,-118.246417
3370-GQEAL,United States,California,Oakland,94612,Bay Area,37.819203,-122.284466
5032-USPKF,United States,California,Los Angeles,90012,Southern California,34.073051,-118.224348
2982-IHMFT,United States,California,Los Angeles,90012,Southern California,34.075749,-118.244347
3521-SYVOR,United States,California,Los Angeles,90001,Southern California,33.985574,-118.264712
4254-QPEDE,United States,California,San Francisco,94110,Bay Area,37.755946,-122.411695
6283-GITPX,United States,California,Los Angeles,90012,Southern California,34.072868,-118.238661
9526-JAWYF,United States,California,San Francisco,94102,Bay Area,37.797587,-122.424731
0771-CHWSK,United States,California,Los Angeles,90012,Southern California,34.066433,-118.221583
9788-HNGUT,United States,California,Long Beach,90802,Southern California,33.762888,-118.19446
9495-REDIY,United States,California,San Francisco,94110,Bay Area,37.75396,-122.432931
5375-XLDOF,United States,California,San Francisco,94110,Bay Area,37.736083,-122.404129
1172-VIYBP,United States,California,Bakersfield,93301,Central Valley,35.379888,-119.003498
5649-VUKMC,United States,California,Los Angeles,90001,Southern California,33.957874,-118.261553
6559-PDZLR,United States,California,Los Angeles,90001,Southern California,33.957199,-118.246171
8992-OBVDG,United States,California,Oakland,94612,Bay Area,37.819643,-122.290913
4273-MBHYA,United States,California,San Diego,92101,Southern California,32.700837,-117.148496
4724-WXVWF,United States,California,San Diego,92101,Southern California,32.710047,-117.172989
5701-GUXDC,United States,California,San Diego,92101,Southern California,32.702649,-117.160452
1460-UZPRJ,United States,California,Fresno,93721,Central Valley,36.73954,-119.773359
6082-GLJIX,United States,California,Los Angeles,90001,Southern California,33.974459,-118.257028
5143-EGQFK,United States,California,San Diego,92101,Southern California,32.709438,-117.158212
4919-IKATY,United States,California,Bakersfield,93301,Central Valley,35.385584,-119.015167
2495-TTHBQ,United States,California,San Diego,92101,Southern California,32.72199,-117.156145
0485-ZBSLN,United States,California,Long Beach,90802,Southern California,33.779259,-118.177848
3810-PJUHR,United States,California,San Francisco,94110,Bay Area,37.742977,-122.405717
9050-QLROH,United States,California,San Jose,95113,Bay Area,37.344234,-121.902514
0847-HGRML,United States,California,San Francisco,94102,Bay Area,37.77146,-122.407967
8232-CTLKO,United States,California,Los Angeles,90012,Southern California,34.069364,-118.251062
9227-YBAXE,United States,California,San Francisco,94102,Bay Area,37.78952,-122.399529
6168-WFVVF,United States,California,San Diego,92101,Southern California,32.699647,-117.165345
9860-LISIZ,United States,California,Bakersfield,93301,Central Valley,35.367479,-119.010421
0112-QAWRZ,United States,California,Anaheim,92805,Southern California,33.83987,-117.908264
0877-SDMBN,United States,California,San Jose,95113,Bay Area,37.32936,-121.89626
2786-GCDPI,United States,California,San Francisco,94110,Bay Area,37.741371,-122.402978
4043-MKDTV,United States,California,San Diego,92101,Southern California,32.722099,-117.146093
8065-YKXKD,United States,California,San Francisco,94110,Bay Area,37.74018,-122.41406
9637-EIHEQ,United States,California,Oakland,94612,Bay Area,37.821884,-122.290295
9229-RQABD,United States,California,Los Angeles,90012,Southern California,34.062003,-118.221343
8313-KTIHG,United States,California,Los Angeles,90012,Southern California,34.043865,-118.24696
5320-BRKGK,United States,California,Los Angeles,90001,Southern California,33.966186,-118.266679
6284-KMNUF,United States,California,Los Angeles,90001,Southern California,33.976298,-118.246188
9689-PTNPG,United States,California,Los Angeles,90001,Southern California,33.958293,-118.263749
9465-RWMXL,United States,California,Los Angeles,90001,Southern California,33.980773,-118.253039
6229-UOLQL,United States,California,Los Angeles,90012,Southern California,34.059243,-118.220568
2362-IBOOY,United States,California,Los Angeles,90001,Southern California,33.961445,-118.266773
3137-LUPIX,United States,California,Los Angeles,90012,Southern California,34.047218,-118.220185
0843-WTBXE,United States,California,Los Angeles,90012,Southern California,34.070476,-118.231507
6143-JQKEA,United States,California,Long Beach,90802,Southern California,33.783724,-118.175193
8676-OOQEJ,United States,California,San Francisco,94102,Bay Area,37.79,-122.414362
5515-IDEJJ,United States,California,San Diego,92101,Southern California,32.705212,-117.178086
9701-CDXHR,United States,California,San Diego,92101,Southern California,32.705505,-117.180537
7450-NWRTR,United States,California,San Jose,95113,Bay Area,37.351236,-121.888069
8124-NZVGJ,United States,California,Fresno,93721,Central Valley,36.740161,-119.801127
2162-FRZAA,United States,California,Oakland,94612,Bay Area,37.818326,-122.252109
5376-DEQCP,United States,California,Bakersfield,93301,Central Valley,35.380116,-119.013792
5118-MUEYH,United States,California,Los Angeles,90001,Southern California,33.971231,-118.264405
9095-HFAFX,United States,California,Oakland,94612,Bay Area,37.792306,-122.262375
5627-TVBPP,United States,California,Los Angeles,90012,Southern California,34.067882,-118.257987
2379-ENZGV,United States,California,Anaheim,92805,Southern California,33.824463,-117.931933
3936-QQFLL,United States,California,San Francisco,94110,Bay Area,37.731226,-122.41481
2589-AYCRP,United States,California,Sacramento,95814,Northern California,38.58823,-121.513906
4067-HLYQI,United States,California,San Diego,92101,Southern California,32.720887,-117.158624
5124-EOGYE,United States,California,Sacramento,95814,Northern California,38.591189,-121.485547
5057-RKGLH,United States,California,San Francisco,94110,Bay Area,37.749305,-122.431525
0292-WEGCH,United States,California,Los Angeles,90012,Southern California,34.051567,-118.222851
8910-ICHIU,United States,California,Los Angeles,90012,Southern California,34.046319,-118.221722
4097-YODCF,United States,California,Los Angeles,90001,Southern California,33.980706,-118.260279
9715-WZCLW,United States,California,San Jose,95113,Bay Area,37.32399,-121.885411
9786-YWNHU,United States,California,San Francisco,94110,Bay Area,37.753669,-122.429443
6407-GSJNL,United States,California,Los Angeles,90012,Southern California,34.057817,-118.21935
6005-OBZPH,United States,California,Sacramento,95814,Northern California,38.582835,-121.474561
4049-ZPALD,United States,California,Los Angeles,90001,Southern California,33.965906,-118.234491
7932-WPTDS,United States,California,San Francisco,94110,Bay Area,37.748428,-122.401665
3733-UOCWF,United States,California,San Francisco,94110,Bay Area,37.748168,-122.425322
6833-JMZYP,United States,California,San Diego,92101,Southern California,32.720296,-117.148737
2722-VOJQL,United States,California,Los Angeles,90001,Southern California,33.991277,-118.234374
1310-QRITU,United States,California,Los Angeles,90001,Southern California,33.96369,-118.244728
8961-QDZZJ,United States,California,San Francisco,94110,Bay Area,37.755455,-122.427735
9715-SBVSU,United States,California,Oakland,94612,Bay Area,37.786246,-122.26925
8490-BXHEO,United States,California,San Francisco,94102,Bay Area,37.787375,-122.417877
7173-TETGO,United States,California,San Francisco,94102,Bay Area,37.774227,-122.403246
7929-SKFGK,United States,California,San Diego,92101,Southern California,32.724722,-117.16237
2300-RQGOI,United States,California,Fresno,93721,Central Valley,36.742712,-119.801223
3563-SVYLG,United States,California,San Diego,92101,Southern California,32.703134,-117.180709
5228-EXCET,United States,California,San Francisco,94102,Bay Area,37.761738,-122.421521
6435-VWCCY,United States,California,Los Angeles,90001,Southern California,33.974196,-118.264553
4998-IKFSE,United States,California,Los Angeles,90012,Southern California,34.076758,-118.250005
8630-QSGXK,United States,California,Los Angeles,90001,Southern California,33.954243,-118.236531
2455-USLMV,United States,California,Sacramento,95814,Northern California,38.600443,-121.514203
7394-FKDNK,United States,California,Los Angeles,90001,Southern California,33.963511,-118.261286
9488-FVZCC,United States,California,San Francisco,94102,Bay Area,37.765548,-122.407006
6331-LWDTQ,United States,California,San Diego,92101,Southern California,32.696771,-117.151106
5995-WWKKG,United States,California,San Francisco,94110,Bay Area,37.732054,-122.419926
1597-FZREH,United States,California,San Francisco,94110,Bay Area,37.751923,-122.43359
7879-CGSFV,United States,California,Los Angeles,90001,Southern California,33.98616,-118.262796
9921-EZKBY,United States,California,Los Angeles,90001,Southern California,33.970007,-118.249243
7432-FFVAR,United States,California,Los Angeles,90012,Southern California,34.060934,-118.255675
7246-ZGQDF,United States,California,San Jose,95113,Bay Area,37.341265,-121.908593
7000-WCEVQ,United States,California,Los Angeles,90012,Southern California,34.069998,-118.252443
0727-IWKVK,United States,California,San Francisco,94102,Bay Area,37.774345,-122.408676
5959-BELXA,United States,California,San Jose,95113,Bay Area,37.332301,-121.889879
4456-RHSNB,United States,California,Sacramento,95814,Northern California,38.562078,-121.487571
3512-IZIKN,United States,California,Oakland,94612,Bay Area,37.787365,-122.276676
2481-SBOYW,United States,California,Los Angeles,90012,Southern California,34.074499,-118.24997
7109-MFBYV,United States,California,Los Angeles,90001,Southern California,33.960386,-118.237874
1833-TCXKK,United States,California,Los Angeles,90001,Southern California,33.964547,-118.239692
1832-PEUTS,United States,California,San Jose,95113,Bay Area,37.31476,-121.879724
6141-OOXUQ,United States,California,San Jose,95113,Bay Area,37.324637,-121.901009
8660-BUETV,United States,California,Los Angeles,90012,Southern California,34.067153,-118.255694
0580-PIQHM,United States,California,Bakersfield,93301,Central Valley,35.367605,-119.033789
5696-CEIQJ,United States,California,San Jose,95113,Bay Area,37.322722,-121.908901
7503-ZGUZJ,United States,California,Los Angeles,90001,Southern California,33.97497,-118.240684
1696-HXOWK,United States,California,Los Angeles,90001,Southern California,33.982672,-118.248592
3026-ATZYV,United States,California,Sacramento,95814,Northern California,38.576975,-121.496772
4012-YCFAI,United States,California,San Francisco,94102,Bay Area,37.787665,-122.437009
2506-TNFCO,United States,California,Los Angeles,90001,Southern California,33.992999,-118.255766
9970-QBCDA,United States,California,San Diego,92101,Southern California,32.719435,-117.169315
8718-PTMEZ,United States,California,San Diego,92101,Southern California,32.725492,-117.161121
9496-IVVRP,United States,California,San Francisco,94102,Bay Area,37.791719,-122.433874
2207-OBZNX,United States,California,Los Angeles,90001,Southern California,33.980492,-118.247467
2657-VPXTA,United States,California,Anaheim,92805,Southern California,33.837705,-117.920193
6551-VLJMV,United States,California,Los Angeles,90001,Southern California,33.957689,-118.236732
1221-GHZEP,United States,California,San Francisco,94110,Bay Area,37.740186,-122.403334
9289-LBQVU,United States,California,Oakland,94612,Bay Area,37.808767,-122.28566
6142-VSJQO,United States,California,San Diego,92101,Southern California,32.73196,-117.14688
3458-IDMFK,United States,California,San Diego,92101,Southern California,32.697141,-117.160491
6933-FHBZC,United States,California,San Diego,92101,Southern California,32.697278,-117.173776
0221-NAUXK,United States,California,San Francisco,94110,Bay Area,37.732399,-122.418355
9770-KXGQU,United States,California,Los Angeles,90001,Southern California,33.973273,-118.253127
6437-UKHMV,United States,California,Los Angeles,90012,Southern California,34.068531,-118.245929
6538-POCHL,United States,California,Anaheim,92805,Southern California,33.831325,-117.917987
6726-NNFWD,United States,California,San Francisco,94110,Bay Area,37.754051,-122.415165
3002-WQZWT,United States,California,Los Angeles,90001,Southern California,33.957344,-118.230765
4277-UDIEF,United States,California,Oakland,94612,Bay Area,37.822446,-122.254696
1208-NBVFH,United States,California,San Jose,95113,Bay Area,37.319771,-121.875569
4912-PIGUY,United States,California,San Francisco,94102,Bay Area,37.776581,-122.414852
1114-CENIM,United States,California,San Diego,92101,Southern California,32.730914,-117.176575
6060-DRTNL,United States,California,San Diego,92101,Southern California,32.734236,-117.177833
2725-TTRIQ,United States,California,Los Angeles,90012,Southern California,34.05292,-118.218715
3374-TTZTK,United States,California,San Diego,92101,Southern California,32.731266,-117.166334
8990-ZXLSU,United States,California,Los Angeles,90001,Southern California,33.965983,-118.240958
2275-RBYQS,United States,California,Long Beach,90802,Southern California,33.766292,-118.200493
8473-VUVJN,United States,California,Los Angeles,90012,Southern California,34.050574,-118.23766
6289-CPNLD,United States,California,Los Angeles,90012,Southern California,34.074792,-118.227825
5536-SLHPM,United States,California,Bakersfield,93301,Central Valley,35.387315,-119.00014
4419-UJMUS,United States,California,Los Angeles,90001,Southern California,33.95697,-118.238547
7794-JASDG,United States,California,Los Angeles,90012,Southern California,34.058402,-118.227615
7609-YBPXG,United States,California,Los Angeles,90001,Southern California,33.987353,-118.248003
5519-TEEUH,United States,California,Los Angeles,90001,Southern California,33.970359,-118.230557
7856-GANIL,United States,California,Los Angeles,90001,Southern California,33.986807,-118.250717
0804-XBFBV,United States,California,Bakersfield,93301,Central Valley,35.378543,-119.001991
2676-OXPPQ,United States,California,San Jose,95113,Bay Area,37.344163,-121.87242
3703-TTEPD,United States,California,Oakland,94612,Bay Area,37.812834,-122.26607
2799-TSLAG,United States,California,Los Angeles,90012,Southern California,34.072563,-118.230832
0196-VULGZ,United States,California,Los Angeles,90012,Southern California,34.07237,-118.232064
8837-VVWLQ,United States,California,Oakland,94612,Bay Area,37.805736,-122.265723
2696-NARTR,United States,California,San Francisco,94110,Bay Area,37.748857,-122.402206
2208-NKVVH,United States,California,Bakersfield,93301,Central Valley,35.384041,-119.012835
7614-QVWQL,United States,California,San Francisco,94110,Bay Area,37.764982,-122.399948
1976-CFOCS,United States,California,San Diego,92101,Southern California,32.704317,-117.178032
4631-OACRM,United States,California,Los Angeles,90012,Southern California,34.074838,-118.233507
7139-JZFVG,United States,California,Sacramento,95814,Northern California,38.596176,-121.490544
4987-GQWPO,United States,California,Fresno,93721,Central Valley,36.754573,-119.797632
3755-JBMNH,United States,California,Los Angeles,90001,Southern California,33.963046,-118.236827
1757-TCATG,United States,California,Sacramento,95814,Northern California,38.589711,-121.507189
6345-ULYRW,United States,California,San Francisco,94110,Bay Area,37.758316,-122.411984
4776-XSKYQ,United States,California,San Francisco,94102,Bay Area,37.771019,-122.438742
8048-DSDFQ,United States,California,San Diego,92101,Southern California,32.701702,-117.1602
5753-QQWPW,United States,California,San Jose,95113,Bay Area,37.33086,-121.894739
6010-DDPPW,United States,California,San Jose,95113,Bay Area,37.332095,-121.878687
1809-DMJHQ,United States,California,Los Angeles,90001,Southern California,33.990904,-118.24558
6693-FRIRW,United States,California,Los Angeles,90001,Southern California,33.966775,-118.242762
6586-MYGKD,United States,California,Los Angeles,90001,Southern California,33.955899,-118.257347
3173-NVMPX,United States,California,San Francisco,94102,Bay Area,37.797984,-122.42852
0248-PGHBZ,United States,California,Anaheim,92805,Southern California,33.848473,-117.927059
0623-GDISB,United States,California,Fresno,93721,Central Valley,36.719526,-119.779183
2892-GESUL,United States,California,Oakland,94612,Bay Area,37.787665,-122.283298
6923-EFPNL,United States,California,San Jose,95113,Bay Area,37.323505,-121.893613
7472-EQOAV,United States,California,Fresno,93721,Central Valley,36.75554,-119.805768
9574-RKJIF,United States,California,San Francisco,94102,Bay Area,37.76483,-122.401118
2043-WVTQJ,United States,California,San Diego,92101,Southern California,32.698372,-117.154302
8034-RYTVV,United States,California,San Francisco,94102,Bay Area,37.783343,-122.402473
3863-QSTYI,United States,California,Los Angeles,90001,Southern California,33.96878,-118.247422
2619-WFQWU,United States,California,Los Angeles,90012,Southern California,34.05299,-118.221055
5044-LRQAQ,United States,California,Fresno,93721,Central Valley,36.739322,-119.800404
1716-LSAMB,United States,California,Los Angeles,90001,Southern California,33.968843,-118.237985
1333-PBMXB,United States,California,San Francisco,94110,Bay Area,37.763673,-122.410119
6546-OPBBH,United States,California,Long Beach,90802,Southern California,33.769447,-118.199529
5985-BEHZK,United States,California,San Francisco,94102,Bay Area,37.7758,-122.430317
9127-QRZMH,United States,California,Sacramento,95814,Northern California,38.586253,-121.508177
5919-VCZYM,United States,California,Los Angeles,90012,Southern California,34.080699,-118.233349
9644-KVCNC,United States,California,Oakland,94612,Bay Area,37.804616,-122.265757
2137-DQMEV,United States,California,Fresno,93721,Central Valley,36.753127,-119.787395
8174-LNWMW,United States,California,San Diego,92101,Southern California,32.722298,-117.170129
9279-CJEOJ,United States,California,Los Angeles,90001,Southern California,33.990355,-118.267612
7964-VEXDG,United States,California,San Francisco,94110,Bay Area,37.770209,-122.423577
2404-JIBFC,United States,California,San Jose,95113,Bay Area,37.347764,-121.891639
0778-NELLA,United States,California,Anaheim,92805,Southern California,33.84602,-117.901811
8029-XYPWT,United States,California,San Francisco,94102,Bay Area,37.779938,-122.403653
4614-NUVZD,United States,California,Oakland,94612,Bay Area,37.811684,-122.261739
4632-PAOYU,United States,California,Los Angeles,90001,Southern California,33.96101,-118.267838
3803-KMQFW,United States,California,Long Beach,90802,Southern California,33.761221,-118.19516
6804-GDMOI,United States,California,Los Angeles,90001,Southern California,33.985802,-118.233668
2990-OGYTD,United States,California,San Francisco,94110,Bay Area,37.755257,-122.40489
6646-JPPHA,United States,California,Long Beach,90802,Southern California,33.763207,-118.185513
9572-MTILT,United States,California,Bakersfield,93301,Central Valley,35.3591,-119.020419
7658-UYUQS,United States,California,Los Angeles,90012,Southern California,34.071115,-118.238218
7880-XSOJX,United States,California,Los Angeles,90012,Southern California,34.04671,-118.254413
9611-CTWIH,United States,California,Los Angeles,90001,Southern California,33.985047,-118.238234
4589-IUAJB,United States,California,Los Angeles,90001,Southern California,33.971978,-118.248047
0329-GTIAJ,United States,California,San Francisco,94102,Bay Area,37.77483,-122.410357
8746-BFOAJ,United States,California,Los Angeles,90012,Southern California,34.076947,-118.226726
8457-XIGKN,United States,California,Los Angeles,90001,Southern California,33.958107,-118.266913
6072-NUQCB,United States,California,Long Beach,90802,Southern California,33.751028,-118.200346
6629-CZTTH,United States,California,San Diego,92101,Southern California,32.698623,-117.16897
8838-GPHZP,United States,California,San Jose,95113,Bay Area,37.314279,-121.884959
8750-QWZAJ,United States,California,San Francisco,94110,Bay Area,37.750329,-122.42849
5364-EVNIB,United States,California,Los Angeles,90001,Southern California,33.989345,-118.238482
6918-UMQCG,United States,California,San Francisco,94102,Bay Area,37.77156,-122.401989
0675-NCDYU,United States,California,Oakland,94612,Bay Area,37.804663,-122.289701
6339-DKLMK,United States,California,San Francisco,94110,Bay Area,37.740644,-122.40909
1346-PJWTK,United States,California,Fresno,93721,Central Valley,36.74154,-119.797014
5088-QZLRL,United States,California,San Francisco,94102,Bay Area,37.766281,-122.431907
8023-QHAIO,United States,California,Los Angeles,90012,Southern California,34.051037,-118.232248
4397-FRLTA,United States,California,San Diego,92101,Southern California,32.713241,-117.176994
3057-VJJQE,United States,California,San Diego,92101,Southern California,32.725789,-117.15251
5087-SUURX,United States,California,Long Beach,90802,Southern California,33.759994,-118.192766
2302-OUZXB,United States,California,Los Angeles,90012,Southern California,34.050894,-118.220093
8133-ANHHJ,United States,California,Los Angeles,90001,Southern California,33.98588,-118.232418
2270-CHBFN,United States,California,San Jose,95113,Bay Area,37.348825,-121.899046
0013-EXCHZ,United States,California,Long Beach,90802,Southern California,33.771148,-118.185895
5982-FPVQN,United States,California,San Jose,95113,Bay Area,37.350246,-121.9002
9107-UKCKY,United States,California,Los Angeles,90012,Southern California,34.078946,-118.240934
4654-ULTTN,United States,California,San Diego,92101,Southern California,32.696321,-117.158855
5550-VFRLC,United States,California,Bakersfield,93301,Central Valley,35.356482,-119.012601
5546-BYZSM,United States,California,Los Angeles,90001,Southern California,33.954803,-118.252006
1492-KGETH,United States,California,San Francisco,94102,Bay Area,37.792048,-122.415957
4929-BSTRX,United States,California,Sacramento,95814,Northern California,38.564449,-121.509249
4163-HFTUK,United States,California,Los Angeles,90001,Southern California,33.979121,-118.238817
8215-NGSPE,United States,California,Los Angeles,90012,Southern California,34.062294,-118.221575
2225-ZRGSG,United States,California,Los Angeles,90012,Southern California,34.047833,-118.253405
8859-YSTWS,United States,California,Los Angeles,90012,Southern California,34.048688,-118.250587
5271-YNWVR,United States,California,Fresno,93721,Central Valley,36.748075,-119.789103
7601-DHFWZ,United States,California,Sacramento,95814,Northern California,38.599039,-121.485868
2657-ALMWY,United States,California,Anaheim,92805,Southern California,33.851967,-117.924388
6330-JKLPC,United States,California,Los Angeles,90001,Southern California,33.969264,-118.249749
4667-OHGKG,United States,California,Los Angeles,90001,Southern California,33.988527,-118.246431
1998-VHJHK,United States,California,Los Angeles,90001,Southern California,33.980133,-118.258283
1707-HABPF,United States,California,San Jose,95113,Bay Area,37.337808,-121.909121
1660-HSOOQ,United States,California,San Diego,92101,Southern California,32.71997,-117.158063
7253-UVNDW,United States,California,San Francisco,94102,Bay Area,37.777219,-122.418098
0487-VVUVK,United States,California,Los Angeles,90001,Southern California,33.958307,-118.258975
7228-OMTPN,United States,California,San Francisco,94110,Bay Area,37.761265,-122.411595
5063-IUOKK,United States,California,Sacramento,95814,Northern California,38.597803,-121.482089
4508-OEBEY,United States,California,San Diego,92101,Southern California,32.725448,-117.165169
0027-KWYKW,United States,California,San Jose,95113,Bay Area,37.333955,-121.875317
2308-STERM,United States,California,Los Angeles,90001,Southern California,33.962115,-118.240575
5982-XMDEX,United States,California,Fresno,93721,Central Valley,36.732973,-119.789193
6284-AHOOQ,United States,California,San Diego,92101,Southern California,32.70241,-117.180712
6051-PTVNS,United States,California,Long Beach,90802,Southern California,33.784015,-118.18726
2344-JMOGN,United States,California,Los Angeles,90001,Southern California,33.958384,-118.245905
3799-ISUZQ,United States,California,Los Angeles,90012,Southern California,34.04705,-118.23997
2877-VDUER,United States,California,Fresno,93721,Central Valley,36.751066,-119.786601
9152-AMKAK,United States,California,San Francisco,94102,Bay Area,37.781431,-122.420907
1794-HBQTJ,United States,California,Long Beach,90802,Southern California,33.77928,-118.193341
9432-VOFYX,United States,California,Sacramento,95814,Northern California,38.577885,-121.513478
8049-WJCLQ,United States,California,San Diego,92101,Southern California,32.710853,-117.173144
6586-PSJOX,United States,California,Los Angeles,90001,Southern California,33.963661,-118.261821
2460-FPSYH,United States,California,Los Angeles,90001,Southern California,33.962276,-118.25854
9705-ZJBCG,United States,California,San Diego,92101,Southern California,32.709958,-117.174625
4818-DRBQT,United States,California,Los Angeles,90012,Southern California,34.048133,-118.236688
1320-HTRDR,United States,California,Los Angeles,90012,Southern California,34.07071,-118.240027
6847-KJLTS,United States,California,San Jose,95113,Bay Area,37.350168,-121.907849
9670-BPNXF,United States,California,San Diego,92101,Southern California,32.731384,-117.166501
3913-FCUUW,United States,California,Los Angeles,90012,Southern California,34.069203,-118.23162
3301-VKTGC,United States,California,Sacramento,95814,Northern California,38.563149,-121.483176
1493-AMTIE,United States,California,Los Angeles,90001,Southern California,33.957633,-118.238794
9555-SAHUZ,United States,California,Long Beach,90802,Southern California,33.771419,-118.184321
0816-TSPHQ,United States,California,San Francisco,94102,Bay Area,37.762997,-122.435755
9932-WBWIK,United States,California,San Francisco,94102,Bay Area,37.797854,-122.433494
4619-EVPHY,United States,California,San Francisco,94102,Bay Area,37.781453,-122.433563
5286-YHCVC,United States,California,Los Angeles,90001,Southern California,33.968466,-118.25281
6424-ELEYH,United States,California,San Diego,92101,Southern California,32.709754,-117.16289
4391-RESHN,United States,California,Los Angeles,90012,Southern California,34.053227,-118.225149
9115-YQHGA,United States,California,Los Angeles,90001,Southern California,33.98786,-118.240032
4462-CYWMH,United States,California,San Francisco,94110,Bay Area,37.734577,-122.430924
8963-MQVYN,United States,California,Sacramento,95814,Northern California,38.596337,-121.478693
2458-EOMRE,United States,California,Los Angeles,90001,Southern California,33.965621,-118.230657
9334-GWGOW,United States,California,Los Angeles,90012,Southern California,34.079113,-118.257858
6821-BUXUX,United States,California,San Diego,92101,Southern California,32.714106,-117.150142
5028-HTLJB,United States,California,Fresno,93721,Central Valley,36.736389,-119.804169
9801-GDWGV,United States,California,Los Angeles,90001,Southern California,33.981857,-118.229458
6542-LWGXJ,United States,California,Long Beach,90802,Southern California,33.767112,-118.2042
5567-GZKQY,United States,California,Los Angeles,90001,Southern California,33.966251,-118.246195
1222-LRYKO,United States,California,San Diego,92101,Southern California,32.720402,-117.14736
2320-JRSDE,United States,California,Oakland,94612,Bay Area,37.818762,-122.267514
2087-QAREY,United States,California,San Jose,95113,Bay Area,37.345423,-121.901532
0601-WZHJF,United States,California,Los Angeles,90012,Southern California,34.079188,-118.247625
4423-JWZJN,United States,California,Los Angeles,90012,Southern California,34.068411,-118.231161
5143-WMWOG,United States,California,Oakland,94612,Bay Area,37.808978,-122.266575
6490-FGZAT,United States,California,Anaheim,92805,Southern California,33.82144,-117.894415
5393-RXQSZ,United States,California,San Francisco,94102,Bay Area,37.786507,-122.42803
7452-FOLON,United States,California,Los Angeles,90001,Southern California,33.957467,-118.246907
2320-TZRRH,United States,California,Los Angeles,90012,Southern California,34.079262,-118.255547
0231-LXVAP,United States,California,Oakland,94612,Bay Area,37.82346,-122.254912
9444-JTXHZ,United States,California,Long Beach,90802,Southern California,33.751034,-118.20155
4942-VZZOM,United States,California,Oakland,94612,Bay Area,37.806199,-122.284332
5510-BOIUJ,United States,California,Sacramento,95814,Northern California,38.562002,-121.500637
7502-BNYGS,United States,California,Anaheim,92805,Southern California,33.838993,-117.895775
4291-HYEBC,United States,California,San Francisco,94110,Bay Area,37.764361,-122.430805
6147-CBCRA,United States,California,San Francisco,94102,Bay Area,37.790863,-122.402344
6047-SUHPR,United States,California,Bakersfield,93301,Central Valley,35.370751,-119.020681
4471-KXAUH,United States,California,Sacramento,95814,Northern California,38.580665,-121.484914
9752-ZNQUT,United States,California,Oakland,94612,Bay Area,37.812301,-122.271103
7638-QVMVY,United States,California,San Francisco,94110,Bay Area,37.744785,-122.41562
1576-PFZIW,United States,California,Los Angeles,90001,Southern California,33.968147,-118.25143
5666-MBJPT,United States,California,Los Angeles,90001,Southern California,33.964137,-118.22935
7312-XSBAT,United States,California,San Francisco,94102,Bay Area,37.77969,-122.400631
3096-GKWEB,United States,California,Anaheim,92805,Southern California,33.823194,-117.900064
2371-JQHZZ,United States,California,San Francisco,94110,Bay Area,37.743837,-122.427836
0674-GCDXG,United States,California,San Francisco,94102,Bay Area,37.774153,-122.430271
1121-QSIVB,United States,California,Los Angeles,90001,Southern California,33.993009,-118.230209
4396-KLSEH,United States,California,Fresno,93721,Central Valley,36.749412,-119.776619
3244-DCJWY,United States,California,San Francisco,94102,Bay Area,37.785279,-122.428082
2824-MYYBN,United States,California,Anaheim,92805,Southern California,33.850354,-117.906662
0875-CABNR,United States,California,San Jose,95113,Bay Area,37.325903,-121.881344
6345-HOVES,United States,California,Oakland,94612,Bay Area,37.789829,-122.283758
8318-LCNBW,United States,California,Sacramento,95814,Northern California,38.569043,-121.509265
6469-QJKZW,United States,California,San Francisco,94102,Bay Area,37.798767,-122.400322
0147-ESWWR,United States,California,Los Angeles,90001,Southern California,33.976517,-118.251185
1217-VASWC,United States,California,San Francisco,94102,Bay Area,37.787082,-122.436117
7812-FZHPE,United States,California,Sacramento,95814,Northern California,38.569424,-121.511236
6370-ZVHDV,United States,California,Oakland,94612,Bay Area,37.816634,-122.255573
5915-DGNVC,United States,California,Los Angeles,90012,Southern California,34.04788,-118.253999
6260-XLACS,United States,California,Bakersfield,93301,Central Valley,35.385183,-119.032709
3566-CAAYU,United States,California,Long Beach,90802,Southern California,33.758476,-118.193333
4983-CCWMC,United States,California,San Francisco,94102,Bay Area,37.792306,-122.401039
9103-CXVOK,United States,California,San Francisco,94110,Bay Area,37.768544,-122.396496
2896-TBNBE,United States,California,Long Beach,90802,Southern California,33.756283,-118.190412
4797-AXPXK,United States,California,Oakland,94612,Bay Area,37.809402,-122.277002
5229-PRWKT,United States,California,San Francisco,94110,Bay Area,37.769181,-122.402143
6982-UQZLY,United States,California,Los Angeles,90001,Southern California,33.969685,-118.238645
2522-WLNSF,United States,California,Los Angeles,90012,Southern California,34.079019,-118.243976
3841-CONLJ,United States,California,San Francisco,94102,Bay Area,37.786536,-122.435264
5057-LCOUI,United States,California,San Jose,95113,Bay Area,37.343713,-121.872464
0193-ESZXP,United States,California,San Diego,92101,Southern California,32.731649,-117.153351
4475-NVTLU,United States,California,Long Beach,90802,Southern California,33.77101,-118.209876
4369-HTUIF,United States,California,Los Angeles,90012,Southern California,34.047633,-118.243642
9386-LDCZR,United States,California,Anaheim,92805,Southern California,33.854905,-117.907871
9585-KKMFD,United States,California,Long Beach,90802,Southern California,33.755422,-118.205927
5399-ZIMKF,United States,California,San Diego,92101,Southern California,32.711432,-117.157632
0336-KXKFK,United States,California,Fresno,93721,Central Valley,36.744743,-119.782186
5619-XZZKR,United States,California,Oakland,94612,Bay Area,37.801199,-122.2839
3948-FVVRP,United States,California,San Diego,92101,Southern California,32.707126,-117.159371
5327-XOKKY,United States,California,Los Angeles,90012,Southern California,34.06775,-118.244638
0983-TATYJ,United States,California,San Diego,92101,Southern California,32.726028,-117.163198
1813-JYWTO,United States,California,Fresno,93721,Central Valley,36.731414,-119.795163
0156-FVPTA,United States,California,Fresno,93721,Central Valley,36.756512,-119.792519
1984-FCOWB,United States,California,Bakersfield,93301,Central Valley,35.377987,-119.020555
0654-HMSHN,United States,California,San Francisco,94110,Bay Area,37.7617,-122.40057
6719-OXYBR,United States,California,Long Beach,90802,Southern California,33.762884,-118.194549
3312-ZWLGF,United States,California,Los Angeles,90001,Southern California,33.987065,-118.233275
6476-YHMGA,United States,California,San Diego,92101,Southern California,32.734122,-117.181088
5287-QWLKY,United States,California,San Diego,92101,Southern California,32.723871,-117.161904
0795-XCCTE,United States,California,Los Angeles,90001,Southern California,33.972858,-118.255058
0168-XZKBB,United States,California,Los Angeles,90012,Southern California,34.073554,-118.242615
3785-NRHYR,United States,California,San Francisco,94102,Bay Area,37.769667,-122.420979
5196-SGOAK,United States,California,Los Angeles,90001,Southern California,33.954965,-118.254167
4537-DKTAL,United States,California,San Francisco,94102,Bay Area,37.775582,-122.438792
7072-MBHEV,United States,California,Los Angeles,90001,Southern California,33.957085,-118.25055
5602-BVFMK,United States,California,Los Angeles,90012,Southern California,34.07111,-118.237958
6297-NOOPG,United States,California,San Diego,92101,Southern California,32.731706,-117.155287
1891-UAWWU,United States,California,Los Angeles,90012,Southern California,34.07013,-118.239844
8204-TIFGJ,United States,California,Anaheim,92805,Southern California,33.823254,-117.904258
8050-DVOJX,United States,California,Fresno,93721,Central Valley,36.738786,-119.767914
6108-OQZDQ,United States,California,Los Angeles,90012,Southern California,34.047158,-118.218931
0363-QJVFX,United States,California,San Francisco,94102,Bay Area,37.776966,-122.400571
8903-XEBGX,United States,California,San Francisco,94102,Bay Area,37.760147,-122.412935
8169-SAEJD,United States,California,Oakland,94612,Bay Area,37.814476,-122.288997
9840-DVNDC,United States,California,Los Angeles,90012,Southern California,34.069949,-118.22199
1089-XZWHH,United States,California,San Jose,95113,Bay Area,37.316644,-121.890385
2325-WINES,United States,California,Sacramento,95814,Northern California,38.601255,-121.486561
6064-ZATLR,United States,California,San Francisco,94102,Bay Area,37.79446,-122.420934
3096-JRDSO,United States,California,Fresno,93721,Central Valley,36.751378,-119.77725
7824-PANSQ,United States,California,Bakersfield,93301,Central Valley,35.375734,-119.013828
8042-JVNFH,United States,California,Los Angeles,90001,Southern California,33.973612,-118.228224
9648-BCHKM,United States,California,Los Angeles,90001,Southern California,33.963989,-118.267575
2888-ADFAO,United States,California,Los Angeles,90001,Southern California,33.969375,-118.25263
8707-HOEDG,United States,California,Los Angeles,90001,Southern California,33.964246,-118.261732
3374-LXDEV,United States,California,San Francisco,94110,Bay Area,37.761279,-122.415149
4072-IPYLT,United States,California,Long Beach,90802,Southern California,33.770425,-118.202214
7167-PCEYD,United States,California,Los Angeles,90012,Southern California,34.065314,-118.236868
4936-YPJNK,United States,California,Long Beach,90802,Southern California,33.762324,-118.177623
1580-BMCMR,United States,California,Los Angeles,90012,Southern California,34.075756,-118.25121
4817-KEQSP,United States,California,Bakersfield,93301,Central Valley,35.357705,-119.029295
6408-WHTEF,United States,California,Los Angeles,90001,Southern California,33.955447,-118.257853
9251-AWQGT,United States,California,Long Beach,90802,Southern California,33.780783,-118.179685
8749-CLJXC,United States,California,Los Angeles,90001,Southern California,33.961318,-118.266038
7989-VCQOH,United States,California,San Francisco,94102,Bay Area,37.779872,-122.430383
5049-GLYVG,United States,California,Los Angeles,90001,Southern California,33.986281,-118.249067
4199-QHJNM,United States,California,Anaheim,92805,Southern California,33.824551,-117.899292
8882-TLVRW,United States,California,Anaheim,92805,Southern California,33.817899,-117.90466
5883-GTGVD,United States,California,Oakland,94612,Bay Area,37.806823,-122.273067
5135-GRQJV,United States,California,San Jose,95113,Bay Area,37.336609,-121.879981
2384-OVPSA,United States,California,Los Angeles,90012,Southern California,34.05603,-118.227607
1371-WEPDS,United States,California,San Diego,92101,Southern California,32.716217,-117.172362
3580-GICBM,United States,California,San Francisco,94102,Bay Area,37.76759,-122.402204
4817-QRJSX,United States,California,San Diego,92101,Southern California,32.732026,-117.14192
9730-DRTMJ,United States,California,Los Angeles,90001,Southern California,33.975147,-118.228338
4686-UXDML,United States,California,San Diego,92101,Southern California,32.695752,-117.163027
3349-ANQNH,United States,California,Los Angeles,90001,Southern California,33.953628,-118.243213
2398-YPMUR,United States,California,San Jose,95113,Bay Area,37.333219,-121.905358
0932-YIXYU,United States,California,San Francisco,94102,Bay Area,37.77763,-122.405393
7480-SPLEF,United States,California,Los Angeles,90001,Southern California,33.973062,-118.253335
7636-XUHWW,United States,California,San Francisco,94102,Bay Area,37.792494,-122.406948
1431-CYWMH,United States,California,San Francisco,94102,Bay Area,37.792759,-122.400057
5937-EORGB,United States,California,San Francisco,94110,Bay Area,37.741541,-122.423908
6349-JDHQP,United States,California,Los Angeles,90001,Southern California,33.968011,-118.264443
5539-HIVAK,United States,California,San Francisco,94110,Bay Area,37.734029,-122.432001
5847-MXBEO,United States,California,San Francisco,94110,Bay Area,37.745715,-122.406936
9985-MWVIX,United States,California,Los Angeles,90001,Southern California,33.979928,-118.244171
4583-PARNH,United States,California,Fresno,93721,Central Valley,36.733992,-119.78069
1116-FRYVH,United States,California,Sacramento,95814,Northern California,38.563778,-121.504337
1421-HCERK,United States,California,San Jose,95113,Bay Area,37.349935,-121.908513
9633-XQABV,United States,California,San Francisco,94110,Bay Area,37.733005,-122.427051
0716-BQNDX,United States,California,Los Angeles,90012,Southern California,34.0691,-118.224845
1265-XTECC,United States,California,San Francisco,94102,Bay Area,37.784752,-122.43664
1183-CANVH,United States,California,Los Angeles,90012,Southern California,34.048692,-118.250956
1972-XMUWV,United States,California,San Jose,95113,Bay Area,37.329098,-121.8951
8679-LZBMD,United States,California,San Francisco,94110,Bay Area,37.731924,-122.413113
3407-JMJQQ,United States,California,San Francisco,94110,Bay Area,37.761428,-122.405558
6252-DFGTK,United States,California,Los Angeles,90001,Southern California,33.991066,-118.262287
1539-LNKHM,United States,California,Los Angeles,90012,Southern California,34.066236,-118.254146
8645-KOMJQ,United States,California,Los Angeles,90001,Southern California,33.980615,-118.24296
0289-IVARM,United States,California,San Francisco,94102,Bay Area,37.78393,-122.422868
9761-XUJWD,United States,California,Bakersfield,93301,Central Valley,35.377021,-119.027808
4057-FKCZK,United States,California,San Francisco,94110,Bay Area,37.757952,-122.413786
4291-TPNFG,United States,California,Los Angeles,90012,Southern California,34.042423,-118.253195
6087-YPWHO,United States,California,Los Angeles,90012,Southern California,34.055309,-118.236822
3090-QFUVD,United States,California,San Jose,95113,Bay Area,37.339704,-121.882619
2237-ZFSMY,United States,California,Long Beach,90802,Southern California,33.756057,-118.174561
1722-LDZJS,United States,California,Los Angeles,90012,Southern California,34.045569,-118.233542
1818-ESQMW,United States,California,San Diego,92101,Southern California,32.701691,-117.149223
4871-JTKJF,United States,California,Bakersfield,93301,Central Valley,35.361532,-119.032381
1415-YFWLT,United States,California,Los Angeles,90001,Southern California,33.987904,-118.237925
7401-RUBNK,United States,California,San Francisco,94110,Bay Area,37.762834,-122.41428
0506-YLVKJ,United States,California,Los Angeles,90001,Southern California,33.975426,-118.25659
8661-BOYNW,United States,California,Los Angeles,90012,Southern California,34.06972,-118.228776
6711-VTNRE,United States,California,Sacramento,95814,Northern California,38.600897,-121.490518
4815-GBTCD,United States,California,Los Angeles,90012,Southern California,34.044112,-118.25593
2805-AUFQN,United States,California,Los Angeles,90001,Southern California,33.976364,-118.241714
0980-PVMRC,United States,California,Anaheim,92805,Southern California,33.855972,-117.89841
7233-DRTRF,United States,California,Sacramento,95814,Northern California,38.582356,-121.485022
3500-RMZLT,United States,California,Los Angeles,90001,Southern California,33.981445,-118.237025
3873-NFTGI,United States,California,Los Angeles,90001,Southern California,33.981354,-118.23023
1162-ECVII,United States,California,San Diego,92101,Southern California,32.733775,-117.148682
7048-GXDAY,United States,California,San Diego,92101,Southern California,32.733727,-117.162507
8571-ZCMCX,United States,California,Los Angeles,90001,Southern California,33.984644,-118.229868
1169-WCVAK,United States,California,Los Angeles,90012,Southern California,34.074405,-118.242551
4548-SDBKE,United States,California,Fresno,93721,Central Valley,36.720362,-119.796707
8066-POXGX,United States,California,Oakland,94612,Bay Area,37.804365,-122.274333
7129-CAKJW,United States,California,Los Angeles,90001,Southern California,33.984882,-118.246986
8695-ARGXZ,United States,California,Bakersfield,93301,Central Valley,35.377628,-119.003149
3570-YUEKJ,United States,California,Los Angeles,90001,Southern California,33.955379,-118.245476
4143-OOBWZ,United States,California,San Francisco,94110,Bay Area,37.768916,-122.419794
1555-HAPSU,United States,California,San Jose,95113,Bay Area,37.315208,-121.905338
1697-NVVGY,United States,California,Los Angeles,90012,Southern California,34.057173,-118.243401
7854-EKTJL,United States,California,Los Angeles,90001,Southern California,33.978176,-118.247623
8464-EETCQ,United States,California,San Jose,95113,Bay Area,37.338825,-121.876259
2419-FSORS,United States,California,Los Angeles,90012,Southern California,34.052758,-118.226101
8132-YPVBX,United States,California,Los Angeles,90001,Southern California,33.959439,-118.233207
9102-IAYHT,United States,California,Los Angeles,90001,Southern California,33.974735,-118.243433
6754-LZUKA,United States,California,Los Angeles,90012,Southern California,34.07074,-118.236898
3422-LYEPQ,United States,California,Long Beach,90802,Southern California,33.758512,-118.210902
8099-MZPUJ,United States,California,Los Angeles,90001,Southern California,33.979053,-118.233468
0787-LHDYT,United States,California,Los Angeles,90012,Southern California,34.046597,-118.242762
2642-DTVCO,United States,California,San Francisco,94102,Bay Area,37.79592,-122.430688
0374-IOEGQ,United States,California,San Francisco,94110,Bay Area,37.742885,-122.399498
4361-JEIVL,United States,California,San Diego,92101,Southern California,32.734907,-117.141259
3197-NNYNB,United States,California,Los Angeles,90001,Southern California,33.971862,-118.248277
3396-DKDEL,United States,California,San Jose,95113,Bay Area,37.339631,-121.878633
1752-OZXFY,United States,California,Bakersfield,93301,Central Valley,35.37511,-119.020599
9066-QRSDU,United States,California,Los Angeles,90001,Southern California,33.967421,-118.252824
9112-WSNPU,United States,California,Bakersfield,93301,Central Valley,35.381682,-119.016627
9867-NNXLC,United States,California,San Diego,92101,Southern California,32.713395,-117.165924
5321-NTRKC,United States,California,San Jose,95113,Bay Area,37.317137,-121.881336
1363-TXLSL,United States,California,Los Angeles,90001,Southern California,33.992363,-118.232251
9507-EXLTT,United States,California,San Jose,95113,Bay Area,37.316187,-121.892789
3161-GETRM,United States,California,San Francisco,94102,Bay Area,37.78592,-122.43133
0402-OAMEN,United States,California,Oakland,94612,Bay Area,37.812776,-122.289402
6933-VLYFX,United States,California,Los Angeles,90012,Southern California,34.077037,-118.256423
6754-WKSHP,United States,California,San Francisco,94110,Bay Area,37.739871,-122.411523
9846-GKXAS,United States,California,San Francisco,94110,Bay Area,37.752935,-122.423207
6017-PPLPX,United States,California,Los Angeles,90012,Southern California,34.072302,-118.225092
4976-LNFVV,United States,California,San Francisco,94110,Bay Area,37.741982,-122.419365
5055-MGMGF,United States,California,Los Angeles,90001,Southern California,33.965632,-118.267014
4641-FROLU,United States,California,San Francisco,94102,Bay Area,37.783054,-122.406633
2862-JVEOY,United States,California,Los Angeles,90001,Southern California,33.979949,-118.266268
2969-QWUBZ,United States,California,Los Angeles,90012,Southern California,34.045037,-118.25276
9822-BIIGN,United States,California,San Jose,95113,Bay Area,37.347648,-121.892743
2077-MPJQO,United States,California,Bakersfield,93301,Central Valley,35.384862,-119.019689
1534-OULXE,United States,California,San Francisco,94110,Bay Area,37.76378,-122.434829
7136-RVDTZ,United States,California,San Jose,95113,Bay Area,37.342341,-121.877903
2971-SGAFL,United States,California,Sacramento,95814,Northern California,38.561939,-121.511369
1480-IVEVR,United States,California,Sacramento,95814,Northern California,38.578981,-121.506227
2905-KFQUV,United States,California,San Diego,92101,Southern California,32.71848,-117.173963
4581-SSPWD,United States,California,Bakersfield,93301,Central Valley,35.387632,-119.004468
3370-HXOPH,United States,California,Los Angeles,90001,Southern California,33.981433,-118.241046
9391-YZEJW,United States,California,Los Angeles,90001,Southern California,33.977908,-118.248377
9958-MEKUC,United States,California,San Francisco,94102,Bay Area,37.773275,-122.437442
0281-CNTZX,United States,California,San Francisco,94110,Bay Area,37.769077,-122.42242
6927-WTFIV,United States,California,Sacramento,95814,Northern California,38.599127,-121.495411
4118-CEVPF,United States,California,Los Angeles,90012,Southern California,34.078444,-118.220863
3398-ZOUAA,United States,California,San Jose,95113,Bay Area,37.322542,-121.900027
9114-VEPUF,United States,California,Los Angeles,90001,Southern California,33.991564,-118.246545
7876-BEUTG,United States,California,San Francisco,94110,Bay Area,37.743973,-122.402373
2338-BQEZT,United States,California,Los Angeles,90001,Southern California,33.992425,-118.249593
9873-MNDKV,United States,California,Los Angeles,90001,Southern California,33.990103,-118.250869
0378-NHQXU,United States,California,San Francisco,94102,Bay Area,37.793813,-122.424281
8241-JUIQO,United States,California,Los Angeles,90012,Southern California,34.066142,-118.244444
2194-IIQOF,United States,California,Sacramento,95814,Northern California,38.568885,-121.508388
4512-ZUIYL,United States,California,San Diego,92101,Southern California,32.710844,-117.146934
9631-RXVJM,United States,California,Sacramento,95814,Northern California,38.572949,-121.487936
9584-EXCDZ,United States,California,Los Angeles,90001,Southern California,33.973963,-118.233327
7969-AULMZ,United States,California,Sacramento,95814,Northern California,38.580778,-121.507965
5093-FEGLU,United States,California,Los Angeles,90001,Southern California,33.99,-118.240296
2621-UDNLU,United States,California,Los Angeles,90001,Southern California,33.977191,-118.251952
7526-IVLYU,United States,California,San Francisco,94110,Bay Area,37.737762,-122.418707
2428-HYUNX,United States,California,San Jose,95113,Bay Area,37.319,-121.884421
9214-EKVXR,United States,California,Los Angeles,90001,Southern California,33.963806,-118.262694
3410-MHHUM,United States,California,San Jose,95113,Bay Area,37.329862,-121.905646
0568-ONFPC,United States,California,Los Angeles,90012,Southern California,34.04182,-118.249966
0733-VUNUW,United States,California,Sacramento,95814,Northern California,38.579188,-121.509124
4550-EVXNY,United States,California,Oakland,94612,Bay Area,37.804502,-122.28733
2122-YWVYA,United States,California,Fresno,93721,Central Valley,36.726843,-119.774714
2968-SSGAA,United States,California,Los Angeles,90001,Southern California,33.96696,-118.246016
2296-DKZFP,United States,California,Sacramento,95814,Northern California,38.568623,-121.514001
4844-JJWUY,United States,California,Los Angeles,90012,Southern California,34.071094,-118.221502
6777-TGHTM,United States,California,Los Angeles,90012,Southern California,34.062801,-118.248074
8909-BOLNL,United States,California,San Francisco,94102,Bay Area,37.765727,-122.420972
6603-YRDCJ,United States,California,San Jose,95113,Bay Area,37.346348,-121.874814
3538-WZPHD,United States,California,Los Angeles,90001,Southern California,33.967566,-118.248357
3229-USWAR,United States,California,Los Angeles,90001,Southern California,33.967175,-118.242323
2138-VFAPZ,United States,California,Fresno,93721,Central Valley,36.738741,-119.799098
6131-JLWZM,United States,California,San Jose,95113,Bay Area,37.347844,-121.895532
4785-QRJHC,United States,California,San Francisco,94110,Bay Area,37.745895,-122.422191
0269-XFESX,United States,California,Los Angeles,90012,Southern California,34.05115,-118.255168
1709-EJDOX,United States,California,San Jose,95113,Bay Area,37.337077,-121.898073
4316-XCSLJ,United States,California,Los Angeles,90001,Southern California,33.979416,-118.249554
8610-WFCJF,United States,California,Los Angeles,90001,Southern California,33.96896,-118.257113
9693-XMUOB,United States,California,Los Angeles,90001,Southern California,33.965713,-118.240849
0383-CLDDA,United States,California,Anaheim,92805,Southern California,33.821125,-117.902004
4905-JEFDW,United States,California,San Francisco,94102,Bay Area,37.771493,-122.409899
2709-UQGNP,United States,California,San Francisco,94102,Bay Area,37.79586,-122.414881
3549-ZTMNH,United States,California,Los Angeles,90001,Southern California,33.969009,-118.238955
7881-INRLC,United States,California,Los Angeles,90001,Southern California,33.992425,-118.243432
8033-ATFAS,United States,California,San Francisco,94102,Bay Area,37.79501,-122.405035
1635-NZATJ,United States,California,Los Angeles,90012,Southern California,34.048374,-118.243072
0562-HKHML,United States,California,Los Angeles,90012,Southern California,34.071546,-118.237115
8277-RVRSV,United States,California,Los Angeles,90012,Southern California,34.053002,-118.250477
9943-VSZUV,United States,California,Long Beach,90802,Southern California,33.779132,-118.211723
0117-LFRMW,United States,California,Sacramento,95814,Northern California,38.588826,-121.47966
6172-FECYY,United States,California,San Diego,92101,Southern California,32.731176,-117.152797
7054-ENNGU,United States,California,Los Angeles,90001,Southern California,33.989058,-118.229559
1455-HFBXA,United States,California,Los Angeles,90001,Southern California,33.981666,-118.229192
9402-CXWPL,United States,California,Los Angeles,90012,Southern California,34.061731,-118.233853
1628-BIZYP,United States,California,San Francisco,94102,Bay Area,37.768963,-122.404621
1965-AKTSX,United States,California,San Francisco,94110,Bay Area,37.757611,-122.410925
0082-LDZUE,United States,California,San Jose,95113,Bay Area,37.319158,-121.87097
4786-UKSNZ,United States,California,Los Angeles,90012,Southern California,34.072237,-118.238509
5343-SGUBI,United States,California,San Francisco,94102,Bay Area,37.759741,-122.438486
0856-NAOES,United States,California,San Jose,95113,Bay Area,37.315622,-121.901504
1976-AZZPJ,United States,California,Los Angeles,90001,Southern California,33.980989,-118.255251
7248-VZQLC,United States,California,Sacramento,95814,Northern California,38.594815,-121.476751
6156-UZDLF,United States,California,San Jose,95113,Bay Area,37.329413,-121.888507
3099-OONVS,United States,California,Los Angeles,90001,Southern California,33.965304,-118.241217
9500-WBGRP,United States,California,Sacramento,95814,Northern California,38.599965,-121.481848
5183-KLYEM,United States,California,San Jose,95113,Bay Area,37.316758,-121.903429
5144-PQCDZ,United States,California,Anaheim,92805,Southern California,33.835403,-117.907846
8514-VZHEB,United States,California,Los Angeles,90001,Southern California,33.987645,-118.243955
6625-IUTTT,United States,California,Los Angeles,90012,Southern California,34.066252,-118.241659
9355-NPPFS,United States,California,San Francisco,94102,Bay Area,37.790785,-122.399339
0068-FIGTF,United States,California,San Francisco,94110,Bay Area,37.735694,-122.397876
5965-GGPRW,United States,California,Long Beach,90802,Southern California,33.764615,-118.210675
8035-PWSEV,United States,California,San Francisco,94102,Bay Area,37.782825,-122.423815
2236-HILPA,United States,California,Los Angeles,90001,Southern California,33.992488,-118.24954
1840-BIUOG,United States,California,Los Angeles,90001,Southern California,33.976055,-118.250131
1356-MKYSK,United States,California,Los Angeles,90001,Southern California,33.953572,-118.237401
6080-LNESI,United States,California,Los Angeles,90001,Southern California,33.964624,-118.256578
1830-IPXVJ,United States,California,Los Angeles,90012,Southern California,34.041914,-118.219962
5828-DWPIL,United States,California,San Francisco,94102,Bay Area,37.766024,-122.405228
8398-TBIYD,United States,California,San Francisco,94102,Bay Area,37.770891,-122.426411
0011-IGKFF,United States,California,Anaheim,92805,Southern California,33.850068,-117.928488
4192-GORJT,United States,California,San Francisco,94102,Bay Area,37.7923,-122.421436
6496-SLWHQ,United States,California,Sacramento,95814,Northern California,38.586503,-121.48354
9912-GVSEQ,United States,California,San Francisco,94102,Bay Area,37.780038,-122.403936
2931-FSOHN,United States,California,Oakland,94612,Bay Area,37.80145,-122.262146
9418-RUKPH,United States,California,San Francisco,94110,Bay Area,37.740004,-122.41427
5383-MMTWC,United States,California,San Francisco,94102,Bay Area,37.769663,-122.414709
9971-ZWPBF,United States,California,Los Angeles,90001,Southern California,33.992611,-118.23248
4712-AUQZO,United States,California,Los Angeles,90012,Southern California,34.070655,-118.23265
9711-FJTBX,United States,California,San Diego,92101,Southern California,32.734003,-117.149082
2908-ZTPNF,United States,California,Fresno,93721,Central Valley,36.744244,-119.789801
7240-ETPTR,United States,California,Los Angeles,90012,Southern California,34.063469,-118.243662
2202-CUYXZ,United States,California,Los Angeles,90012,Southern California,34.069534,-118.226422
5995-OIGLP,United States,California,Los Angeles,90012,Southern California,34.059634,-118.232567
8421-WZOOW,United States,California,San Diego,92101,Southern California,32.703468,-117.178823
6261-RCVNS,United States,California,Long Beach,90802,Southern California,33.785092,-118.202894
7951-QKZPL,United States,California,Los Angeles,90001,Southern California,33.965493,-118.260483
1414-YADCW,United States,California,Los Angeles,90012,Southern California,34.064039,-118.256514
8756-RDDLT,United States,California,Long Beach,90802,Southern California,33.786774,-118.180196
2862-PFNIK,United States,California,Los Angeles,90012,Southern California,34.053521,-118.227573
5816-QVHRX,United States,California,Los Angeles,90001,Southern California,33.962622,-118.249733
4430-YHXGG,United States,California,Los Angeles,90001,Southern California,33.954142,-118.230143
6888-SBYAI,United States,California,San Francisco,94110,Bay Area,37.759449,-122.396592
7395-XWZOY,United States,California,San Francisco,94102,Bay Area,37.787448,-122.430036
7169-YWAMK,United States,California,Sacramento,95814,Northern California,38.564291,-121.505046
3640-PHQXK,United States,California,San Jose,95113,Bay Area,37.324938,-121.895325
6877-LGWXO,United States,California,San Diego,92101,Southern California,32.734367,-117.14909
6859-RKMZJ,United States,California,San Francisco,94102,Bay Area,37.78126,-122.43629
2729-VNVAP,United States,California,San Jose,95113,Bay Area,37.327555,-121.87479
2957-JIRMN,United States,California,Sacramento,95814,Northern California,38.585078,-121.480964
2049-BAFNW,United States,California,San Diego,92101,Southern California,32.714328,-117.153962
3842-QTGDL,United States,California,San Diego,92101,Southern California,32.69631,-117.14234
7163-OCEQI,United States,California,San Francisco,94110,Bay Area,37.765532,-122.428455
9782-LGXMC,United States,California,San Francisco,94102,Bay Area,37.77567,-122.439119
5975-BAICR,United States,California,Los Angeles,90001,Southern California,33.968144,-118.263427
8019-ENHXU,United States,California,Sacramento,95814,Northern California,38.583153,-121.478512
5167-GBFRE,United States,California,San Francisco,94102,Bay Area,37.788867,-122.404914
9033-EOXWV,United States,California,Oakland,94612,Bay Area,37.823093,-122.264077
4673-KKSLS,United States,California,San Diego,92101,Southern California,32.718635,-117.148479
4853-OITSN,United States,California,Fresno,93721,Central Valley,36.723299,-119.772877
9800-OUIGR,United States,California,Los Angeles,90012,Southern California,34.059842,-118.244725
1324-NLTJE,United States,California,Los Angeles,90001,Southern California,33.967909,-118.227981
2324-EFHVG,United States,California,Los Angeles,90012,Southern California,34.04621,-118.240385
7094-MSZAO,United States,California,San Diego,92101,Southern California,32.709767,-117.161559
1522-VVDMG,United States,California,Sacramento,95814,Northern California,38.568516,-121.497061
6907-CQGPN,United States,California,Bakersfield,93301,Central Valley,35.36302,-119.022923
0780-XNZFN,United States,California,Los Angeles,90012,Southern California,34.045556,-118.246651
0239-OXEXL,United States,California,Los Angeles,90012,Southern California,34.064634,-118.255776
2675-IJRGJ,United States,California,San Diego,92101,Southern California,32.696389,-117.147729
7049-GKVZY,United States,California,Sacramento,95814,Northern California,38.584953,-121.512308
8577-QSOCG,United States,California,Los Angeles,90001,Southern California,33.968857,-118.24744
3721-CNZHX,United States,California,Los Angeles,90001,Southern California,33.96595,-118.236464
0212-ISBBF,United States,California,San Francisco,94102,Bay Area,37.761823,-122.425016
9185-TQCVP,United States,California,San Francisco,94110,Bay Area,37.73569,-122.410422
3585-YNADK,United States,California,Fresno,93721,Central Valley,36.731547,-119.80524
5271-DBYSJ,United States,California,Los Angeles,90012,Southern California,34.081109,-118.256771
1099-GODLO,United States,California,San Jose,95113,Bay Area,37.333558,-121.904449
6828-HMKWP,United States,California,Fresno,93721,Central Valley,36.74808,-119.794312
5567-WSELE,United States,California,San Francisco,94102,Bay Area,37.784042,-122.40072
1472-TNCWL,United States,California,Long Beach,90802,Southern California,33.761308,-118.194955
8063-RJYNF,United States,California,Los Angeles,90001,Southern California,33.990075,-118.232486
0687-ZVTHB,United States,California,San Jose,95113,Bay Area,37.32688,-121.881618
2080-GKCWQ,United States,California,Los Angeles,90012,Southern California,34.048775,-118.251371
9661-ACXBS,United States,California,Los Angeles,90001,Southern California,33.983283,-118.244499
2193-SFWQW,United States,California,Los Angeles,90001,Southern California,33.982314,-118.263092
5656-JAMLX,United States,California,San Diego,92101,Southern California,32.719722,-117.175792
3462-BJQQA,United States,California,Sacramento,95814,Northern California,38.586982,-121.48575
0442-TDYUO,United States,California,Sacramento,95814,Northern California,38.581938,-121.47625
6733-LRIZX,United States,California,Los Angeles,90012,Southern California,34.055551,-118.235543
9503-XJUME,United States,California,San Diego,92101,Southern California,32.724186,-117.142559
4367-NHWMM,United States,California,San Francisco,94102,Bay Area,37.761984,-122.40354
3727-RJMEO,United States,California,San Diego,92101,Southern California,32.72786,-117.158606
3779-OSWCF,United States,California,San Francisco,94102,Bay Area,37.781493,-122.400084
6736-DHUQI,United States,California,San Francisco,94102,Bay Area,37.795858,-122.42745
3915-ODIYG,United States,California,San Jose,95113,Bay Area,37.328001,-121.895151
1360-RCYRT,United States,California,Long Beach,90802,Southern California,33.764922,-118.179592
2724-FJDYW,United States,California,Los Angeles,90001,Southern California,33.975343,-118.255852
4451-RWASJ,United States,California,Los Angeles,90001,Southern California,33.981206,-118.248296
6646-VRFOL,United States,California,San Francisco,94102,Bay Area,37.783825,-122.430824
3460-TJBWI,United States,California,Sacramento,95814,Northern California,38.575786,-121.507922
5917-HBSDW,United States,California,San Francisco,94110,Bay Area,37.746563,-122.434952
5685-IIXLY,United States,California,Los Angeles,90001,Southern California,33.991548,-118.26032
5671-UUNXD,United States,California,San Francisco,94102,Bay Area,37.796765,-122.434705
0956-ACVZC,United States,California,Los Angeles,90001,Southern California,33.975944,-118.240945
2325-NBPZG,United States,California,Los Angeles,90012,Southern California,34.077359,-118.248108
4250-ZBWLV,United States,California,Los Angeles,90001,Southern California,33.989626,-118.252552
4482-FTFFX,United States,California,Fresno,93721,Central Valley,36.750325,-119.799348
8859-DZTGQ,United States,California,Bakersfield,93301,Central Valley,35.387845,-119.035499
0440-MOGPM,United States,California,San Jose,95113,Bay Area,37.342702,-121.884642
0020-JDNXP,United States,California,Los Angeles,90012,Southern California,34.07184,-118.229475
3752-CQSJI,United States,California,San Jose,95113,Bay Area,37.340857,-121.881257
5025-GOOKI,United States,California,San Diego,92101,Southern California,32.718935,-117.161442
4698-KVLLG,United States,California,Los Angeles,90012,Southern California,34.048736,-118.227757
5095-AESKG,United States,California,Los Angeles,90012,Southern California,34.049821,-118.253131
2887-JPYLU,United States,California,San Jose,95113,Bay Area,37.345683,-121.896678
4770-QAZXN,United States,California,San Francisco,94102,Bay Area,37.792898,-122.412735
4896-CPRPF,United States,California,Los Angeles,90012,Southern California,34.053528,-118.224693
1871-MOWRM,United States,California,San Diego,92101,Southern California,32.729145,-117.149427
9714-EDSUC,United States,California,Los Angeles,90001,Southern California,33.985525,-118.265182
2027-OAQQC,United States,California,Los Angeles,90012,Southern California,34.066301,-118.221806
0282-NVSJS,United States,California,Los Angeles,90001,Southern California,33.981896,-118.23201
9090-SGQXL,United States,California,Los Angeles,90001,Southern California,33.992308,-118.241106
6595-YGXIT,United States,California,San Jose,95113,Bay Area,37.338147,-121.896319
7353-YOWFP,United States,California,Fresno,93721,Central Valley,36.721261,-119.805588
9835-ZIITK,United States,California,Oakland,94612,Bay Area,37.818064,-122.275989
8008-ESFLK,United States,California,Sacramento,95814,Northern California,38.563036,-121.488803
7537-CBQUZ,United States,California,San Francisco,94102,Bay Area,37.783287,-122.416455
1555-DJEQW,United States,California,Los Angeles,90001,Southern California,33.972048,-118.260157
5649-TJHOV,United States,California,San Francisco,94102,Bay Area,37.779737,-122.433727
0519-XUZJU,United States,California,Sacramento,95814,Northern California,38.599705,-121.48319
3363-EWLGO,United States,California,Los Angeles,90001,Southern California,33.972603,-118.263455
4750-UKWJK,United States,California,San Francisco,94110,Bay Area,37.758582,-122.43407
6338-AVWCY,United States,California,San Francisco,94102,Bay Area,37.795759,-122.403271
1689-YQBYY,United States,California,Long Beach,90802,Southern California,33.755576,-118.193749
4487-ZYJZK,United States,California,Long Beach,90802,Southern California,33.759396,-118.181585
2959-FENLU,United States,California,San Francisco,94110,Bay Area,37.757838,-122.403106
0708-LGSMF,United States,California,Los Angeles,90012,Southern California,34.070554,-118.235547
9253-QXKBE,United States,California,Fresno,93721,Central Valley,36.754345,-119.781101
7634-HLQJR,United States,California,Long Beach,90802,Southern California,33.754361,-118.187346
0487-RPVUM,United States,California,San Francisco,94110,Bay Area,37.749634,-122.398216
4079-ULGFR,United States,California,Fresno,93721,Central Valley,36.719473,-119.800773
2516-XSJKX,United States,California,Los Angeles,90001,Southern California,33.975638,-118.229833
0057-QBUQH,United States,California,Sacramento,95814,Northern California,38.600249,-121.484084
9445-SZLCH,United States,California,Long Beach,90802,Southern California,33.785724,-118.209841
6599-SFQVE,United States,California,Bakersfield,93301,Central Valley,35.353911,-119.001224
8331-ZXFOE,United States,California,Sacramento,95814,Northern California,38.579561,-121.502736
4003-FUSHP,United States,California,Fresno,93721,Central Valley,36.750559,-119.788044
0356-ERHVT,United States,California,Sacramento,95814,Northern California,38.590525,-121.477619
7325-ENZFI,United States,California,San Francisco,94102,Bay Area,37.78527,-122.428204
4884-ZTHVF,United States,California,Los Angeles,90001,Southern California,33.968232,-118.240698
3920-HIHMQ,United States,California,Bakersfield,93301,Central Valley,35.368927,-119.015016
3055-OYMSE,United States,California,Sacramento,95814,Northern California,38.586811,-121.486203
0613-WUXUM,United States,California,San Francisco,94110,Bay Area,37.741687,-122.406755
7568-PODML,United States,California,Los Angeles,90001,Southern California,33.960088,-118.263607
4458-KVRBJ,United States,California,Los Angeles,90001,Southern California,33.972135,-118.265798
5349-IECLD,United States,California,San Francisco,94102,Bay Area,37.76063,-122.428852
1397-XKKWR,United States,California,San Francisco,94110,Bay Area,37.742195,-122.417073
3945-GFWQL,United States,California,Los Angeles,90012,Southern California,34.043556,-118.253368
8097-OMULG,United States,California,San Diego,92101,Southern California,32.707312,-117.160999
6013-BHCAW,United States,California,Los Angeles,90001,Southern California,33.987339,-118.228474
0401-WDBXM,United States,California,Fresno,93721,Central Valley,36.728842,-119.806903
3387-PLKUI,United States,California,San Jose,95113,Bay Area,37.343629,-121.875038
6096-EGVTU,United States,California,Anaheim,92805,Southern California,33.837593,-117.92445
3797-VTIDR,United States,California,Los Angeles,90001,Southern California,33.962263,-118.239353
5081-NWSUP,United States,California,Los Angeles,90012,Southern California,34.07106,-118.256815
2580-ATZSQ,United States,California,San Diego,92101,Southern California,32.704205,-117.145161
8085-MSNLK,United States,California,Long Beach,90802,Southern California,33.765308,-118.196552
9691-HKOVS,United States,California,Los Angeles,90001,Southern California,33.989957,-118.255187
9881-VCZEP,United States,California,Anaheim,92805,Southern California,33.845759,-117.913792
9526-BIHHD,United States,California,Los Angeles,90001,Southern California,33.955723,-118.258221
8757-TFHHJ,United States,California,Los Angeles,90001,Southern California,33.975713,-118.231353
4523-WXCEF,United States,California,Los Angeles,90012,Southern California,34.072584,-118.234245
1468-DEFNC,United States,California,Los Angeles,90012,Southern California,34.077632,-118.238377
5119-KEPFY,United States,California,Oakland,94612,Bay Area,37.808427,-122.275647
8364-TRMMK,United States,California,San Francisco,94110,Bay Area,37.749977,-122.395683
0916-KNFAJ,United States,California,Oakland,94612,Bay Area,37.790665,-122.252181
8319-QBEHW,United States,California,Los Angeles,90001,Southern California,33.968783,-118.244664
3063-QFSZL,United States,California,San Francisco,94102,Bay Area,37.787544,-122.410273
8775-LHDJH,United States,California,Los Angeles,90001,Southern California,33.98548,-118.267302
9625-QNLUX,United States,California,Los Angeles,90001,Southern California,33.965013,-118.246563
3097-NQYSN,United States,California,Los Angeles,90001,Southern California,33.973802,-118.255194
4024-CSNBY,United States,California,San Francisco,94110,Bay Area,37.736729,-122.411214
7110-BDTWG,United States,California,San Francisco,94110,Bay Area,37.766345,-122.428157
7493-GVFIO,United States,California,Fresno,93721,Central Valley,36.750465,-119.779787
0690-SRQID,United States,California,Los Angeles,90012,Southern California,34.080206,-118.230553
9605-WGJVW,United States,California,Los Angeles,90012,Southern California,34.058566,-118.218701
9114-DPSIA,United States,California,San Diego,92101,Southern California,32.721673,-117.145006
4700-UBQMV,United States,California,Los Angeles,90001,Southern California,33.970004,-118.241701
7711-GQBZC,United States,California,Los Angeles,90001,Southern California,33.987537,-118.258675
3565-UNOCC,United States,California,San Francisco,94102,Bay Area,37.761809,-122.411115
4627-MIHJH,United States,California,Los Angeles,90012,Southern California,34.049271,-118.221346
9795-NREXC,United States,California,San Jose,95113,Bay Area,37.335412,-121.88501
8573-CGOCC,United States,California,Long Beach,90802,Southern California,33.777097,-118.189526
7356-AYNJP,United States,California,Los Angeles,90012,Southern California,34.047336,-118.221375
9249-FXSCK,United States,California,Oakland,94612,Bay Area,37.795789,-122.284469
5493-SDRDQ,United States,California,San Francisco,94102,Bay Area,37.759345,-122.425389
6286-SUUWT,United States,California,San Diego,92101,Southern California,32.697261,-117.144977
4819-HJPIW,United States,California,San Jose,95113,Bay Area,37.329085,-121.898019
8654-DHAOW,United States,California,San Jose,95113,Bay Area,37.333036,-121.883576
5438-QMDDL,United States,California,Los Angeles,90001,Southern California,33.974652,-118.23357
9812-GHVRI,United States,California,Bakersfield,93301,Central Valley,35.392359,-119.003347
5553-AOINX,United States,California,San Diego,92101,Southern California,32.730345,-117.160895
1228-ZLNBX,United States,California,Long Beach,90802,Southern California,33.759029,-118.178653
4226-KKDON,United States,California,Los Angeles,90001,Southern California,33.958203,-118.237068
3831-YCPUO,United States,California,Sacramento,95814,Northern California,38.590564,-121.478696
7445-WMRBW,United States,California,San Jose,95113,Bay Area,37.333022,-121.896778
3308-DGHKL,United States,California,San Francisco,94110,Bay Area,37.742062,-122.41216
9924-JPRMC,United States,California,San Diego,92101,Southern California,32.708463,-117.155193
0080-EMYVY,United States,California,Los Angeles,90012,Southern California,34.059064,-118.225855
6218-KNUBD,United States,California,Los Angeles,90012,Southern California,34.080567,-118.256014
7337-CINUD,United States,California,San Diego,92101,Southern California,32.722121,-117.163662
7609-NRNCA,United States,California,San Francisco,94110,Bay Area,37.747476,-122.41621
0623-EJQEG,United States,California,Los Angeles,90001,Southern California,33.977613,-118.239476
7153-CHRBV,United States,California,San Jose,95113,Bay Area,37.352584,-121.880554
0871-URUWO,United States,California,San Jose,95113,Bay Area,37.349668,-121.894794
9190-MFJLN,United States,California,San Francisco,94102,Bay Area,37.785511,-122.415358
6198-PNNSZ,United States,California,Los Angeles,90001,Southern California,33.95479,-118.231115
3317-VLGQT,United States,California,San Francisco,94102,Bay Area,37.783458,-122.427865
4132-POCZS,United States,California,San Francisco,94102,Bay Area,37.775594,-122.403941
5614-DNZCE,United States,California,Oakland,94612,Bay Area,37.818809,-122.285208
1095-JUDTC,United States,California,San Francisco,94110,Bay Area,37.739526,-122.431952
3896-RCYYE,United States,California,San Francisco,94102,Bay Area,37.76609,-122.406286
9638-JIQYA,United States,California,San Jose,95113,Bay Area,37.331253,-121.878612
3258-SANFR,United States,California,San Francisco,94102,Bay Area,37.795335,-122.416467
3726-TBHQT,United States,California,Los Angeles,90012,Southern California,34.058373,-118.245575
3190-ITQXP,United States,California,Fresno,93721,Central Valley,36.750453,-119.779038
0870-VEMYL,United States,California,Long Beach,90802,Southern California,33.761649,-118.200958
4833-QTJNO,United States,California,San Diego,92101,Southern California,32.724027,-117.163464
3039-MJSLN,United States,California,Oakland,94612,Bay Area,37.813086,-122.28213
0178-CIIKR,United States,California,San Francisco,94102,Bay Area,37.78187,-122.430443
5385-SUIRI,United States,California,Los Angeles,90001,Southern California,33.991961,-118.240472
3982-XWFZQ,United States,California,San Francisco,94102,Bay Area,37.762141,-122.419392
5774-QPLTF,United States,California,Sacramento,95814,Northern California,38.599844,-121.501718
2322-VCZHZ,United States,California,Los Angeles,90001,Southern California,33.987375,-118.261645
5010-IPEAQ,United States,California,Los Angeles,90012,Southern California,34.068329,-118.254351
4009-ALQFH,United States,California,San Jose,95113,Bay Area,37.317069,-121.887844
6383-ZTSIW,United States,California,Los Angeles,90001,Southern California,33.972515,-118.238403
8990-YOZLV,United States,California,Fresno,93721,Central Valley,36.748556,-119.771456
3069-SSVSN,United States,California,Los Angeles,90001,Southern California,33.986,-118.261109
5222-IMUKT,United States,California,Los Angeles,90001,Southern California,33.978968,-118.239683
3627-FCRDW,United States,California,Los Angeles,90012,Southern California,34.048465,-118.23075
7562-GSUHK,United States,California,San Francisco,94102,Bay Area,37.779925,-122.418938
6685-XSHHU,United States,California,Oakland,94612,Bay Area,37.793002,-122.269971
8901-UPRHR,United States,California,Los Angeles,90012,Southern California,34.04757,-118.225808
4903-UYAVB,United States,California,San Jose,95113,Bay Area,37.342428,-121.906782
0118-JPNOY,United States,California,Los Angeles,90012,Southern California,34.041523,-118.246783
6776-TLWOI,United States,California,San Diego,92101,Southern California,32.697741,-117.159103
3845-FXCYS,United States,California,Los Angeles,90012,Southern California,34.049238,-118.254441
5857-XRECV,United States,California,San Francisco,94102,Bay Area,37.778141,-122.433173
0725-CXOTM,United States,California,Sacramento,95814,Northern California,38.586297,-121.507913
4343-EJVQB,United States,California,San Francisco,94102,Bay Area,37.764693,-122.410533
9000-PLFUZ,United States,California,Los Angeles,90001,Southern California,33.974941,-118.256669
3427-GGZZI,United States,California,San Francisco,94102,Bay Area,37.770203,-122.404607
7779-ORAEL,United States,California,San Francisco,94102,Bay Area,37.794756,-122.424727
0644-OQMDK,United States,California,San Francisco,94102,Bay Area,37.772838,-122.433854
4077-CROMM,United States,California,San Francisco,94110,Bay Area,37.755999,-122.425476
3154-CFSZG,United States,California,San Francisco,94102,Bay Area,37.786045,-122.426618
2868-MZAGQ,United States,California,Los Angeles,90012,Southern California,34.055898,-118.239785
4847-QNOKA,United States,California,Anaheim,92805,Southern California,33.854083,-117.909741
2220-IAHLS,United States,California,Sacramento,95814,Northern California,38.564212,-121.499905
1658-XUHBX,United States,California,Los Angeles,90001,Southern California,33.971067,-118.240746
6379-RXJRQ,United States,California,Los Angeles,90001,Southern California,33.96845,-118.229765
2378-HTWFW,United States,California,San Francisco,94102,Bay Area,37.770523,-122.438501
8650-RHRKE,United States,California,Los Angeles,90001,Southern California,33.9907,-118.255458
4377-VDHYI,United States,California,Fresno,93721,Central Valley,36.72918,-119.795959
0475-RIJEP,United States,California,Los Angeles,90012,Southern California,34.062455,-118.229309
1260-TTRXI,United States,California,San Francisco,94102,Bay Area,37.779121,-122.416586
3719-TDVQB,United States,California,Los Angeles,90001,Southern California,33.979827,-118.264586
6328-ZPBGN,United States,California,Los Angeles,90001,Southern California,33.976804,-118.250887
0201-MIBOL,United States,California,Bakersfield,93301,Central Valley,35.374068,-119.036983
4937-QPZPO,United States,California,San Diego,92101,Southern California,32.713938,-117.168192
2925-VDZHY,United States,California,Los Angeles,90001,Southern California,33.992592,-118.227939
6981-TDRFT,United States,California,Los Angeles,90001,Southern California,33.965409,-118.246355
3413-CSSTH,United States,California,Los Angeles,90012,Southern California,34.046254,-118.251069
8033-VCZGH,United States,California,San Francisco,94110,Bay Area,37.770566,-122.404735
4789-KWMXN,United States,California,San Jose,95113,Bay Area,37.351684,-121.894604
0224-NIJLP,United States,California,Los Angeles,90012,Southern California,34.073282,-118.249291
7542-CYDDM,United States,California,San Francisco,94102,Bay Area,37.781207,-122.419201
4718-WXBGI,United States,California,Los Angeles,90001,Southern California,33.974867,-118.261767
2867-UIMSS,United States,California,Fresno,93721,Central Valley,36.753809,-119.771734
8495-PRWFH,United States,California,Los Angeles,90001,Southern California,33.979209,-118.264408
0439-IFYUN,United States,California,Los Angeles,90012,Southern California,34.077665,-118.234581
5716-LIBJC,United States,California,Los Angeles,90012,Southern California,34.080577,-118.252115
2868-LLSKM,United States,California,San Francisco,94110,Bay Area,37.770362,-122.427947
8111-RKSPX,United States,California,San Francisco,94102,Bay Area,37.794235,-122.414147
2988-QRAJY,United States,California,Oakland,94612,Bay Area,37.800132,-122.276874
1585-MQSSU,United States,California,San Diego,92101,Southern California,32.704276,-117.17237
0071-NDAFP,United States,California,Los Angeles,90001,Southern California,33.96918,-118.261115
2856-NNASM,United States,California,Long Beach,90802,Southern California,33.777459,-118.194787
7328-ZJAJO,United States,California,San Jose,95113,Bay Area,37.350315,-121.877681
6458-CYIDZ,United States,California,Los Angeles,90001,Southern California,33.962121,-118.241766
8559-CIZFV,United States,California,Los Angeles,90012,Southern California,34.072866,-118.231379
1090-PYKCI,United States,California,San Francisco,94102,Bay Area,37.796983,-122.437711
3058-WQDRE,United States,California,Oakland,94612,Bay Area,37.816744,-122.277715
7547-EKNFS,United States,California,Long Beach,90802,Southern California,33.767609,-118.206068
2279-AXJJK,United States,California,San Diego,92101,Southern California,32.698473,-117.149507
6769-DYBQN,United States,California,Los Angeles,90001,Southern California,33.988317,-118.252726
0909-SELIE,United States,California,San Francisco,94102,Bay Area,37.771942,-122.414692
3417-TSCIC,United States,California,Sacramento,95814,Northern California,38.562548,-121.474986
1042-HFUCW,United States,California,Los Angeles,90012,Southern California,34.048989,-118.248891
4439-JMPMT,United States,California,San Francisco,94110,Bay Area,37.763619,-122.402939
6537-OTKMY,United States,California,San Jose,95113,Bay Area,37.318581,-121.879853
8999-EXMNO,United States,California,San Diego,92101,Southern California,32.72584,-117.17806
6725-TPKJO,United States,California,Los Angeles,90012,Southern California,34.078479,-118.238596
2446-BEGGB,United States,California,Los Angeles,90001,Southern California,33.966759,-118.241073
7162-WPHPM,United States,California,San Francisco,94110,Bay Area,37.747694,-122.405575
1599-MMYRQ,United States,California,Los Angeles,90001,Southern California,33.971735,-118.254653
8821-KVZKQ,United States,California,Bakersfield,93301,Central Valley,35.384567,-119.011173
1496-GGSUK,United States,California,Oakland,94612,Bay Area,37.817893,-122.266944
6434-TTGJP,United States,California,Fresno,93721,Central Valley,36.734219,-119.79056
0042-JVWOJ,United States,California,Los Angeles,90001,Southern California,33.959004,-118.257498
0130-SXOUN,United States,California,Los Angeles,90012,Southern California,34.074242,-118.227785
2575-GFSOE,United States,California,Sacramento,95814,Northern California,38.563489,-121.478541
2330-PQGDQ,United States,California,San Francisco,94110,Bay Area,37.750457,-122.418268
1452-UZOSF,United States,California,Los Angeles,90012,Southern California,34.066986,-118.249719
2097-YVPKN,United States,California,San Jose,95113,Bay Area,37.340952,-121.878363
2842-JTCCU,United States,California,Los Angeles,90001,Southern California,33.984543,-118.231144
8597-CTXVJ,United States,California,Los Angeles,90012,Southern California,34.047843,-118.223051
6631-HMANX,United States,California,Los Angeles,90012,Southern California,34.071588,-118.243096
9962-BFPDU,United States,California,San Francisco,94102,Bay Area,37.7616,-122.407301
3296-SILRA,United States,California,Los Angeles,90012,Southern California,34.068327,-118.247929
9681-OXGVC,United States,California,Fresno,93721,Central Valley,36.742684,-119.798083
6394-HHHZM,United States,California,San Francisco,94110,Bay Area,37.734176,-122.423462
5995-LFTLE,United States,California,San Diego,92101,Southern California,32.701227,-117.142501
5180-UCIIQ,United States,California,Los Angeles,90001,Southern California,33.972268,-118.261023
1932-UEDCX,United States,California,San Diego,92101,Southern California,32.697959,-117.154626
7153-OANIO,United States,California,San Jose,95113,Bay Area,37.339342,-121.892959
5188-HGMLP,United States,California,San Francisco,94110,Bay Area,37.7499,-122.431657
0665-XHDJU,United States,California,San Diego,92101,Southern California,32.713637,-117.173077
6521-YYTYI,United States,California,Los Angeles,90012,Southern California,34.062717,-118.247191
8878-HMWBV,United States,California,San Francisco,94102,Bay Area,37.765846,-122.434305
8265-HKSOW,United States,California,San Francisco,94110,Bay Area,37.760297,-122.407027
3544-FBCAS,United States,California,Los Angeles,90001,Southern California,33.953579,-118.231132
5331-RGMTT,United States,California,Los Angeles,90012,Southern California,34.076441,-118.23937
4759-PXTAN,United States,California,San Jose,95113,Bay Area,37.337854,-121.879355
7054-DMVAS,United States,California,Los Angeles,90001,Southern California,33.97207,-118.262894
3428-MMGUB,United States,California,Los Angeles,90012,Southern California,34.045991,-118.257617
6549-BTYPG,United States,California,San Francisco,94110,Bay Area,37.747014,-122.427278
7823-JSOAG,United States,California,Oakland,94612,Bay Area,37.817126,-122.260023
3705-RHRFR,United States,California,San Francisco,94102,Bay Area,37.78312,-122.434502
9374-YOLBJ,United States,California,Los Angeles,90012,Southern California,34.07785,-118.254448
9074-KGVOX,United States,California,Los Angeles,90012,Southern California,34.048282,-118.243878
6128-DAFVY,United States,California,Fresno,93721,Central Valley,36.732364,-119.774791
9933-QRGTX,United States,California,San Francisco,94102,Bay Area,37.766454,-122.413879
4476-OSWTN,United States,California,San Francisco,94102,Bay Area,37.759763,-122.439209
3751-KTZEL,United States,California,Los Angeles,90001,Southern California,33.979795,-118.250723
1977-STDKI,United States,California,San Jose,95113,Bay Area,37.325178,-121.906017
5066-GFJMM,United States,California,Los Angeles,90001,Southern California,33.986872,-118.266072
2661-GKBTK,United States,California,San Jose,95113,Bay Area,37.323242,-121.876053
0458-HEUZG,United States,California,San Jose,95113,Bay Area,37.335611,-121.880283
7268-WNTCP,United States,California,Los Angeles,90012,Southern California,34.076533,-118.237165
0824-VWDPO,United States,California,San Francisco,94102,Bay Area,37.760465,-122.401199
8409-WQJUX,United States,California,Los Angeles,90012,Southern California,34.044263,-118.252573
2578-JQPHZ,United States,California,San Francisco,94110,Bay Area,37.741861,-122.414411
3278-FSIXX,United States,California,San Francisco,94102,Bay Area,37.791076,-122.435595
5813-UECBU,United States,California,Los Angeles,90001,Southern California,33.95522,-118.22998
0328-GRPMV,United States,California,Los Angeles,90012,Southern California,34.072517,-118.251153
9746-UGFAC,United States,California,Fresno,93721,Central Valley,36.725954,-119.786471
2946-KIQSP,United States,California,San Francisco,94110,Bay Area,37.758375,-122.397499
0625-AFOHS,United States,California,Los Angeles,90001,Southern California,33.962921,-118.25453
6726-WEXXK,United States,California,San Francisco,94110,Bay Area,37.753183,-122.410754
4636-OLWOE,United States,California,Los Angeles,90001,Southern California,33.963199,-118.243948
4342-HENTK,United States,California,Los Angeles,90001,Southern California,33.955049,-118.247634
4685-ERGHK,United States,California,Los Angeles,90012,Southern California,34.05439,-118.231241
0885-HMGPY,United States,California,Los Angeles,90001,Southern California,33.977638,-118.26483
5003-OKNNK,United States,California,Los Angeles,90001,Southern California,33.988246,-118.25693
4195-SMMNX,United States,California,San Diego,92101,Southern California,32.706239,-117.177716
7208-PSIHR,United States,California,San Diego,92101,Southern California,32.726798,-117.169358
4012-ZTHBR,United States,California,Long Beach,90802,Southern California,33.779032,-118.175777
0489-WMEMG,United States,California,Los Angeles,90012,Southern California,34.064388,-118.221856
7435-ZNUYY,United States,California,San Jose,95113,Bay Area,37.337892,-121.872806
1354-YZFNB,United States,California,San Francisco,94110,Bay Area,37.748084,-122.421221
6956-SMUCM,United States,California,Fresno,93721,Central Valley,36.735683,-119.768377
2985-FMWYF,United States,California,Los Angeles,90001,Southern California,33.98652,-118.243583
2812-ENYMO,United States,California,Los Angeles,90001,Southern California,33.967337,-118.265746
2717-HVIZY,United States,California,San Diego,92101,Southern California,32.729586,-117.178626
3223-WZWJM,United States,California,Los Angeles,90001,Southern California,33.977391,-118.240592
3422-GALYP,United States,California,Los Angeles,90001,Southern California,33.957469,-118.232979
9053-JZFKV,United States,California,Los Angeles,90012,Southern California,34.054782,-118.225588
2530-ENDWQ,United States,California,San Francisco,94102,Bay Area,37.786147,-122.434717
2890-WFBHU,United States,California,San Francisco,94102,Bay Area,37.760807,-122.435905
0327-WFZSY,United States,California,Los Angeles,90001,Southern California,33.988255,-118.248943
7977-HXJKU,United States,California,San Diego,92101,Southern California,32.71465,-117.144986
6615-ZGEDR,United States,California,Oakland,94612,Bay Area,37.815475,-122.274806
7033-CLAMM,United States,California,Long Beach,90802,Southern California,33.755989,-118.197103
4023-RTIQM,United States,California,San Jose,95113,Bay Area,37.319123,-121.88841
0864-FVJNJ,United States,California,San Jose,95113,Bay Area,37.327195,-121.885059
7356-IWLFW,United States,California,Los Angeles,90012,Southern California,34.07491,-118.220378
9541-PWTWO,United States,California,Long Beach,90802,Southern California,33.775628,-118.176549
3967-VQOGC,United States,California,San Jose,95113,Bay Area,37.334724,-121.870778
7872-RDDLZ,United States,California,San Francisco,94102,Bay Area,37.78931,-122.436868
9250-WYPLL,United States,California,Los Angeles,90001,Southern California,33.990294,-118.244653
6308-CQRBU,United States,California,Los Angeles,90001,Southern California,33.991427,-118.232749
2754-XBHTB,United States,California,San Jose,95113,Bay Area,37.344015,-121.894005
1597-LHYNC,United States,California,Los Angeles,90012,Southern California,34.07939,-118.219406
0186-CAERR,United States,California,Bakersfield,93301,Central Valley,35.362609,-119.004459
3043-SUDUA,United States,California,Los Angeles,90012,Southern California,34.055019,-118.242067
5442-BHQNG,United States,California,Los Angeles,90001,Southern California,33.972609,-118.261313
2169-RRLFW,United States,California,Oakland,94612,Bay Area,37.791305,-122.257582
5872-OEQNH,United States,California,San Diego,92101,Southern California,32.705265,-117.177636
3162-KKZXO,United States,California,Bakersfield,93301,Central Valley,35.372189,-119.010543
7055-VKGDA,United States,California,San Diego,92101,Southern California,32.702608,-117.171784
0754-UKWQP,United States,California,Los Angeles,90012,Southern California,34.055747,-118.247577
8873-GLDMH,United States,California,Fresno,93721,Central Valley,36.724269,-119.796767
5696-JVVQY,United States,California,Los Angeles,90001,Southern California,33.968955,-118.257894
8946-BFWSG,United States,California,San Jose,95113,Bay Area,37.333322,-121.884597
7493-TPUWZ,United States,California,San Jose,95113,Bay Area,37.317468,-121.875332
0547-HURJB,United States,California,Long Beach,90802,Southern California,33.75967,-118.181616
8904-OPDCK,United States,California,San Jose,95113,Bay Area,37.344904,-121.902393
8845-LWKGE,United States,California,San Diego,92101,Southern California,32.702598,-117.148521
1577-HKTFG,United States,California,Long Beach,90802,Southern California,33.788406,-118.189293
8752-STIVR,United States,California,San Francisco,94102,Bay Area,37.779665,-122.438592
0691-NIKRI,United States,California,San Jose,95113,Bay Area,37.316221,-121.895251
5022-JNQEQ,United States,California,Sacramento,95814,Northern California,38.591176,-121.475318
4558-FANTW,United States,California,Los Angeles,90001,Southern California,33.968693,-118.248683
3249-VHRIP,United States,California,Los Angeles,90012,Southern California,34.074949,-118.244412
3736-BLEPA,United States,California,San Diego,92101,Southern California,32.719627,-117.144997
4701-LKOZD,United States,California,Los Angeles,90001,Southern California,33.971545,-118.251993
6603-QWSPR,United States,California,Long Beach,90802,Southern California,33.774949,-118.180863
9921-QFQUL,United States,California,Los Angeles,90001,Southern California,33.961622,-118.252806
1929-ZCBHE,United States,California,San Diego,92101,Southern California,32.698878,-117.173838
4378-MYPGO,United States,California,San Francisco,94110,Bay Area,37.754154,-122.430298
8651-ENBZX,United States,California,Fresno,93721,Central Valley,36.750629,-119.79042
4129-LYCOI,United States,California,San Diego,92101,Southern California,32.700966,-117.147549
7798-JVXYM,United States,California,San Diego,92101,Southern California,32.715019,-117.144305
8647-SDTWQ,United States,California,Los Angeles,90001,Southern California,33.980064,-118.263076
2696-ECXKC,United States,California,San Diego,92101,Southern California,32.723236,-117.158893
2081-KJSQF,United States,California,San Francisco,94102,Bay Area,37.77568,-122.433985
7623-TRNQN,United States,California,Los Angeles,90001,Southern California,33.955162,-118.257334
3323-CPBWR,United States,California,Los Angeles,90001,Southern California,33.984718,-118.264094
9330-IJWIO,United States,California,Sacramento,95814,Northern California,38.569944,-121.481171
3384-CTMSF,United States,California,San Jose,95113,Bay Area,37.323579,-121.907917
0902-RFHOF,United States,California,San Diego,92101,Southern California,32.722098,-117.151741
9286-DOJGF,United States,California,Los Angeles,90001,Southern California,33.992036,-118.242254
6048-QBXKL,United States,California,San Francisco,94102,Bay Area,37.768926,-122.423326
9661-MHUMO,United States,California,San Jose,95113,Bay Area,37.329962,-121.883473
7718-RXDGG,United States,California,Los Angeles,90001,Southern California,33.969596,-118.233505
1025-FALIX,United States,California,Oakland,94612,Bay Area,37.822048,-122.271683
3451-VAWLI,United States,California,Sacramento,95814,Northern California,38.594116,-121.51388
3407-QGWLG,United States,California,Fresno,93721,Central Valley,36.750257,-119.770417
1842-EZJMK,United States,California,Los Angeles,90001,Southern California,33.965251,-118.258797
2347-WKKAE,United States,California,Los Angeles,90001,Southern California,33.991378,-118.265769
8735-DCXNF,United States,California,Fresno,93721,Central Valley,36.74255,-119.805191
3214-IYUUQ,United States,California,Long Beach,90802,Southern California,33.771703,-118.197605
1936-UAFEH,United States,California,Fresno,93721,Central Valley,36.721864,-119.783486
3587-PMCOY,United States,California,Los Angeles,90012,Southern California,34.057285,-118.246042
8079-XRJRS,United States,California,Los Angeles,90001,Southern California,33.955798,-118.237647
1027-LKKQQ,United States,California,San Francisco,94102,Bay Area,37.762049,-122.4338
7148-XZPHA,United States,California,San Francisco,94110,Bay Area,37.752951,-122.420295
8073-IJDCM,United States,California,Long Beach,90802,Southern California,33.788704,-118.213002
5309-TAIKL,United States,California,San Francisco,94110,Bay Area,37.767716,-122.412836
6856-RAURS,United States,California,Long Beach,90802,Southern California,33.773966,-118.199578
8778-LMWTJ,United States,California,Los Angeles,90001,Southern California,33.959037,-118.233884
9717-IOAAF,United States,California,Los Angeles,90001,Southern California,33.95401,-118.25128
8884-ADFVN,United States,California,Los Angeles,90001,Southern California,33.962422,-118.242291
2845-KDHVX,United States,California,Los Angeles,90012,Southern California,34.069252,-118.220232
0848-SOMKO,United States,California,Los Angeles,90001,Southern California,33.956703,-118.257191
2720-WGKHP,United States,California,San Jose,95113,Bay Area,37.341047,-121.871478
6734-FQAJX,United States,California,Los Angeles,90001,Southern California,33.958421,-118.259409
2869-ADAWR,United States,California,Los Angeles,90012,Southern California,34.069669,-118.22129
1535-VTJOQ,United States,California,San Francisco,94110,Bay Area,37.762224,-122.426759
6368-TZZDT,United States,California,San Francisco,94110,Bay Area,37.735808,-122.430783
0943-ZQPXH,United States,California,Los Angeles,90001,Southern California,33.986193,-118.23212
1293-BSEUN,United States,California,Los Angeles,90001,Southern California,33.976498,-118.241216
9894-EZEWG,United States,California,San Francisco,94102,Bay Area,37.767741,-122.41154
1302-TPUBN,United States,California,Los Angeles,90012,Southern California,34.073379,-118.233736
7851-FLGGQ,United States,California,San Francisco,94110,Bay Area,37.764052,-122.430398
0637-UBJRP,United States,California,San Francisco,94110,Bay Area,37.738291,-122.40725
0940-OUQEC,United States,California,Sacramento,95814,Northern California,38.597132,-121.49022
2378-VTKDH,United States,California,Long Beach,90802,Southern California,33.754891,-118.191655
0927-CNGRH,United States,California,Los Angeles,90001,Southern California,33.966529,-118.2603
8608-OZTLB,United States,California,Los Angeles,90012,Southern California,34.066412,-118.255485
2335-GSODA,United States,California,Oakland,94612,Bay Area,37.789068,-122.280712
1952-DVVSW,United States,California,Los Angeles,90001,Southern California,33.96328,-118.246151
0702-PGIBZ,United States,California,Los Angeles,90001,Southern California,33.991568,-118.234333
6656-GULJQ,United States,California,San Jose,95113,Bay Area,37.318152,-121.890716
9853-JFZDU,United States,California,Los Angeles,90012,Southern California,34.073296,-118.257839
1963-VAUKV,United States,California,Oakland,94612,Bay Area,37.812854,-122.271866
3777-XROBG,United States,California,San Francisco,94102,Bay Area,37.75945,-122.436182
6994-FGRHH,United States,California,San Francisco,94102,Bay Area,37.759332,-122.419258
4000-VGMQP,United States,California,Sacramento,95814,Northern California,38.570005,-121.503942
3999-WRNGR,United States,California,San Francisco,94110,Bay Area,37.737634,-122.398538
3466-RITXD,United States,California,Fresno,93721,Central Valley,36.740297,-119.777083
2680-XKKNJ,United States,California,San Francisco,94110,Bay Area,37.768927,-122.43521
3058-HJCUY,United States,California,San Francisco,94102,Bay Area,37.798353,-122.405339
2974-GGUXS,United States,California,Fresno,93721,Central Valley,36.726693,-119.803079
7994-XIRTR,United States,California,Los Angeles,90012,Southern California,34.078858,-118.25788
3259-FDWOY,United States,California,Los Angeles,90001,Southern California,33.961697,-118.255762
2101-RANCD,United States,California,Bakersfield,93301,Central Valley,35.354597,-119.022113
7921-BEPCI,United States,California,Los Angeles,90012,Southern California,34.047195,-118.238917
0807-ZABDG,United States,California,Los Angeles,90012,Southern California,34.047037,-118.24078
8510-TMWYB,United States,California,Anaheim,92805,Southern California,33.823332,-117.927505
3258-ZKPAI,United States,California,San Diego,92101,Southern California,32.713886,-117.161295
1428-IEDPR,United States,California,Los Angeles,90012,Southern California,34.077537,-118.247638
5298-GSTLM,United States,California,San Diego,92101,Southern California,32.700866,-117.181012
4450-YOOHP,United States,California,San Diego,92101,Southern California,32.713214,-117.158475
6728-CZFEI,United States,California,San Diego,92101,Southern California,32.71565,-117.175536
5748-RNCJT,United States,California,San Jose,95113,Bay Area,37.351814,-121.8872
3653-NCRDJ,United States,California,San Diego,92101,Southern California,32.704987,-117.150842
6121-TNHBO,United States,California,Sacramento,95814,Northern California,38.568662,-121.493686
5119-NZPTV,United States,California,Bakersfield,93301,Central Valley,35.367983,-119.03812
6519-ZHPXP,United States,California,Sacramento,95814,Northern California,38.563427,-121.486163
7739-LAXOG,United States,California,San Jose,95113,Bay Area,37.321402,-121.910167
3472-QPRCH,United States,California,Oakland,94612,Bay Area,37.797572,-122.289092
8224-UAXBZ,United States,California,Anaheim,92805,Southern California,33.828352,-117.912235
9610-WCESF,United States,California,San Diego,92101,Southern California,32.732794,-117.14832
9776-CLUJA,United States,California,San Francisco,94110,Bay Area,37.742415,-122.421321
2486-WYVVE,United States,California,San Diego,92101,Southern California,32.706384,-117.169622
3865-ZYKAD,United States,California,San Francisco,94110,Bay Area,37.770085,-122.405726
1422-DGUBX,United States,California,San Diego,92101,Southern California,32.714997,-117.142591
2999-AANRQ,United States,California,San Francisco,94110,Bay Area,37.753715,-122.403763
8668-KNZTI,United States,California,Los Angeles,90012,Southern California,34.073843,-118.255514
0480-KYJVA,United States,California,San Diego,92101,Southern California,32.729962,-117.148385
6034-ZRYCV,United States,California,Sacramento,95814,Northern California,38.579165,-121.50576
9746-YKGXB,United States,California,San Francisco,94102,Bay Area,37.769757,-122.404145
3926-YZVVX,United States,California,Bakersfield,93301,Central Valley,35.384394,-119.01351
6000-UKLWI,United States,California,Los Angeles,90001,Southern California,33.9798,-118.239519
2079-FBMZK,United States,California,Los Angeles,90001,Southern California,33.990953,-118.250327
6332-FBZRI,United States,California,San Diego,92101,Southern California,32.70222,-117.154156
2096-XOTMO,United States,California,Los Angeles,90001,Southern California,33.97955,-118.246232
3266-FTKHB,United States,California,Los Angeles,90012,Southern California,34.073595,-118.254795
8221-EQDGL,United States,California,Fresno,93721,Central Valley,36.748409,-119.769248
2346-LOCWC,United States,California,Anaheim,92805,Southern California,33.850899,-117.906211
6608-QQLVK,United States,California,Fresno,93721,Central Valley,36.724234,-119.797315
0298-XACET,United States,California,Los Angeles,90012,Southern California,34.076803,-118.25179
7560-QJAVJ,United States,California,Los Angeles,90001,Southern California,33.961207,-118.264511
2995-YWTCD,United States,California,Los Angeles,90001,Southern California,33.98271,-118.248532
3551-HUAZH,United States,California,San Francisco,94102,Bay Area,37.761379,-122.43532
9137-UIYPG,United States,California,Los Angeles,90012,Southern California,34.055584,-118.232566
2809-ZMYOQ,United States,California,Los Angeles,90012,Southern California,34.078868,-118.23551
5084-OOVCJ,United States,California,Los Angeles,90001,Southern California,33.967634,-118.249637
0254-WWRKD,United States,California,San Jose,95113,Bay Area,37.331683,-121.903767
7727-SHVZV,United States,California,Sacramento,95814,Northern California,38.569316,-121.49101
6302-JGYRJ,United States,California,Los Angeles,90012,Southern California,34.045313,-118.233762
5339-PXDVH,United States,California,Los Angeles,90001,Southern California,33.957004,-118.261191
2205-LPVGL,United States,California,Fresno,93721,Central Valley,36.739472,-119.78674
8782-NUUOL,United States,California,Los Angeles,90012,Southern California,34.053837,-118.258038
3685-YLCMQ,United States,California,San Francisco,94102,Bay Area,37.774056,-122.427925
7601-WFVZV,United States,California,Los Angeles,90001,Southern California,33.970901,-118.25387
4609-KNNWG,United States,California,San Diego,92101,Southern California,32.708602,-117.179019
4868-AADLV,United States,California,Los Angeles,90001,Southern California,33.959405,-118.247448
9529-OFXHY,United States,California,San Diego,92101,Southern California,32.696883,-117.175872
8634-MPHTR,United States,California,Los Angeles,90012,Southern California,34.070438,-118.248783
2669-QVCRG,United States,California,San Diego,92101,Southern California,32.732673,-117.16259
2478-EEWWM,United States,California,Long Beach,90802,Southern California,33.782345,-118.193505
9174-IHETN,United States,California,Los Angeles,90001,Southern California,33.969323,-118.240664
2233-TXSIU,United States,California,Los Angeles,90001,Southern California,33.973327,-118.25158
9644-UMGQA,United States,California,Fresno,93721,Central Valley,36.7366,-119.783468
3256-EZDBI,United States,California,Los Angeles,90012,Southern California,34.063523,-118.24535
8761-NSOBC,United States,California,Los Angeles,90012,Southern California,34.042033,-118.241824
0419-YAAPX,United States,California,San Francisco,94102,Bay Area,37.793669,-122.400745
8413-VONUO,United States,California,San Francisco,94102,Bay Area,37.778069,-122.39964
0872-CASZJ,United States,California,Fresno,93721,Central Valley,36.728314,-119.785129
4726-DLWQN,United States,California,Sacramento,95814,Northern California,38.59879,-121.498477
8164-OCKUJ,United States,California,Los Angeles,90012,Southern California,34.080564,-118.236459
3094-JOJAI,United States,California,San Francisco,94110,Bay Area,37.761657,-122.41934
9494-MRNYX,United States,California,San Francisco,94102,Bay Area,37.782181,-122.421908
2599-CZABP,United States,California,San Francisco,94102,Bay Area,37.762666,-122.400527
7945-PRBVF,United States,California,San Francisco,94102,Bay Area,37.763458,-122.433757
4544-RXFMG,United States,California,Los Angeles,90001,Southern California,33.988402,-118.249148
0859-YGKFW,United States,California,Bakersfield,93301,Central Valley,35.354186,-119.016877
1150-FTQGN,United States,California,Los Angeles,90001,Southern California,33.965109,-118.261133
9223-UCPVT,United States,California,San Francisco,94102,Bay Area,37.778047,-122.403679
7196-LIWRH,United States,California,San Jose,95113,Bay Area,37.326582,-121.881418
5448-VWNAM,United States,California,San Jose,95113,Bay Area,37.34135,-121.887386
1177-XZBJL,United States,California,Sacramento,95814,Northern California,38.567341,-121.479389
3518-FSTWG,United States,California,San Diego,92101,Southern California,32.724732,-117.14669
9330-VOFSZ,United States,California,Bakersfield,93301,Central Valley,35.358207,-119.022419
4351-QLCSU,United States,California,San Diego,92101,Southern California,32.714914,-117.167638
0939-EREMR,United States,California,Fresno,93721,Central Valley,36.73809,-119.794411
9389-ACWBI,United States,California,Los Angeles,90012,Southern California,34.075691,-118.239254
5419-JPRRN,United States,California,Fresno,93721,Central Valley,36.73895,-119.800913
3644-QXEHN,United States,California,Sacramento,95814,Northern California,38.599591,-121.476954
2911-IJORQ,United States,California,San Francisco,94102,Bay Area,37.795375,-122.434719
5921-NGYRH,United States,California,Long Beach,90802,Southern California,33.758658,-118.177616
2100-BDNSN,United States,California,San Jose,95113,Bay Area,37.344592,-121.872608
5998-DZLYR,United States,California,San Francisco,94102,Bay Area,37.795637,-122.409354
0488-GSLFR,United States,California,Los Angeles,90001,Southern California,33.974462,-118.233752
9318-NKNFC,United States,California,San Diego,92101,Southern California,32.707985,-117.141793
3985-HOYPM,United States,California,San Francisco,94102,Bay Area,37.777314,-122.426939
9728-FTTVZ,United States,California,Los Angeles,90001,Southern California,33.958703,-118.266235
9548-LERKT,United States,California,Los Angeles,90001,Southern California,33.958357,-118.230535
6576-FBXOJ,United States,California,Oakland,94612,Bay Area,37.814447,-122.281121
4310-KEDTB,United States,California,San Diego,92101,Southern California,32.722251,-117.142685
7254-IQWOZ,United States,California,Los Angeles,90001,Southern California,33.987531,-118.257106
2474-BRUCM,United States,California,Los Angeles,90001,Southern California,33.989493,-118.23759
4062-HBMOS,United States,California,Sacramento,95814,Northern California,38.57761,-121.491933
0742-NXBGR,United States,California,San Diego,92101,Southern California,32.707682,-117.158039
2676-ISHSF,United States,California,Los Angeles,90001,Southern California,33.968572,-118.228721
9236-NDUCW,United States,California,San Diego,92101,Southern California,32.71683,-117.147413
4753-PADAS,United States,California,San Francisco,94102,Bay Area,37.777213,-122.432235
6103-QCKFX,United States,California,San Jose,95113,Bay Area,37.333104,-121.909856
7781-EWARA,United States,California,Los Angeles,90001,Southern California,33.958899,-118.256662
6110-OHIHY,United States,California,Los Angeles,90012,Southern California,34.065304,-118.229039
7018-FPXHH,United States,California,Los Angeles,90001,Southern California,33.972461,-118.239603
5889-LFOLL,United States,California,San Diego,92101,Southern California,32.722067,-117.150416
5708-EVONK,United States,California,Long Beach,90802,Southern California,33.759335,-118.182702
8708-XPXHZ,United States,California,Los Angeles,90012,Southern California,34.052037,-118.249566
0616-ATFGB,United States,California,San Francisco,94102,Bay Area,37.780041,-122.421885
0572-ZJKLT,United States,California,Fresno,93721,Central Valley,36.74574,-119.78179
5135-RDDQL,United States,California,San Jose,95113,Bay Area,37.341598,-121.885124
1353-LJWEM,United States,California,San Jose,95113,Bay Area,37.340204,-121.909466
1794-SWWKL,United States,California,Los Angeles,90001,Southern California,33.977916,-118.264125
6166-YIPFO,United States,California,Los Angeles,90012,Southern California,34.077566,-118.249262
7016-BPGEU,United States,California,San Francisco,94102,Bay Area,37.769854,-122.426579
6876-ADESB,United States,California,Los Angeles,90001,Southern California,33.966209,-118.249217
9332-GYWLO,United States,California,San Francisco,94102,Bay Area,37.763591,-122.405457
1963-SVUCV,United States,California,Los Angeles,90012,Southern California,34.071566,-118.219046
4184-VODJZ,United States,California,San Francisco,94110,Bay Area,37.748858,-122.412297
0220-EBGCE,United States,California,San Diego,92101,Southern California,32.717024,-117.142508
1092-WPIVQ,United States,California,Los Angeles,90001,Southern California,33.9641,-118.234174
7233-IOQNP,United States,California,San Jose,95113,Bay Area,37.314281,-121.880489
2834-JKOOW,United States,California,Los Angeles,90001,Southern California,33.960438,-118.25341
2754-VDLTR,United States,California,San Diego,92101,Southern California,32.701221,-117.147936
2400-FEQME,United States,California,San Francisco,94110,Bay Area,37.763247,-122.410149
3190-XFANI,United States,California,Los Angeles,90001,Southern California,33.957612,-118.234163
7551-DACSP,United States,California,Los Angeles,90012,Southern California,34.069774,-118.235697
4957-SREEC,United States,California,Anaheim,92805,Southern California,33.831848,-117.91226
7235-NXZCP,United States,California,Los Angeles,90001,Southern California,33.96311,-118.240514
0230-UBYPQ,United States,California,Los Angeles,90001,Southern California,33.982829,-118.260915
4923-ADWXJ,United States,California,Anaheim,92805,Southern California,33.840519,-117.93008
1763-KUAAW,United States,California,San Diego,92101,Southern California,32.711672,-117.142851
1104-TNLZA,United States,California,Anaheim,92805,Southern California,33.827262,-117.912731
5195-KPUNQ,United States,California,San Francisco,94102,Bay Area,37.780256,-122.41836
0520-FDVVT,United States,California,Anaheim,92805,Southern California,33.835783,-117.930765
3439-GVUSX,United States,California,Bakersfield,93301,Central Valley,35.390459,-119.017465
1444-VVSGW,United States,California,Los Angeles,90012,Southern California,34.074439,-118.230071
5712-PTIWW,United States,California,Long Beach,90802,Southern California,33.773864,-118.19368
5949-HGVJL,United States,California,Anaheim,92805,Southern California,33.820655,-117.900675
5203-XEHAX,United States,California,San Francisco,94110,Bay Area,37.757437,-122.405919
1635-HDGFT,United States,California,Los Angeles,90012,Southern California,34.073724,-118.244541
3315-TOTBP,United States,California,Los Angeles,90001,Southern California,33.990277,-118.247205
8050-XGRVL,United States,California,Fresno,93721,Central Valley,36.744927,-119.782972
6661-HBGWL,United States,California,San Francisco,94102,Bay Area,37.788558,-122.40254
1518-VOWAV,United States,California,San Francisco,94110,Bay Area,37.749545,-122.420051
9828-QHFBK,United States,California,Los Angeles,90001,Southern California,33.963353,-118.25091
3908-MKIMJ,United States,California,San Diego,92101,Southern California,32.715525,-117.151579
5012-YSPJJ,United States,California,San Jose,95113,Bay Area,37.319086,-121.908283
5909-ECHUI,United States,California,Los Angeles,90012,Southern California,34.062867,-118.246754
1309-BXVOQ,United States,California,Anaheim,92805,Southern California,33.819189,-117.896979
6728-VOIFY,United States,California,San Jose,95113,Bay Area,37.316975,-121.880176
9317-WZPGV,United States,California,Oakland,94612,Bay Area,37.793713,-122.284817
4891-NLUBA,United States,California,Bakersfield,93301,Central Valley,35.368974,-119.015555
2856-HYAPG,United States,California,Long Beach,90802,Southern California,33.764051,-118.178644
8969-PRHFK,United States,California,Oakland,94612,Bay Area,37.787126,-122.25474
0661-KQHNK,United States,California,Los Angeles,90012,Southern California,34.065124,-118.2419
8709-KRDVL,United States,California,Los Angeles,90001,Southern California,33.982927,-118.2489
4488-PSYCG,United States,California,Los Angeles,90012,Southern California,34.04686,-118.248842
1427-VERSM,United States,California,Los Angeles,90001,Southern California,33.986697,-118.234427
9801-NOSHQ,United States,California,San Jose,95113,Bay Area,37.323318,-121.874636
6339-YPSAH,United States,California,San Francisco,94102,Bay Area,37.779047,-122.428161
3621-CEOVK,United States,California,Bakersfield,93301,Central Valley,35.385555,-119.033603
6906-ANDWJ,United States,California,Los Angeles,90012,Southern California,34.066904,-118.221868
2159-TURXX,United States,California,Sacramento,95814,Northern California,38.583178,-121.50546
1548-FEHVL,United States,California,Los Angeles,90012,Southern California,34.070402,-118.235895
3795-CAWEX,United States,California,Los Angeles,90001,Southern California,33.972918,-118.258549
6215-NQCPY,United States,California,San Diego,92101,Southern California,32.714283,-117.142577
5647-URDKA,United States,California,San Francisco,94102,Bay Area,37.767918,-122.408924
2229-DPMBI,United States,California,Los Angeles,90001,Southern California,33.969175,-118.258636
9626-WEQRM,United States,California,Los Angeles,90012,Southern California,34.078296,-118.226123
2188-SXWVT,United States,California,Los Angeles,90001,Southern California,33.983315,-118.230177
6258-PVZWJ,United States,California,Los Angeles,90012,Southern California,34.053862,-118.224949
1094-BKOSX,United States,California,Los Angeles,90001,Southern California,33.983949,-118.233806
6969-MVBAI,United States,California,Oakland,94612,Bay Area,37.798371,-122.265528
2978-XXSOG,United States,California,San Diego,92101,Southern California,32.710684,-117.153976
2342-CKIAO,United States,California,Los Angeles,90012,Southern California,34.076141,-118.231767
6953-PBDIN,United States,California,San Francisco,94110,Bay Area,37.7362,-122.413457
3898-BSJYF,United States,California,Los Angeles,90012,Southern California,34.059345,-118.238211
3938-YFPXD,United States,California,Long Beach,90802,Southern California,33.771243,-118.188267
7696-AMHOD,United States,California,San Jose,95113,Bay Area,37.313957,-121.872718
2453-SAFNS,United States,California,Los Angeles,90012,Southern California,34.073819,-118.244241
9558-IHEZX,United States,California,Los Angeles,90001,Southern California,33.965965,-118.232795
9617-UDPEU,United States,California,San Diego,92101,Southern California,32.707245,-117.16446
6340-DACFT,United States,California,Sacramento,95814,Northern California,38.563537,-121.490439
4955-VCWBI,United States,California,Oakland,94612,Bay Area,37.79605,-122.266113
6813-GZQCG,United States,California,San Jose,95113,Bay Area,37.339117,-121.891494
7426-GSWPO,United States,California,San Diego,92101,Southern California,32.713667,-117.141609
3389-KTRXV,United States,California,San Diego,92101,Southern California,32.721202,-117.142879
3118-UHVVQ,United States,California,Los Angeles,90001,Southern California,33.96482,-118.255229
1031-IIDEO,United States,California,Oakland,94612,Bay Area,37.78484,-122.273073
5832-XKAES,United States,California,Long Beach,90802,Southern California,33.785043,-118.201531
3205-MXZRA,United States,California,Los Angeles,90001,Southern California,33.980212,-118.24223
4701-AHWMW,United States,California,Bakersfield,93301,Central Valley,35.377326,-119.02114
8317-BVKSO,United States,California,Long Beach,90802,Southern California,33.782529,-118.207609
5702-KVQRD,United States,California,Los Angeles,90012,Southern California,34.064689,-118.240145
0083-PIVIK,United States,California,Fresno,93721,Central Valley,36.740069,-119.787573
9210-IAHGH,United States,California,Los Angeles,90001,Southern California,33.97975,-118.244689
6169-PGNCD,United States,California,San Francisco,94102,Bay Area,37.760979,-122.431797
0023-XUOPT,United States,California,San Francisco,94110,Bay Area,37.757781,-122.417356
4592-IWTJI,United States,California,Los Angeles,90012,Southern California,34.063624,-118.226233
4909-JOUPP,United States,California,Bakersfield,93301,Central Valley,35.358127,-119.029335
4657-FWVFY,United States,California,San Diego,92101,Southern California,32.713746,-117.180897
2257-BOVXD,United States,California,Long Beach,90802,Southern California,33.770481,-118.195076
7729-JTEEC,United States,California,Fresno,93721,Central Valley,36.750623,-119.791725
7632-MNYOY,United States,California,San Jose,95113,Bay Area,37.33468,-121.871386
6518-LGAOV,United States,California,San Francisco,94102,Bay Area,37.762099,-122.419333
7242-QZLXF,United States,California,San Francisco,94110,Bay Area,37.737648,-122.433566
4576-CSAJH,United States,California,Oakland,94612,Bay Area,37.822736,-122.252106
1000-AJSLD,United States,California,San Francisco,94102,Bay Area,37.77546,-122.414983
9696-RMYBA,United States,California,San Diego,92101,Southern California,32.726267,-117.156903
8690-UPCZI,United States,California,Los Angeles,90012,Southern California,34.071029,-118.232787
1062-LHZOD,United States,California,Los Angeles,90001,Southern California,33.992097,-118.253743
9770-LXDBK,United States,California,Los Angeles,90001,Southern California,33.969497,-118.242079
4086-WITJG,United States,California,Sacramento,95814,Northern California,38.568657,-121.47445
8344-WFMFH,United States,California,Los Angeles,90012,Southern California,34.073712,-118.243986
9600-NAXZN,United States,California,Los Angeles,90001,Southern California,33.973722,-118.241537
8822-KNBHV,United States,California,Long Beach,90802,Southern California,33.766607,-118.181746
8404-FYDIB,United States,California,San Francisco,94110,Bay Area,37.738456,-122.396287
2791-SFVEW,United States,California,Los Angeles,90001,Southern California,33.976578,-118.261486
6457-USBER,United States,California,San Diego,92101,Southern California,32.709456,-117.164859
6762-NSODU,United States,California,Los Angeles,90001,Southern California,33.95918,-118.267605
4662-EKDPQ,United States,California,Fresno,93721,Central Valley,36.750962,-119.801447
9248-OJYKK,United States,California,San Francisco,94102,Bay Area,37.787708,-122.420778
9888-ZCUMM,United States,California,San Jose,95113,Bay Area,37.320945,-121.900557
3398-FSHON,United States,California,Los Angeles,90001,Southern California,33.977319,-118.236514
3319-DWOEP,United States,California,Fresno,93721,Central Valley,36.739259,-119.777315
1074-WVEVG,United States,California,Los Angeles,90001,Southern California,33.987362,-118.256724
9979-RGMZT,United States,California,San Francisco,94110,Bay Area,37.750827,-122.403993
6437-UDQJM,United States,California,Fresno,93721,Central Valley,36.750857,-119.791615
1226-IENZN,United States,California,Los Angeles,90012,Southern California,34.059771,-118.232885
2108-GLPQB,United States,California,San Francisco,94110,Bay Area,37.768926,-122.412569
9259-PACGQ,United States,California,Sacramento,95814,Northern California,38.586466,-121.508102
4415-IJZTP,United States,California,San Francisco,94102,Bay Area,37.777756,-122.433685
1465-VINDH,United States,California,Los Angeles,90012,Southern California,34.0706,-118.220607
5474-LAMUQ,United States,California,Bakersfield,93301,Central Valley,35.380716,-119.037821
3468-DRVQJ,United States,California,Anaheim,92805,Southern California,33.826837,-117.896948
1122-YJBCS,United States,California,Los Angeles,90001,Southern California,33.987905,-118.267473
4990-ALDGW,United States,California,San Francisco,94102,Bay Area,37.791736,-122.417655
4816-OKWNX,United States,California,San Diego,92101,Southern California,32.728638,-117.167075
3315-IKYZQ,United States,California,Los Angeles,90012,Southern California,34.041867,-118.245615
2810-FTLEM,United States,California,Long Beach,90802,Southern California,33.764809,-118.207506
4747-LCAQL,United States,California,San Francisco,94102,Bay Area,37.775954,-122.405032
3411-WLRSQ,United States,California,Los Angeles,90001,Southern California,33.982022,-118.244996
0898-XCGTF,United States,California,Los Angeles,90001,Southern California,33.988228,-118.232579
8006-PYCSW,United States,California,Los Angeles,90012,Southern California,34.07514,-118.225564
8249-THVEC,United States,California,Oakland,94612,Bay Area,37.809539,-122.268034
8722-PRFDV,United States,California,Los Angeles,90012,Southern California,34.079416,-118.232947
2164-SOQXL,United States,California,Fresno,93721,Central Valley,36.738136,-119.792713
4020-KIUDI,United States,California,Long Beach,90802,Southern California,33.768719,-118.192291
5850-BDWCY,United States,California,Sacramento,95814,Northern California,38.583557,-121.509457
2038-YSEZE,United States,California,San Francisco,94102,Bay Area,37.764859,-122.421187
0827-ITJPH,United States,California,San Francisco,94110,Bay Area,37.743933,-122.428088
8799-OXZMD,United States,California,San Jose,95113,Bay Area,37.324616,-121.900214
1925-TIBLE,United States,California,Long Beach,90802,Southern California,33.759712,-118.182878
1705-GUHPV,United States,California,San Diego,92101,Southern California,32.728785,-117.160392
4779-ZGICK,United States,California,San Francisco,94110,Bay Area,37.770699,-122.421237
0048-PIHNL,United States,California,San Diego,92101,Southern California,32.729462,-117.170731
0818-OCPZO,United States,California,San Diego,92101,Southern California,32.721253,-117.146301
3967-KXAPS,United States,California,San Jose,95113,Bay Area,37.330325,-121.885301
1447-GIQMR,United States,California,Sacramento,95814,Northern California,38.574153,-121.480036
3704-IEAXF,United States,California,San Jose,95113,Bay Area,37.330068,-121.877165
6810-VCAEX,United States,California,Long Beach,90802,Southern California,33.78655,-118.201896
0674-EYYZV,United States,California,Oakland,94612,Bay Area,37.808637,-122.265691
4480-MBMLB,United States,California,Fresno,93721,Central Valley,36.753407,-119.792427
1395-OFUWC,United States,California,San Francisco,94102,Bay Area,37.779173,-122.40694
0822-QGCXA,United States,California,Oakland,94612,Bay Area,37.822463,-122.27792
0872-NXJYS,United States,California,San Diego,92101,Southern California,32.699334,-117.161492
2832-KJCRD,United States,California,Los Angeles,90001,Southern California,33.972107,-118.257771
3588-WSTTJ,United States,California,Anaheim,92805,Southern California,33.841835,-117.928268
4075-WKNIU,United States,California,San Diego,92101,Southern California,32.722951,-117.174807
5090-EMGTC,United States,California,Anaheim,92805,Southern California,33.848339,-117.928258
2346-CZYIL,United States,California,Bakersfield,93301,Central Valley,35.371527,-119.026295
3798-EPWRR,United States,California,San Francisco,94110,Bay Area,37.747009,-122.433009
6258-NGCNG,United States,California,San Francisco,94102,Bay Area,37.788459,-122.437837
4186-ZBUEW,United States,California,Los Angeles,90001,Southern California,33.956292,-118.265388
5274-XHAKY,United States,California,Los Angeles,90001,Southern California,33.982,-118.250407
1442-BQPVU,United States,California,San Diego,92101,Southern California,32.728686,-117.168504
3978-YNKDD,United States,California,San Diego,92101,Southern California,32.734626,-117.14112
4940-KHCWD,United States,California,San Francisco,94102,Bay Area,37.795511,-122.428386
9412-ARGBX,United States,California,Oakland,94612,Bay Area,37.815407,-122.285771
1389-CXMLU,United States,California,Los Angeles,90001,Southern California,33.966205,-118.244955
9589-ABEPT,United States,California,Los Angeles,90012,Southern California,34.052449,-118.25429
9388-ZEYVT,United States,California,San Diego,92101,Southern California,32.702809,-117.17865
0305-SQECB,United States,California,Los Angeles,90001,Southern California,33.953399,-118.242564
7605-SNLQG,United States,California,Oakland,94612,Bay Area,37.812672,-122.285658
4670-TABXH,United States,California,San Francisco,94102,Bay Area,37.766615,-122.422005
5561-NWEVX,United States,California,Fresno,93721,Central Valley,36.750748,-119.780216
0064-SUDOG,United States,California,Sacramento,95814,Northern California,38.564129,-121.496593
8561-NMTBD,United States,California,Los Angeles,90001,Southern California,33.971406,-118.236913
5161-XEUVX,United States,California,Sacramento,95814,Northern California,38.567873,-121.511823
8292-FRFZQ,United States,California,Los Angeles,90001,Southern California,33.966513,-118.258828
8591-NXRCV,United States,California,Long Beach,90802,Southern California,33.760132,-118.175615
7895-VONWT,United States,California,Los Angeles,90001,Southern California,33.963314,-118.262498
4526-RMTLL,United States,California,Sacramento,95814,Northern California,38.590787,-121.488514
6253-GNHWH,United States,California,Los Angeles,90001,Southern California,33.987269,-118.251348
4566-NECEV,United States,California,Los Angeles,90001,Southern California,33.977201,-118.237735
8080-POTJR,United States,California,Sacramento,95814,Northern California,38.57432,-121.479571
6906-MPARY,United States,California,San Jose,95113,Bay Area,37.343946,-121.895816
3662-FXJFO,United States,California,San Diego,92101,Southern California,32.70897,-117.160265
8107-RZLNV,United States,California,Bakersfield,93301,Central Valley,35.36251,-118.999846
0516-OOHAR,United States,California,San Francisco,94110,Bay Area,37.73671,-122.396313
2027-CWDNU,United States,California,San Diego,92101,Southern California,32.722323,-117.173339
2737-WFVYW,United States,California,San Diego,92101,Southern California,32.72067,-117.161887
9912-OMZDS,United States,California,San Francisco,94102,Bay Area,37.759747,-122.43581
3733-ZEECP,United States,California,San Francisco,94110,Bay Area,37.761362,-122.400364
7878-RTCZG,United States,California,Los Angeles,90001,Southern California,33.985109,-118.232275
2452-MRMZF,United States,California,Anaheim,92805,Southern California,33.821397,-117.924301
2272-QAGFO,United States,California,Oakland,94612,Bay Area,37.809168,-122.273239
7103-IPXPJ,United States,California,Los Angeles,90001,Southern California,33.980848,-118.256378
4342-HFXWS,United States,California,Los Angeles,90001,Southern California,33.970817,-118.256331
3545-CNWRG,United States,California,Los Angeles,90001,Southern California,33.985154,-118.240434
1785-BPHTP,United States,California,San Jose,95113,Bay Area,37.340817,-121.886446
4989-LIXVT,United States,California,San Jose,95113,Bay Area,37.324231,-121.884627
7315-WYOAW,United States,California,Sacramento,95814,Northern California,38.596424,-121.474795
1173-XZPYF,United States,California,San Francisco,94102,Bay Area,37.776326,-122.416602
9850-OWRHQ,United States,California,San Diego,92101,Southern California,32.720632,-117.147107
3768-NLUBH,United States,California,Los Angeles,90001,Southern California,33.991183,-118.258847
8676-TRMJS,United States,California,Bakersfield,93301,Central Valley,35.377548,-119.003259
2509-TFPJU,United States,California,San Jose,95113,Bay Area,37.325346,-121.873334
9530-GRMJG,United States,California,Fresno,93721,Central Valley,36.719089,-119.776545
6898-RBTLU,United States,California,San Diego,92101,Southern California,32.699797,-117.150545
5481-NTDOH,United States,California,San Jose,95113,Bay Area,37.317465,-121.879105
2068-WWXQZ,United States,California,Los Angeles,90012,Southern California,34.066842,-118.241726
7359-SSBJK,United States,California,Los Angeles,90012,Southern California,34.066342,-118.219644
2061-VVFST,United States,California,Los Angeles,90012,Southern California,34.058378,-118.226294
0685-MLYYM,United States,California,San Jose,95113,Bay Area,37.322238,-121.906566
0749-IRGQE,United States,California,San Francisco,94102,Bay Area,37.784063,-122.420934
2380-DAMQP,United States,California,Los Angeles,90001,Southern California,33.991004,-118.258718
2256-YLYLP,United States,California,San Diego,92101,Southern California,32.712933,-117.164916
1272-ILHFG,United States,California,Los Angeles,90001,Southern California,33.978263,-118.256443
0164-XAIRP,United States,California,Long Beach,90802,Southern California,33.780019,-118.178129
5666-CYCYZ,United States,California,Los Angeles,90012,Southern California,34.07831,-118.257177
4011-ARPHK,United States,California,Long Beach,90802,Southern California,33.775783,-118.174517
8182-PNAGI,United States,California,Los Angeles,90012,Southern California,34.079636,-118.238089
6365-HITVU,United States,California,San Diego,92101,Southern California,32.723242,-117.178822
7558-IMLMT,United States,California,Los Angeles,90001,Southern California,33.977204,-118.264881
9488-FYQAU,United States,California,Sacramento,95814,Northern California,38.570962,-121.494024
3590-TCXTB,United States,California,Sacramento,95814,Northern California,38.599153,-121.490914
6994-KERXL,United States,California,San Diego,92101,Southern California,32.723698,-117.163717
7957-RYHQD,United States,California,Los Angeles,90001,Southern California,33.980937,-118.246725
2180-DXNEG,United States,California,Los Angeles,90001,Southern California,33.986556,-118.229889
1960-UOTYM,United States,California,Los Angeles,90001,Southern California,33.973906,-118.254621
2740-JFBOK,United States,California,San Jose,95113,Bay Area,37.339593,-121.906064
6500-JVEGC,United States,California,San Francisco,94102,Bay Area,37.795772,-122.436437
5515-AKOAJ,United States,California,Los Angeles,90001,Southern California,33.981865,-118.258041
8976-OQHGT,United States,California,Los Angeles,90001,Southern California,33.968033,-118.244755
5245-VDBUR,United States,California,San Diego,92101,Southern California,32.713998,-117.180271
6230-BSUXY,United States,California,Los Angeles,90001,Southern California,33.965572,-118.263778
8469-SNFFH,United States,California,Fresno,93721,Central Valley,36.754521,-119.781388
2144-ESWKO,United States,California,San Francisco,94110,Bay Area,37.743904,-122.399273
1241-FPMOF,United States,California,Los Angeles,90012,Southern California,34.076278,-118.247255
9928-BZVLZ,United States,California,Sacramento,95814,Northern California,38.597731,-121.503317
4114-QMKVN,United States,California,Oakland,94612,Bay Area,37.787451,-122.278007
2775-SEFEE,United States,California,San Francisco,94102,Bay Area,37.770297,-122.407374
9003-CPATH,United States,California,San Jose,95113,Bay Area,37.331639,-121.89354
1754-GKYPY,United States,California,Long Beach,90802,Southern California,33.764387,-118.195471
5294-CDGWY,United States,California,Sacramento,95814,Northern California,38.601421,-121.484367
7956-XQWGU,United States,California,Bakersfield,93301,Central Valley,35.371877,-119.008302
1591-MQJTP,United States,California,Sacramento,95814,Northern California,38.593023,-121.494026
5295-PCJOO,United States,California,Los Angeles,90001,Southern California,33.969138,-118.238848
2369-FEVNO,United States,California,San Jose,95113,Bay Area,37.335082,-121.892298
9863-JZAIC,United States,California,San Diego,92101,Southern California,32.732492,-117.176253
7471-MQPOS,United States,California,Bakersfield,93301,Central Valley,35.392329,-119.00538
7660-HDPJV,United States,California,Los Angeles,90001,Southern California,33.965072,-118.240869
5115-SQAAU,United States,California,Los Angeles,90001,Southern California,33.987556,-118.256193
9845-QOMAD,United States,California,Los Angeles,90001,Southern California,33.972143,-118.263211
7672-VFMXZ,United States,California,Fresno,93721,Central Valley,36.736099,-119.801348
9739-JLPQJ,United States,California,Sacramento,95814,Northern California,38.570435,-121.488564
9916-AYHTC,United States,California,Oakland,94612,Bay Area,37.785115,-122.284806
3855-ONCAR,United States,California,San Francisco,94102,Bay Area,37.77891,-122.410602
1488-SYSFC,United States,California,San Francisco,94102,Bay Area,37.79616,-122.42493
7931-PXHFC,United States,California,Los Angeles,90001,Southern California,33.967459,-118.24862
3990-QYKBE,United States,California,Sacramento,95814,Northern California,38.571887,-121.476524
0970-QXPXW,United States,California,Los Angeles,90012,Southern California,34.061374,-118.238868
3259-KNMRR,United States,California,Los Angeles,90001,Southern California,33.987223,-118.23495
6120-RJKLU,United States,California,Anaheim,92805,Southern California,33.827076,-117.915058
9572-WUKSB,United States,California,Los Angeles,90012,Southern California,34.072615,-118.241923
5893-KCLGT,United States,California,San Francisco,94110,Bay Area,37.756238,-122.431052
0076-LVEPS,United States,California,Los Angeles,90012,Southern California,34.069364,-118.220148
3640-JQGJG,United States,California,San Diego,92101,Southern California,32.717671,-117.144403
4919-MOAVT,United States,California,Los Angeles,90001,Southern California,33.957849,-118.23656
1596-OQSPS,United States,California,Los Angeles,90001,Southern California,33.969223,-118.233955
9867-XOBQA,United States,California,Los Angeles,90012,Southern California,34.063589,-118.232293
9546-KDTRB,United States,California,Los Angeles,90001,Southern California,33.990803,-118.235563
3090-HAWSU,United States,California,San Francisco,94110,Bay Area,37.737527,-122.415615
9820-RMCQV,United States,California,Bakersfield,93301,Central Valley,35.381682,-119.000722
3174-RKMOW,United States,California,Long Beach,90802,Southern California,33.758877,-118.198006
1760-CAZHT,United States,California,San Francisco,94110,Bay Area,37.733109,-122.398243
7839-QRKXN,United States,California,San Jose,95113,Bay Area,37.324786,-121.884548
8441-SHIPE,United States,California,Los Angeles,90012,Southern California,34.053359,-118.223503
5204-QZXPU,United States,California,Los Angeles,90012,Southern California,34.062063,-118.251246
4597-ELFTS,United States,California,San Francisco,94102,Bay Area,37.766271,-122.403395
1320-GVNHT,United States,California,San Diego,92101,Southern California,32.711115,-117.150517
1047-RNXZV,United States,California,Los Angeles,90001,Southern California,33.975899,-118.238336
3541-ZNUHK,United States,California,Long Beach,90802,Southern California,33.761318,-118.205216
8450-JOVAH,United States,California,Los Angeles,90012,Southern California,34.06736,-118.225949
8725-JEDFD,United States,California,Los Angeles,90001,Southern California,33.960738,-118.2655
7562-UXTPG,United States,California,Los Angeles,90001,Southern California,33.988385,-118.256864
8071-SBTRN,United States,California,Los Angeles,90012,Southern California,34.052183,-118.238775
1113-IUJYX,United States,California,Oakland,94612,Bay Area,37.810098,-122.252406
6668-CNMFP,United States,California,Los Angeles,90012,Southern California,34.055136,-118.254023
5626-MGTUK,United States,California,San Diego,92101,Southern California,32.708762,-117.166561
5681-LLOEI,United States,California,San Francisco,94102,Bay Area,37.775968,-122.420023
8212-DJRCH,United States,California,San Diego,92101,Southern California,32.699236,-117.179783
4323-OHFOW,United States,California,Los Angeles,90012,Southern California,34.053265,-118.251119
4933-BSAIP,United States,California,San Francisco,94110,Bay Area,37.756082,-122.424779
2030-BTZRO,United States,California,San Diego,92101,Southern California,32.716946,-117.143762
1116-DXXDF,United States,California,Los Angeles,90001,Southern California,33.963752,-118.253372
9274-CNFMO,United States,California,Long Beach,90802,Southern California,33.750524,-118.201063
7758-XKCBS,United States,California,Los Angeles,90001,Southern California,33.989604,-118.228144
8992-JQYUN,United States,California,Los Angeles,90012,Southern California,34.070537,-118.244508
6563-VNPMN,United States,California,San Francisco,94110,Bay Area,37.764375,-122.406311
0617-AQNWT,United States,California,Long Beach,90802,Southern California,33.775022,-118.182135
2267-WTPYD,United States,California,Anaheim,92805,Southern California,33.852475,-117.924164
0270-THENM,United States,California,San Jose,95113,Bay Area,37.321665,-121.910416
2446-PLQVO,United States,California,Los Angeles,90001,Southern California,33.969823,-118.245619
4707-MAXGU,United States,California,San Francisco,94102,Bay Area,37.782358,-122.40349
2710-WYVXG,United States,California,Los Angeles,90012,Southern California,34.060487,-118.238399
3005-NFMTA,United States,California,San Francisco,94110,Bay Area,37.757845,-122.42827
6300-BWMJX,United States,California,Bakersfield,93301,Central Valley,35.379674,-119.003575
8784-CGILN,United States,California,San Jose,95113,Bay Area,37.335661,-121.876018
5389-FFVKB,United States,California,Los Angeles,90012,Southern California,34.0589,-118.230698
7009-LGECI,United States,California,San Francisco,94110,Bay Area,37.740007,-122.424539
8444-WRIDW,United States,California,Anaheim,92805,Southern California,33.843245,-117.932516
5022-KVDQT,United States,California,San Jose,95113,Bay Area,37.331252,-121.880107
7976-CICYS,United States,California,San Francisco,94110,Bay Area,37.745932,-122.407194
1036-GUDCL,United States,California,San Jose,95113,Bay Area,37.35277,-121.902846
2005-DWQZJ,United States,California,San Jose,95113,Bay Area,37.338178,-121.889916
8148-WOCMK,United States,California,Anaheim,92805,Southern California,33.833311,-117.931173
7815-PDTHL,United States,California,Los Angeles,90012,Southern California,34.043116,-118.233861
9451-LPGOO,United States,California,Los Angeles,90001,Southern California,33.992,-118.258356
9173-IVZVP,United States,California,Los Angeles,90012,Southern California,34.076561,-118.254778
9129-UXERG,United States,California,Los Angeles,90012,Southern California,34.072199,-118.234272
3635-JBPSG,United States,California,Los Angeles,90001,Southern California,33.976757,-118.238326
7964-ZRKKG,United States,California,San Francisco,94102,Bay Area,37.774516,-122.415037
5868-YWPDW,United States,California,Fresno,93721,Central Valley,36.736622,-119.77154
6229-LSCKB,United States,California,San Francisco,94102,Bay Area,37.791647,-122.418304
2025-JKFWI,United States,California,San Francisco,94110,Bay Area,37.733648,-122.41908
4078-SAYYN,United States,California,Anaheim,92805,Southern California,33.818294,-117.895885
1724-IQWNM,United States,California,San Diego,92101,Southern California,32.728792,-117.160902
8217-QYOHV,United States,California,San Diego,92101,Southern California,32.727836,-117.159349
5546-QUERU,United States,California,San Francisco,94102,Bay Area,37.765492,-122.433528
9940-HPQPG,United States,California,San Francisco,94102,Bay Area,37.75998,-122.434129
6897-UUBNU,United States,California,San Francisco,94102,Bay Area,37.78587,-122.424986
6127-IYJOZ,United States,California,Los Angeles,90001,Southern California,33.977273,-118.236636
6618-RYATB,United States,California,San Francisco,94110,Bay Area,37.767457,-122.41864
8930-XOTDP,United States,California,Bakersfield,93301,Central Valley,35.360494,-119.028033
5916-QEWPT,United States,California,San Francisco,94102,Bay Area,37.793297,-122.407824
5060-TQUQN,United States,California,Sacramento,95814,Northern California,38.567825,-121.501851
0531-XBKMM,United States,California,Los Angeles,90001,Southern California,33.965329,-118.257976
8465-SBRXP,United States,California,Los Angeles,90012,Southern California,34.048722,-118.255971
2408-PSJVE,United States,California,San Francisco,94102,Bay Area,37.784727,-122.403841
9079-YEXQJ,United States,California,San Francisco,94110,Bay Area,37.759099,-122.397176
9700-ZCLOT,United States,California,Fresno,93721,Central Valley,36.725143,-119.803294
8738-JOKAR,United States,California,San Francisco,94102,Bay Area,37.785319,-122.415805
4534-WGCIR,United States,California,Sacramento,95814,Northern California,38.587113,-121.502925
1930-WNXSB,United States,California,Los Angeles,90001,Southern California,33.985109,-118.263466
2685-SREOM,United States,California,Fresno,93721,Central Valley,36.726537,-119.782505
3508-CFVZL,United States,California,San Diego,92101,Southern California,32.698959,-117.162106
0402-CQAJN,United States,California,Los Angeles,90001,Southern California,33.977785,-118.231627
6692-UDPJC,United States,California,Los Angeles,90001,Southern California,33.991624,-118.265737
1273-MTETI,United States,California,Sacramento,95814,Northern California,38.562623,-121.48384
0657-DOGUM,United States,California,San Diego,92101,Southern California,32.723986,-117.173876
5480-HPRRX,United States,California,Sacramento,95814,Northern California,38.583116,-121.51171
8792-AOROI,United States,California,Los Angeles,90001,Southern California,33.98717,-118.246194
0295-PPHDO,United States,California,San Francisco,94102,Bay Area,37.789053,-122.406958
5146-YYFRZ,United States,California,San Jose,95113,Bay Area,37.353667,-121.87846
1195-OIYEJ,United States,California,Los Angeles,90001,Southern California,33.953444,-118.257627
5906-CVLHP,United States,California,San Diego,92101,Southern California,32.725337,-117.161384
3452-SRFEG,United States,California,San Jose,95113,Bay Area,37.343179,-121.892612
4070-OKWVH,United States,California,Los Angeles,90001,Southern California,33.989307,-118.251141
5297-MDOIR,United States,California,Los Angeles,90001,Southern California,33.964976,-118.248657
6369-MCAKO,United States,California,Los Angeles,90012,Southern California,34.071118,-118.229617
4926-UMJZD,United States,California,San Francisco,94110,Bay Area,37.738397,-122.413579
6848-HJTXY,United States,California,San Francisco,94110,Bay Area,37.761836,-122.408159
6341-AEVKX,United States,California,Sacramento,95814,Northern California,38.586151,-121.488203
4501-EQDRN,United States,California,Los Angeles,90012,Southern California,34.066927,-118.22276
2990-HWIML,United States,California,Bakersfield,93301,Central Valley,35.383289,-119.037733
0682-USIXD,United States,California,San Diego,92101,Southern California,32.720366,-117.142129
6976-BWGLQ,United States,California,Los Angeles,90001,Southern California,33.974528,-118.255196
7078-NVFAM,United States,California,San Francisco,94102,Bay Area,37.79207,-122.435993
8065-QBYTO,United States,California,Fresno,93721,Central Valley,36.735843,-119.788998
2133-TSRRM,United States,California,Los Angeles,90012,Southern California,34.058328,-118.227011
7384-GHBPI,United States,California,San Diego,92101,Southern California,32.731567,-117.160813
7603-USHJS,United States,California,Los Angeles,90012,Southern California,34.073465,-118.235186
7234-FECYN,United States,California,Los Angeles,90001,Southern California,33.953514,-118.240476
2511-ALLCS,United States,California,San Francisco,94110,Bay Area,37.743268,-122.399962
3191-CSNMG,United States,California,San Francisco,94102,Bay Area,37.772762,-122.415817
7952-OBOYL,United States,California,Los Angeles,90012,Southern California,34.045203,-118.254297
7470-DYNOE,United States,California,Los Angeles,90001,Southern California,33.962829,-118.266918
7853-OETYL,United States,California,San Diego,92101,Southern California,32.701297,-117.149961
1545-ACTAS,United States,California,Bakersfield,93301,Central Valley,35.380307,-119.023273
5876-HZVZM,United States,California,Los Angeles,90012,Southern California,34.068533,-118.233666
1400-MMYXY,United States,California,San Francisco,94102,Bay Area,37.782695,-122.416317
5126-RCXYW,United States,California,Fresno,93721,Central Valley,36.7572,-119.782577
3085-QUOZK,United States,California,San Francisco,94110,Bay Area,37.741332,-122.432973
2363-BJLSL,United States,California,Oakland,94612,Bay Area,37.800132,-122.256234
1956-YIFGE,United States,California,Los Angeles,90012,Southern California,34.051633,-118.251846
3926-CUQZX,United States,California,Sacramento,95814,Northern California,38.589527,-121.501107
7921-LMDFQ,United States,California,Los Angeles,90001,Southern California,33.961576,-118.235789
2925-MXLSX,United States,California,San Diego,92101,Southern California,32.716401,-117.144851
5820-PTRYM,United States,California,San Francisco,94102,Bay Area,37.7647,-122.4337
9609-BENEA,United States,California,San Jose,95113,Bay Area,37.31486,-121.90442
6211-WHMYA,United States,California,Los Angeles,90012,Southern California,34.07513,-118.222073
4459-BBGHE,United States,California,Los Angeles,90012,Southern California,34.073545,-118.232215
9945-PSVIP,United States,California,Los Angeles,90001,Southern California,33.976066,-118.253215
1041-RXHRA,United States,California,Bakersfield,93301,Central Valley,35.388001,-119.025495
1750-CSKKM,United States,California,Los Angeles,90012,Southern California,34.07797,-118.226928
9108-EJFJP,United States,California,San Jose,95113,Bay Area,37.349075,-121.895481
0530-IJVDB,United States,California,San Francisco,94102,Bay Area,37.765006,-122.422932
0508-SQWPL,United States,California,Sacramento,95814,Northern California,38.599085,-121.482074
2215-ZAFGX,United States,California,Los Angeles,90001,Southern California,33.972529,-118.229245
8213-TAZPM,United States,California,Long Beach,90802,Southern California,33.785796,-118.188563
7142-HVGBG,United States,California,San Francisco,94102,Bay Area,37.781357,-122.436165
1304-SEGFY,United States,California,Long Beach,90802,Southern California,33.75949,-118.198789
7242-EDTYC,United States,California,Los Angeles,90001,Southern California,33.990008,-118.229176
2904-GGUAZ,United States,California,Oakland,94612,Bay Area,37.803901,-122.281424
8267-ZNYVZ,United States,California,San Francisco,94110,Bay Area,37.769402,-122.43064
5136-GFPMB,United States,California,Los Angeles,90001,Southern California,33.992256,-118.23295
2595-KIWPV,United States,California,Los Angeles,90012,Southern California,34.077576,-118.245233
5243-SAOTC,United States,California,Los Angeles,90001,Southern California,33.958324,-118.243193
9398-MMQTO,United States,California,San Francisco,94110,Bay Area,37.764597,-122.427642
7619-PLRLP,United States,California,Los Angeles,90001,Southern California,33.953504,-118.255473
6457-GIRWB,United States,California,Fresno,93721,Central Valley,36.721752,-119.782071
6508-NJYRO,United States,California,Los Angeles,90012,Southern California,34.074728,-118.250858
1450-SKCVI,United States,California,Los Angeles,90001,Southern California,33.990603,-118.265118
4710-NKCAW,United States,California,Los Angeles,90001,Southern California,33.992443,-118.240809
5306-BVTKJ,United States,California,San Jose,95113,Bay Area,37.322353,-121.872513
0357-NVCRI,United States,California,Bakersfield,93301,Central Valley,35.371748,-119.018344
5570-PTWEH,United States,California,Fresno,93721,Central Valley,36.72043,-119.783107
2371-KFUOG,United States,California,Oakland,94612,Bay Area,37.803393,-122.271336
0463-ZSDNT,United States,California,Los Angeles,90001,Southern California,33.955748,-118.236
6502-MJQAE,United States,California,Los Angeles,90001,Southern California,33.990498,-118.237673
6257-DTAYD,United States,California,Bakersfield,93301,Central Valley,35.372347,-119.006417
4616-ULAOA,United States,California,Long Beach,90802,Southern California,33.754733,-118.205518
7693-LCKZL,United States,California,Los Angeles,90001,Southern California,33.991905,-118.243114
7746-AWNQW,United States,California,Oakland,94612,Bay Area,37.815239,-122.258912
5996-EBTKM,United States,California,San Francisco,94102,Bay Area,37.791504,-122.424049
2758-RNWXS,United States,California,Los Angeles,90012,Southern California,34.078234,-118.235406
2314-TNDJQ,United States,California,Oakland,94612,Bay Area,37.80877,-122.257494
2405-LBMUW,United States,California,Los Angeles,90001,Southern California,33.985695,-118.249868
3454-JFUBC,United States,California,Los Angeles,90012,Southern California,34.04643,-118.239078
0032-PGELS,United States,California,Los Angeles,90012,Southern California,34.072184,-118.248336
9039-ZVJDC,United States,California,Los Angeles,90001,Southern California,33.967171,-118.264306
6797-LNAQX,United States,California,Los Angeles,90001,Southern California,33.979417,-118.246565
9013-AQORL,United States,California,Los Angeles,90012,Southern California,34.046603,-118.227757
2898-MRKPI,United States,California,San Diego,92101,Southern California,32.705277,-117.164566
2750-BJLSB,United States,California,Los Angeles,90001,Southern California,33.973162,-118.228917
3648-GZPHF,United States,California,San Jose,95113,Bay Area,37.338044,-121.905903
2075-RMJIK,United States,California,Los Angeles,90012,Southern California,34.056587,-118.257885
9588-YRFHY,United States,California,San Francisco,94102,Bay Area,37.796378,-122.43809
6394-MFYNG,United States,California,Bakersfield,93301,Central Valley,35.389855,-119.010508
1564-NTYXF,United States,California,San Francisco,94110,Bay Area,37.731663,-122.39907
9364-YKUVW,United States,California,San Jose,95113,Bay Area,37.328995,-121.874417
5392-AKEMH,United States,California,San Francisco,94110,Bay Area,37.764921,-122.431809
2451-YMUXS,United States,California,Bakersfield,93301,Central Valley,35.369994,-119.02637
3914-FDRHP,United States,California,Long Beach,90802,Southern California,33.777095,-118.18813
3078-ZKNTS,United States,California,Los Angeles,90001,Southern California,33.978647,-118.259838
1024-KPRBB,United States,California,Los Angeles,90001,Southern California,33.958484,-118.231498
4690-PKDQG,United States,California,Los Angeles,90001,Southern California,33.972994,-118.232506
8155-IBNHG,United States,California,Los Angeles,90001,Southern California,33.978612,-118.228135
0886-QGENL,United States,California,Anaheim,92805,Southern California,33.846664,-117.908036
9547-ITEFG,United States,California,San Diego,92101,Southern California,32.720939,-117.166213
1264-FUHCX,United States,California,Los Angeles,90001,Southern California,33.989681,-118.228278
7789-CRUVC,United States,California,Los Angeles,90001,Southern California,33.967919,-118.229077
6598-KELSS,United States,California,Los Angeles,90001,Southern California,33.988873,-118.261357
8739-WWKDU,United States,California,Los Angeles,90001,Southern California,33.966146,-118.244641
8685-WHQPW,United States,California,Los Angeles,90012,Southern California,34.055961,-118.250097
4745-LSPLO,United States,California,San Francisco,94102,Bay Area,37.767594,-122.401684
8083-YTZES,United States,California,San Diego,92101,Southern California,32.696408,-117.144201
7240-FQLHE,United States,California,Los Angeles,90012,Southern California,34.063425,-118.231316
6664-FPDAC,United States,California,Los Angeles,90012,Southern California,34.045063,-118.22222
9972-VAFJJ,United States,California,Anaheim,92805,Southern California,33.828087,-117.918095
0422-UXFAP,United States,California,Sacramento,95814,Northern California,38.568384,-121.492708
1904-WAJAA,United States,California,San Francisco,94102,Bay Area,37.770252,-122.436488
5130-YPIRV,United States,California,Los Angeles,90012,Southern California,34.060626,-118.256852
2843-CQMEG,United States,California,Los Angeles,90012,Southern California,34.064162,-118.226427
6439-PKTRR,United States,California,Los Angeles,90001,Southern California,33.969626,-118.266217
5351-QESIO,United States,California,Oakland,94612,Bay Area,37.808847,-122.2821
0786-VSSUD,United States,California,Los Angeles,90001,Southern California,33.966678,-118.238877
5568-DMXZS,United States,California,San Francisco,94102,Bay Area,37.782416,-122.407721
8468-FZTOE,United States,California,Long Beach,90802,Southern California,33.754703,-118.207967
6633-SYEUS,United States,California,Fresno,93721,Central Valley,36.722957,-119.774127
6447-GORXK,United States,California,Los Angeles,90001,Southern California,33.974855,-118.261168
6967-PEJLL,United States,California,San Diego,92101,Southern California,32.717146,-117.177506
3976-BWUCK,United States,California,San Francisco,94102,Bay Area,37.786853,-122.404291
5981-ZVXOT,United States,California,San Francisco,94102,Bay Area,37.774324,-122.40063
1684-FLBGS,United States,California,San Francisco,94102,Bay Area,37.790403,-122.411936
1389-WNUIB,United States,California,San Francisco,94110,Bay Area,37.75844,-122.400761
0376-OIWME,United States,California,Sacramento,95814,Northern California,38.599935,-121.493187
3585-ISXZP,United States,California,San Diego,92101,Southern California,32.711418,-117.145387
0218-QNVAS,United States,California,Los Angeles,90001,Southern California,33.988386,-118.241797
6583-QGCSI,United States,California,Anaheim,92805,Southern California,33.835455,-117.909963
0804-YGEQV,United States,California,Los Angeles,90001,Southern California,33.970796,-118.262821
7164-BPTUT,United States,California,San Jose,95113,Bay Area,37.31939,-121.907283
4174-LPGTI,United States,California,San Diego,92101,Southern California,32.697782,-117.152884
2523-EWWZL,United States,California,Los Angeles,90012,Southern California,34.059645,-118.239753
0928-XUTSN,United States,California,Fresno,93721,Central Valley,36.744979,-119.795959
2108-XWMPY,United States,California,San Francisco,94102,Bay Area,37.780895,-122.422763
0052-YNYOT,United States,California,San Francisco,94102,Bay Area,37.78588,-122.411945
6304-IJFSQ,United States,California,San Francisco,94102,Bay Area,37.761344,-122.439086
9586-JGQKH,United States,California,Los Angeles,90001,Southern California,33.955684,-118.264833
4501-VCPFK,United States,California,Los Angeles,90001,Southern California,33.957407,-118.263623
6075-SLNIL,United States,California,Fresno,93721,Central Valley,36.744911,-119.772802
9347-AERRL,United States,California,Los Angeles,90001,Southern California,33.989073,-118.232362
0093-XWZFY,United States,California,Fresno,93721,Central Valley,36.74442,-119.787189
2274-XUATA,United States,California,Los Angeles,90012,Southern California,34.078127,-118.23707
1980-KXVPM,United States,California,San Francisco,94102,Bay Area,37.768021,-122.405693
7703-ZEKEF,United States,California,San Diego,92101,Southern California,32.722002,-117.150604
0723-DRCLG,United States,California,Los Angeles,90012,Southern California,34.063555,-118.230881
5482-NUPNA,United States,California,San Francisco,94110,Bay Area,37.750416,-122.402091
6691-CCIHA,United States,California,Los Angeles,90012,Southern California,34.067867,-118.257749
1685-BQULA,United States,California,Los Angeles,90012,Southern California,34.081295,-118.258159
9053-EJUNL,United States,California,Los Angeles,90001,Southern California,33.966984,-118.251292
0666-UXTJO,United States,California,San Diego,92101,Southern California,32.702159,-117.170546
1471-GIQKQ,United States,California,Los Angeles,90012,Southern California,34.048304,-118.254999
4807-IZYOZ,United States,California,Los Angeles,90012,Southern California,34.078567,-118.220224
1122-JWTJW,United States,California,Los Angeles,90012,Southern California,34.048897,-118.224483
9710-NJERN,United States,California,Los Angeles,90001,Southern California,33.96762,-118.236273
9837-FWLCH,United States,California,Fresno,93721,Central Valley,36.742261,-119.779923
1699-HPSBG,United States,California,San Francisco,94110,Bay Area,37.751065,-122.423452
7203-OYKCT,United States,California,San Francisco,94110,Bay Area,37.746245,-122.425951
1035-IPQPU,United States,California,Los Angeles,90001,Southern California,33.98476,-118.265108
7398-LXGYX,United States,California,Los Angeles,90012,Southern California,34.060665,-118.225749
2823-LKABH,United States,California,Sacramento,95814,Northern California,38.596044,-121.491946
8775-CEBBJ,United States,California,Los Angeles,90012,Southern California,34.058958,-118.252812
0550-DCXLH,United States,California,San Diego,92101,Southern California,32.696626,-117.176295
9281-CEDRU,United States,California,Los Angeles,90001,Southern California,33.975707,-118.263479
2235-DWLJU,United States,California,San Diego,92101,Southern California,32.704742,-117.175138
0871-OPBXW,United States,California,Los Angeles,90012,Southern California,34.055096,-118.240029
3605-JISKB,United States,California,San Jose,95113,Bay Area,37.335777,-121.910133
6894-LFHLY,United States,California,San Francisco,94110,Bay Area,37.745402,-122.428431
9767-FFLEM,United States,California,San Francisco,94102,Bay Area,37.771871,-122.428536
0639-TSIQW,United States,California,Los Angeles,90012,Southern California,34.077463,-118.237253
8456-QDAVC,United States,California,Los Angeles,90012,Southern California,34.05641,-118.238855
7750-EYXWZ,United States,California,Los Angeles,90012,Southern California,34.06931,-118.227423
2569-WGERO,United States,California,Los Angeles,90001,Southern California,33.963699,-118.263669
6840-RESVB,United States,California,Los Angeles,90001,Southern California,33.978067,-118.232013
2234-XADUH,United States,California,Anaheim,92805,Southern California,33.841884,-117.903721
4801-JZAZL,United States,California,San Francisco,94102,Bay Area,37.765768,-122.418338
8361-LTMKD,United States,California,Los Angeles,90012,Southern California,34.059027,-118.227861
3186-AJIEK,United States,California,Los Angeles,90001,Southern California,33.955225,-118.237684
